order_category,order_value,item_value,quantity,time_to_return_request_hours,refund_amount,return_reason,returned_item_match,item_condition_score,package_weight_delta_pct,vision_confidence_score,account_age_days,lifetime_order_count,lifetime_return_count,total_spent,return_rate,return_velocity_30d,return_velocity_48h,shared_device_count,shared_address_count,shared_payment_fingerprint_count,device_return_velocity_7d,address_return_velocity_7d,payment_return_velocity_7d,cluster_return_velocity_7d
Electronics,65.74,7.69,1,401.36,6.8,Changed mind,True,0.8486654955081911,3.3033539347781273,0.9647943229046585,419,66,8,514.33,0.12121212121212122,1,0,3,4,2,0,0,0,0
Electronics,509.83,55.82,1,49.37,49.21,Not as expected,True,0.443,1.8905232649091985,0.762,241,64,6,218.44,0.09375,0,0,1,2,2,0,0,0,0
Electronics,292.0,292.0,1,172.35,274.46,Changed mind,True,0.94068216050112,6.785373876076797,0.9418826027316757,1348,42,5,321.84,0.11904761904761904,0,0,2,2,1,0,0,0,0
Beauty,47.55,6.81,1,69.22,5.95,Not as expected,True,0.9077974589056174,4.812159120549503,0.9598970964317274,3,95,11,116.74,0.11578947368421053,10,0,3,2,1,1,1,1,1
Apparel,382.27,74.39,1,127.71,64.32,Wrong size,True,0.8323249104080488,8.080993198400657,0.856912533531498,2,46,7,1187.92,0.15217391304347827,6,0,2,1,3,1,1,1,1
Sports,369.75,259.09,1,562.76,247.47,Changed mind,True,0.9947557538894422,4.775774361481444,0.9041821040191614,669,80,11,81.95,0.1375,0,0,3,3,3,0,0,0,0
Electronics,126.43,21.1,1,619.39,20.22,Wrong size,True,0.946681566867827,4.256048284988726,0.9209856237623913,478,43,8,280.6,0.18604651162790697,1,0,1,4,2,0,0,0,0
Other,239.63,13.52,1,686.38,13.42,Not as expected,True,0.9303535000158144,8.068289022029115,0.8642238489251036,0,26,1,733.33,0.038461538461538464,1,1,3,1,3,1,1,1,1
Beauty,404.64,57.99,1,632.7,31.99,Changed mind,False,0.8807450904138541,42.61,0.371,1,73,14,371.22,0.1917808219178082,10,0,1,7,2,1,6,1,6
Luxury,155.31,21.4,1,566.5,18.32,Not as expected,True,0.8033361411764294,3.002996343899432,0.892905397028158,1363,53,45,400.24,0.8490566037735849,5,0,12,12,12,7,7,7,7
Books,717.11,717.11,1,125.22,714.59,Wrong size,True,0.9753056496282464,0.8297458812204794,0.9133408889514627,630,31,3,225.82,0.0967741935483871,0,0,2,6,3,0,0,0,0
Other,103.67,32.0,1,107.75,30.05,Not as expected,True,0.8036468280579355,5.0470617490950795,0.9183754572054744,969,34,1,462.93,0.029411764705882353,0,0,1,2,1,0,0,0,0
Apparel,1203.32,118.06,1,1.68,108.87,Wrong size,True,0.9454311289921113,1.9891522590227118,0.8781918755430065,1,73,14,371.22,0.1917808219178082,10,0,1,7,2,1,6,1,6
Luxury,311.27,311.27,1,393.93,279.18,Changed mind,True,0.9139993731333547,9.65509056877941,0.935887133572949,602,70,4,2826.56,0.05714285714285714,1,0,2,2,2,0,0,0,0
Electronics,288.3,288.3,1,1420.7087417853,278.83,Wrong size,True,0.708,5.955060586442266,0.765,392,64,42,717.44,0.65625,36,0,4,1,1,3,3,3,3
Luxury,88.37,88.37,1,316.8,75.56,Not as expected,True,0.9358486819170444,1.874005460412902,0.8685970252551619,1094,15,1,142.57,0.06666666666666667,0,0,1,2,2,0,0,0,0
Luxury,69.48,69.48,1,59.64,59.82,Changed mind,True,0.9218736393572506,9.009687767939214,0.8812058404758171,1202,27,3,453.37,0.1111111111111111,0,0,1,2,1,0,0,0,0
Beauty,203.34,99.73,1,329.4,93.53,Wrong size,True,0.8540717031220408,4.681689826442353,0.9381661207054175,484,61,54,1514.7,0.8852459016393442,11,0,12,12,12,7,7,7,7
Other,362.87,205.98,1,338.76,203.08,Not as expected,True,0.9827500068324451,0.7048770354315526,0.9820744277743966,667,66,7,151.56,0.10606060606060606,1,0,1,3,1,0,1,0,1
Books,529.59,437.22,1,606.88,422.01,Changed mind,True,0.8585070596311961,7.779276053166008,0.894838002608617,1207,90,8,365.12,0.08888888888888889,0,0,1,1,3,0,0,0,0
Other,296.74,165.72,1,604.32,151.86,Not as expected,True,0.9151374207775993,5.881285699351403,0.997469911505015,258,80,7,1089.05,0.0875,1,0,1,2,2,0,0,0,0
Sports,179.87,25.11,1,679.81,22.78,Changed mind,True,0.9642083895037976,5.734669780662101,0.923516774150039,156,84,14,194.7,0.16666666666666666,1,0,1,2,2,0,0,0,0
Apparel,130.33,130.33,1,639.59,112.87,Not as expected,True,0.9058948531119917,4.795367273014354,0.8780473433960017,1315,81,9,333.07,0.1111111111111111,0,0,3,3,1,2,0,0,2
Books,162.91,27.34,1,84.75,18.64,Changed mind,False,0.981434759382797,55.46,0.156,7,73,10,435.74,0.136986301369863,10,0,4,7,1,0,0,0,0
Apparel,276.22,61.62,1,40.38,58.62,Changed mind,True,0.483,1.7219716233060056,0.797,151,72,5,267.48,0.06944444444444445,0,0,3,2,5,0,0,0,0
Home,230.26,64.99,1,519.14,57.67,Changed mind,True,0.9609504243533724,9.676884316954014,0.8914651510720492,1488,97,5,229.45,0.05154639175257732,0,0,2,4,4,0,0,0,0
Beauty,344.55,339.65,1,285.97665848619664,320.91,Wrong size,True,0.918,9.265471305928925,0.806,77,70,46,297.98,0.6571428571428571,41,4,1,6,3,12,12,12,12
Electronics,56.73,3.53,1,163.08,3.29,Not as expected,True,0.8044636506553859,8.510319052030773,0.9086592494469274,1,72,11,810.02,0.1527777777777778,10,0,4,3,3,1,0,0,1
Home,1291.2,97.29,1,4.33,92.58,Wrong size,True,0.8936047549748172,8.906642130848596,0.9221244183757484,7,44,4,473.92,0.09090909090909091,2,0,2,3,1,0,0,0,0
Beauty,343.26,154.37,1,345.09,132.76,Not as expected,True,0.8344153951388318,1.6056803726676139,0.9545483044706297,5,93,13,333.64,0.13978494623655913,11,0,4,4,1,0,0,0,0
Electronics,156.22,156.22,1,301.86,148.13,Changed mind,True,0.9160570402178845,9.27684884391477,0.857147768258342,521,72,7,1230.34,0.09722222222222222,0,0,1,1,4,0,0,0,0
Luxury,479.97,479.97,1,340.03,471.12,Changed mind,True,0.9770423984701135,6.978101915702792,0.8941908155469337,1261,76,11,267.96,0.14473684210526316,1,0,1,3,1,0,0,0,0
Home,242.19,205.12,1,626.33,202.54,Wrong size,True,0.9170927969559194,8.85227925300008,0.9731507389497589,1279,49,32,570.23,0.6530612244897959,26,3,2,1,1,7,7,7,7
Beauty,438.96,438.96,1,697.75,390.09,Not as expected,True,0.9215025559358545,7.140523416067128,0.8797743285709037,637,99,12,512.67,0.12121212121212122,1,0,2,2,3,3,0,0,3
Beauty,265.89,265.89,1,525.78,234.52,Wrong size,True,0.8753981936071228,2.960485511996299,0.9865517244647214,1111,24,4,1610.08,0.16666666666666666,0,0,2,2,4,0,0,0,0
Beauty,740.42,595.19,1,261.95,577.6,Wrong size,True,0.8091569206892025,4.217428166128911,0.905809160135379,0,31,7,341.05,0.22580645161290322,6,0,2,2,6,0,0,2,2
Other,160.82,125.46,1,611.91,106.7,Not as expected,True,0.9946170343821239,2.5734286341644497,0.8897729213374447,187,95,7,280.34,0.07368421052631578,0,0,2,3,2,0,0,0,0
Other,107.55,107.55,1,256.21,104.57,Changed mind,True,0.8248552172159681,2.9501942570524076,0.9407594737070399,759,9,2,206.16,0.2222222222222222,0,0,2,5,3,0,0,0,0
Home,46.65,37.32,1,185.62,35.28,Changed mind,True,0.9170566751571582,9.221469772293556,0.986679995959534,2,59,8,300.47,0.13559322033898305,4,0,2,3,2,1,1,1,1
Other,335.66,63.47,1,711.39,54.98,Changed mind,True,0.9400817246383937,8.14482876205258,0.9758815588133277,5,49,4,120.79,0.08163265306122448,2,0,2,4,1,0,1,0,1
Other,81.68,61.85,1,150.44,61.08,Not as expected,True,0.8742776142260007,4.850026259730502,0.9606769448362364,6,66,12,347.66,0.18181818181818182,9,0,2,2,1,0,0,0,0
Apparel,157.38,32.69,1,363.23,31.93,Wrong size,True,0.9537026053858102,5.921598100321588,0.8819260439510659,1292,81,11,109.79,0.13580246913580246,0,0,1,5,2,0,0,0,0
Books,171.65,31.81,1,639.0,27.54,Wrong size,True,0.8550053592451017,0.8306953714286236,0.9208415692897356,7,62,5,651.78,0.08064516129032258,4,0,2,3,2,1,1,1,1
Electronics,284.55,0.9,1,102.26,0.9,Wrong size,True,0.993615841304806,1.435024591759816,0.9490545003061849,842,100,14,576.84,0.14,0,0,1,3,3,0,1,0,1
Sports,514.74,112.94,1,359.08,97.42,Not as expected,True,0.9599236574457151,1.9185967738743726,0.9584027109954252,996,46,4,1215.3,0.08695652173913043,0,0,2,3,3,0,0,0,0
Beauty,428.22,75.18,1,649.54,67.31,Changed mind,True,0.8062984404596067,9.91511266815694,0.8615371225508222,132,93,10,119.4,0.10752688172043011,0,0,3,1,2,2,0,0,2
Beauty,260.68,54.1,1,228.67,46.43,Wrong size,True,0.8756696092936954,2.812888378809869,0.9185634014689763,1,83,10,262.39,0.12048192771084337,8,0,1,4,1,4,4,4,4
Apparel,216.07,5.88,1,484.69,5.8,Changed mind,True,0.850231073035326,6.499105872323939,0.9172037435512418,1286,48,3,2667.03,0.0625,0,0,2,3,4,0,0,0,0
Apparel,169.13,148.89,1,587.12,147.9,Changed mind,True,0.8311480967511028,4.749300277786402,0.9600996110558524,499,69,9,295.68,0.13043478260869565,1,0,1,1,1,0,0,0,0
Luxury,326.71,66.1,1,556.95,64.72,Changed mind,True,0.8865102939611667,5.627531535050558,0.9954762875186056,1096,34,30,119.36,0.8823529411764706,7,0,12,12,12,7,7,7,7
Sports,145.36,145.36,1,8048.9741790647095,140.94,Not as expected,True,0.745,7.238223225093822,0.741,405,31,21,2083.43,0.6774193548387096,16,0,3,5,2,5,6,5,6
Electronics,514.64,323.47,1,335.23,309.55,Changed mind,True,0.899501492064449,1.246541004976759,0.9211163911135678,119,85,10,334.68,0.11764705882352941,1,0,3,3,3,0,0,3,3
Sports,153.05,130.51,1,533.55,130.04,Not as expected,True,0.9592006771213616,4.871759867256866,0.8790044980637566,1377,88,5,285.97,0.056818181818181816,0,0,2,3,1,0,0,0,0
Other,165.17,147.13,1,273.91,136.9,Changed mind,True,0.8643359518355068,1.9619580603134668,0.8969464042574884,1263,62,5,244.81,0.08064516129032258,0,0,1,2,1,0,0,0,0
Electronics,36.93,15.01,1,204.16,13.53,Changed mind,True,0.8857919220140271,0.37293827964254844,0.9888584702295924,1122,41,7,215.41,0.17073170731707318,0,0,1,3,1,0,0,0,0
Books,107.29,107.29,1,19365.186194823294,99.75,Not as expected,True,0.675,4.1877551516090294,0.751,1198,86,56,1076.1,0.6511627906976745,51,2,1,3,2,6,7,7,7
Sports,114.46,114.46,1,642.93,107.22,Wrong size,True,0.8515767597441466,6.079819925585543,0.9742254508524285,962,100,8,590.45,0.08,0,0,1,3,3,0,0,0,0
Other,160.01,44.68,1,100.56,40.24,Wrong size,True,0.9469046535034599,0.5600804034787565,0.9400928571214647,261,43,6,164.71,0.13953488372093023,0,0,2,4,2,0,0,0,0
Sports,195.54,60.62,1,246.67,35.8,Wrong size,False,0.9584873815430006,71.64,0.386,6,49,8,316.38,0.16326530612244897,6,0,2,3,2,0,0,0,0
Other,261.69,5.83,1,19740.20710685068,5.49,Not as expected,True,0.718,0.7857894085045358,0.722,707,94,62,222.85,0.6595744680851063,54,5,1,3,1,10,10,10,10
Beauty,435.1,435.1,1,208.06,393.86,Wrong size,True,0.9476923623160616,8.330728810410106,0.9367077230549951,1,48,5,642.21,0.10416666666666667,4,0,1,3,3,0,0,1,1
Other,41.45,41.45,1,198.11,36.41,Wrong size,True,0.9800493605412167,6.5705465908607605,0.9711771957596822,751,37,2,1149.24,0.05405405405405406,0,0,2,4,2,0,0,0,0
Books,237.49,237.49,1,591.32,213.28,Changed mind,True,0.9850972933836109,2.705201273885791,0.9632327829096421,3,100,16,325.07,0.16,13,0,3,6,2,2,3,2,3
Luxury,156.04,156.04,1,564.74,147.36,Not as expected,True,0.9806572462495884,8.37938498972039,0.9641509544385268,871,3,1,32.11,0.3333333333333333,0,0,3,2,1,1,0,0,1
Beauty,104.9,104.9,1,562.15,97.17,Wrong size,True,0.8032141279395916,5.675784959873948,0.9809180510218148,508,86,76,550.63,0.8837209302325582,13,0,12,12,12,7,7,7,7
Luxury,55.46,55.46,1,200.08,49.92,Not as expected,True,0.9643340804645852,8.402764637713362,0.9368466184734734,1171,97,7,48.18,0.07216494845360824,0,0,2,4,3,0,0,0,0
Sports,100.45,100.45,1,249.83,96.38,Changed mind,True,0.9695221598134538,9.804947698926583,0.9823307090592741,60,17,2,307.42,0.11764705882352941,0,0,4,6,2,0,1,0,1
Other,91.97,79.96,1,273.49,71.38,Wrong size,True,0.9414088367876366,9.690065864579292,0.9784263800232156,893,71,6,75.83,0.08450704225352113,0,0,1,5,1,0,0,0,0
Sports,124.1,98.67,1,17974.52622142075,97.27,Changed mind,True,0.77,3.8262384363962543,0.747,1426,73,48,162.72,0.6575342465753424,43,6,3,5,1,14,14,14,14
Other,225.66,31.62,1,352.87,31.14,Wrong size,True,0.8234481230052696,8.676304743089753,0.9177776791168599,640,55,7,571.24,0.12727272727272726,1,0,1,4,2,0,0,0,0
Apparel,632.82,3.78,1,563.01,3.22,Wrong size,True,0.8952103150509035,9.689667997264483,0.9567477021389771,156,84,14,194.7,0.16666666666666666,1,0,1,2,2,0,0,0,0
Beauty,517.24,517.24,1,524.63,459.97,Wrong size,True,0.8034645115815492,6.736980406651005,0.8663196223321008,1473,30,1,285.83,0.03333333333333333,0,0,1,1,4,0,0,0,0
Books,179.6,81.23,1,105.26,76.6,Wrong size,True,0.9348938168525752,2.9524822178617747,0.9603541422935342,1,63,4,574.34,0.06349206349206349,4,0,3,2,2,0,0,0,0
Books,184.04,38.73,1,61.26,35.58,Wrong size,True,0.9036882886828903,2.4929999648397407,0.9988964052062316,908,100,11,632.8,0.11,0,0,3,2,1,0,0,0,0
Apparel,260.47,260.47,1,373.51,251.74,Not as expected,True,0.9655525940419284,8.353250393648407,0.9635483635680845,797,41,2,245.27,0.04878048780487805,0,0,2,4,3,0,0,0,0
Books,260.54,201.54,1,433.59,199.57,Not as expected,True,0.8547074293736213,9.692504212881815,0.8817091893734439,4,86,11,687.86,0.12790697674418605,8,0,1,4,2,1,2,1,2
Home,184.8,184.8,1,205.32,171.28,Changed mind,True,0.9873934174936019,5.502196549687444,0.9029246414669388,104,39,5,350.29,0.1282051282051282,2,0,1,1,4,0,0,0,0
Electronics,148.57,0.47,1,465.68,0.47,Wrong size,True,0.9217869828071982,6.480430793507259,0.9688587233375422,940,81,10,290.99,0.12345679012345678,0,0,3,2,1,1,0,0,1
Other,184.31,69.48,1,609.08,63.83,Wrong size,True,0.968495617248489,5.039673949620282,0.956444805146042,168,40,2,521.73,0.05,0,0,1,2,4,0,0,0,0
Sports,68.07,6.85,1,346.21,6.19,Changed mind,True,0.8229546458696984,3.176490562957135,0.9097397784149721,1167,44,39,315.74,0.8863636363636364,9,0,12,12,12,7,7,7,7
Sports,138.37,138.37,1,471.08,129.69,Wrong size,True,0.9051746883928342,9.9449851196303,0.8529223188528421,607,99,10,1140.68,0.10101010101010101,0,0,2,2,2,0,0,1,1
Luxury,189.52,189.52,1,640.57,172.79,Not as expected,True,0.8577755721340437,8.838859884102979,0.9866444396784289,6,94,16,176.45,0.1702127659574468,14,0,5,3,3,3,3,3,3
Sports,433.17,433.17,1,557.1,413.27,Wrong size,True,0.8308075030158747,7.840520354457624,0.9498791244581114,3,28,1,169.0,0.03571428571428571,1,0,1,3,2,0,0,0,0
Home,102.0,37.91,1,558.81,37.36,Not as expected,True,0.997616970797484,0.23833662042155312,0.8929476060857304,199,83,9,208.58,0.10843373493975904,0,0,3,3,3,0,0,0,0
Luxury,401.26,359.35,1,78.51,355.25,Not as expected,True,0.9608585603460752,5.987225983538909,0.8608615325686718,842,100,14,576.84,0.14,0,0,1,3,3,0,1,0,1
Apparel,152.43,22.21,1,657.07,19.3,Wrong size,True,0.9925137521421321,7.814470744932444,0.8876397275230252,3,39,4,1263.27,0.10256410256410256,3,0,2,4,3,0,0,0,0
Electronics,383.2,30.58,1,496.64,27.64,Not as expected,True,0.9696815851936398,6.343035452965017,0.8665601270113323,1198,92,6,56.54,0.06521739130434782,0,0,2,3,1,0,0,0,0
Electronics,569.6,128.22,1,18.1,116.69,Wrong size,True,0.321,4.122213810287855,0.604,1357,99,14,795.58,0.1414141414141414,0,0,2,2,1,0,0,0,0
Sports,180.98,180.98,1,455.28,180.78,Wrong size,True,0.9902976909710438,6.52570299780683,0.8502526255996392,194,35,4,111.79,0.11428571428571428,0,0,1,3,2,0,0,0,0
Sports,167.54,43.78,1,500.93,37.83,Not as expected,True,0.8896691740021598,1.4236175285727337,0.8681853016437352,270,87,7,398.09,0.08045977011494253,0,0,1,5,2,0,0,0,0
Other,70.73,70.73,1,152.93,69.26,Changed mind,True,0.8958827190807593,5.087336283143291,0.8582053764397249,5,52,6,283.28,0.11538461538461539,5,0,2,2,3,0,0,3,3
Sports,245.69,245.69,1,180.22,238.65,Changed mind,True,0.9386748650708184,1.2108142622765816,0.9632113365248606,1328,52,2,1379.45,0.038461538461538464,0,0,2,3,1,0,0,0,0
Books,147.74,147.74,1,2164.3700018530294,141.14,Changed mind,True,0.731,0.5881682497494856,0.782,1198,86,56,1076.1,0.6511627906976745,51,2,1,3,2,6,7,7,7
Luxury,100.38,3.53,1,164.02,3.31,Not as expected,True,0.9686498996572881,1.5163176467644568,0.8730635640132838,241,66,7,209.35,0.10606060606060606,0,0,1,4,1,0,0,0,0
Luxury,171.03,65.15,1,387.97,62.83,Wrong size,True,0.9112171006177913,4.694119642112166,0.997000478962285,0,91,13,1153.19,0.14285714285714285,9,0,1,1,1,1,1,1,1
Luxury,382.53,243.07,1,661.09,213.56,Wrong size,True,0.9034969719677034,1.9783197894276516,0.9063248153737953,1,83,10,262.39,0.12048192771084337,8,0,1,4,1,4,4,4,4
Home,316.49,316.49,1,91.24,314.04,Not as expected,True,0.9674645332043839,2.7479210353807284,0.9092608295757801,3,94,11,146.86,0.11702127659574468,10,0,1,3,4,3,3,3,3
Home,44.7,44.7,1,243.75,43.46,Wrong size,True,0.8286181096863152,1.8622412779300734,0.9240460937671086,963,44,8,861.97,0.18181818181818182,0,0,1,4,1,0,2,0,2
Beauty,151.85,105.9,1,465.22,96.43,Wrong size,True,0.9813347388797045,3.660954133730099,0.925209382226927,1285,99,8,569.44,0.08080808080808081,0,0,3,2,1,0,0,0,0
Books,125.48,125.48,1,523.76,121.4,Wrong size,True,0.9613804785183945,1.6704518004732594,0.9818141168965361,1174,92,8,447.58,0.08695652173913043,0,0,3,2,2,0,0,0,0
Apparel,246.69,246.69,1,392.69,244.65,Not as expected,True,0.9031807092494268,9.116873618557818,0.9205387781370866,182,100,8,273.11,0.08,2,0,2,2,3,0,0,0,0
Luxury,254.01,254.01,1,423.77,247.45,Wrong size,True,0.8558632709652845,4.774892812308428,0.8951911497174816,484,61,54,1514.7,0.8852459016393442,11,0,12,12,12,7,7,7,7
Beauty,61.84,61.84,1,348.07,52.76,Not as expected,True,0.9604267747408142,2.4466895789193277,0.9655283759347157,929,45,5,361.78,0.1111111111111111,0,0,2,2,2,0,0,0,0
Home,93.17,93.17,1,132.44,79.4,Changed mind,True,0.8561520307558879,9.438921447250276,0.8567767554290564,442,79,9,127.79,0.11392405063291139,0,0,2,2,3,0,1,0,1
Electronics,204.14,204.14,1,500.37,180.37,Wrong size,True,0.8270967746836972,1.718318649130608,0.8752088068032264,7,12,2,275.25,0.16666666666666666,1,0,3,3,2,0,3,0,3
Books,54.43,54.43,1,289.95,50.81,Changed mind,True,0.9240412993005628,4.481806232544824,0.9627468640808153,811,63,8,584.44,0.12698412698412698,0,0,3,1,1,0,0,0,0
Beauty,100.78,63.75,1,657.83,62.56,Not as expected,True,0.8594566233289486,2.534252990846022,0.9975672096836196,498,83,9,364.69,0.10843373493975904,0,0,3,3,3,0,0,0,0
Other,239.67,239.67,1,674.69,222.61,Wrong size,True,0.8804773804233498,8.449763609263595,0.9604261369990461,5,44,7,132.64,0.1590909090909091,7,0,1,3,1,1,1,1,1
Electronics,323.14,123.05,1,33.14,108.36,Wrong size,True,0.426,1.6095749255013803,0.815,457,56,7,98.55,0.125,0,0,3,4,3,0,0,0,0
Sports,376.03,294.38,1,555.8,276.09,Wrong size,True,0.8408916081029243,0.23707079168593714,0.9900728559573,1,18,3,1082.33,0.16666666666666666,2,0,1,4,2,0,0,1,1
Sports,157.56,16.97,1,146.82,15.51,Not as expected,True,0.8177269301693354,2.0084377008809473,0.9802132666837906,733,72,5,272.38,0.06944444444444445,0,0,1,7,1,0,0,0,0
Apparel,1365.78,1365.78,1,3963.3848979666923,1291.26,Not as expected,True,0.88,2.9299032801639524,0.784,801,67,44,340.6,0.6567164179104478,39,6,1,1,2,10,10,10,10
Apparel,114.81,99.45,1,450.56,89.32,Wrong size,True,0.9969148249760359,0.4274756612605968,0.9234264000696993,7,48,8,900.47,0.16666666666666666,6,0,3,2,2,0,0,0,0
Beauty,1385.24,277.27,1,8.09,261.45,Wrong size,True,0.8656383918644351,5.3316588370424745,0.8564791545926154,4,49,2,552.12,0.04081632653061224,2,0,2,2,2,0,0,0,0
Sports,45.34,26.56,1,557.22,23.13,Changed mind,True,0.9542691128842019,6.920081881324971,0.9871581888707276,119,85,10,334.68,0.11764705882352941,1,0,3,3,3,0,0,3,3
Luxury,478.34,188.75,1,64.3,184.66,Wrong size,True,0.528,7.163971819385996,0.767,1405,57,6,691.13,0.10526315789473684,0,0,2,3,1,0,3,0,3
Electronics,481.78,351.7,1,417.14,326.66,Not as expected,True,0.9712786522695046,6.39091923972781,0.9280049361381162,392,99,10,156.8,0.10101010101010101,0,0,1,3,2,0,0,0,0
Other,295.39,184.46,1,328.02,178.55,Changed mind,True,0.8297814544209717,6.862429722286595,0.9321003756484001,7,54,4,260.49,0.07407407407407407,2,0,2,2,1,0,0,0,0
Apparel,122.12,27.72,1,679.78,26.53,Not as expected,True,0.8898503197739154,4.324440956765683,0.8573208329084916,1264,80,9,435.46,0.1125,0,0,1,2,2,0,0,0,0
Luxury,96.28,96.28,1,618.19,83.24,Wrong size,True,0.9665944343312836,4.625070425010911,0.8619571132729815,707,41,3,347.21,0.07317073170731707,0,0,1,2,3,0,0,0,0
Home,84.05,84.05,1,71.48,43.52,Changed mind,False,0.9695498876286179,78.81,0.173,418,86,11,734.49,0.12790697674418605,0,0,3,3,4,1,0,3,3
Beauty,67.69,10.92,1,173.49,9.74,Wrong size,True,0.9723535386885191,6.831810089128746,0.9780412516025577,1080,25,20,850.7,0.8,5,0,12,12,12,7,7,7,7
Home,155.44,155.44,1,341.5,142.74,Wrong size,True,0.8743633649799707,2.7729118890532023,0.9247960043772326,1088,86,9,839.02,0.10465116279069768,0,0,1,5,3,0,0,0,0
Electronics,55.4,24.68,1,594.67,22.65,Wrong size,True,0.8735024218644705,8.057784276350327,0.9101848827215115,697,85,5,341.69,0.058823529411764705,0,0,3,7,4,0,0,0,0
Sports,247.54,41.63,1,225.31,40.38,Not as expected,True,0.801300128986259,6.446974264623119,0.8636663523324181,1167,44,39,315.74,0.8863636363636364,9,0,12,12,12,7,7,7,7
Home,507.37,111.05,1,640.34,102.23,Not as expected,True,0.9925072632576488,2.5600560426997565,0.9194662281330804,187,95,7,280.34,0.07368421052631578,0,0,2,3,2,0,0,0,0
Electronics,147.1,25.52,1,356.34,22.28,Changed mind,True,0.8804059987611629,6.346567824368541,0.9870883562541954,336,53,5,116.99,0.09433962264150944,0,0,3,4,2,2,0,0,2
Apparel,24.39,12.01,1,227.49,10.96,Wrong size,True,0.9170222466868363,4.8881384277023265,0.9864818891044623,331,21,4,835.14,0.19047619047619047,0,0,4,5,1,1,9,0,9
Electronics,31.28,26.69,1,494.48,22.69,Wrong size,True,0.817708177477373,4.643576659724735,0.913016082208242,2,64,11,290.03,0.171875,11,0,3,2,3,1,1,1,1
Luxury,329.69,131.7,1,599.64,110.21,Changed mind,False,0.9122878323983383,81.08,0.256,6,67,5,108.76,0.07462686567164178,4,0,5,4,1,0,0,0,0
Electronics,308.98,228.22,1,529.67,213.47,Wrong size,True,0.9544798277169996,0.6773528753949531,0.9314279850997293,1306,78,8,496.65,0.10256410256410256,0,0,1,1,3,0,0,12,12
Sports,392.18,203.17,1,592.87,176.5,Wrong size,True,0.981937315963679,8.470760808757511,0.959275342492163,948,90,6,163.99,0.06666666666666667,0,0,3,4,1,0,0,0,0
Sports,262.6,161.31,1,176.72,149.8,Not as expected,True,0.8339934040874962,1.6984720875451098,0.8812696263608191,607,99,10,1140.68,0.10101010101010101,0,0,2,2,2,0,0,1,1
Luxury,511.59,230.21,1,520.27,229.22,Changed mind,True,0.8464345229852847,0.5319181803227124,0.9270853147649765,240,52,4,115.89,0.07692307692307693,0,0,1,4,2,0,0,0,0
Luxury,389.94,74.29,1,30.91,70.38,Not as expected,True,0.485,5.483748563598843,0.613,465,88,10,549.3,0.11363636363636363,0,0,1,3,2,0,0,0,0
Apparel,944.47,130.55,1,9.22,122.28,Not as expected,True,0.9759220288655706,9.747966125889775,0.8946478864957638,2,65,4,202.65,0.06153846153846154,3,0,2,7,3,0,0,0,0
Other,127.44,32.84,1,452.66,28.59,Changed mind,True,0.9237669524627097,2.421254559059557,0.95411241812561,501,74,7,216.78,0.0945945945945946,0,0,2,3,2,0,0,0,0
Beauty,124.63,26.39,1,578.96,22.48,Not as expected,True,0.9518782069103691,8.9574617473252,0.8889733573958218,3,94,12,322.39,0.1276595744680851,11,0,2,3,2,1,1,1,1
Apparel,405.01,405.01,1,416.26,360.47,Not as expected,True,0.9946825540493097,0.6758542587822691,0.9575753470848267,1043,44,4,183.66,0.09090909090909091,0,0,2,4,2,0,0,0,0
Books,64.34,22.62,1,77.64,20.75,Wrong size,True,0.8657954808328144,8.084825884271131,0.9691313719386724,612,69,6,641.54,0.08695652173913043,0,0,2,3,1,0,10,0,10
Home,262.73,180.4,1,128.58,153.89,Changed mind,True,0.823790126938734,6.786781948844865,0.948787183321532,0,74,8,901.82,0.10810810810810811,7,0,3,2,1,0,0,0,0
Apparel,257.89,60.1,1,247.04,53.63,Changed mind,True,0.8084191421854282,2.168134809527312,0.9035297623309582,2,22,4,388.06,0.18181818181818182,2,0,1,2,3,0,0,0,0
Electronics,237.25,29.16,1,12711.305049121549,25.97,Changed mind,True,0.947,2.9523857113108534,0.833,707,94,62,222.85,0.6595744680851063,54,5,1,3,1,10,10,10,10
Beauty,416.14,364.41,1,616.0,361.28,Not as expected,True,0.8655302566384931,2.8471260672108603,0.9745411563712012,1172,86,8,162.91,0.09302325581395349,0,0,2,2,2,1,0,0,1
Sports,95.94,95.94,1,368.5,91.6,Changed mind,True,0.8567358037945811,7.015574182300115,0.9893825443461308,660,83,6,249.45,0.07228915662650602,0,0,2,3,2,0,0,0,0
Electronics,100.97,99.66,1,259.2,86.61,Changed mind,True,0.8150143930367078,9.382341496323916,0.9073676515039317,4,77,9,313.8,0.11688311688311688,8,1,2,6,2,2,2,2,2
Electronics,82.95,76.19,1,475.39,74.84,Wrong size,True,0.9136432719467676,0.7191087111796923,0.9066394347846879,110,54,7,251.79,0.12962962962962962,1,0,1,4,1,0,0,0,0
Other,150.68,150.68,1,98.78,140.32,Wrong size,True,0.9933975102467721,8.715466509931257,0.8833368611807166,843,30,6,664.49,0.2,0,0,1,2,2,0,0,0,0
Other,162.57,40.35,1,780.9485321550917,38.69,Wrong size,True,0.678,1.8448473468388826,0.854,707,94,62,222.85,0.6595744680851063,54,5,1,3,1,10,10,10,10
Apparel,156.28,156.28,1,290.87,149.42,Not as expected,True,0.987078822842382,9.253565947103922,0.9154967825888695,1096,34,30,119.36,0.8823529411764706,7,0,12,12,12,7,7,7,7
Luxury,92.76,22.87,1,494.14,20.84,Changed mind,True,0.8944272040800123,9.594198561858608,0.9744938206062628,6,49,8,316.38,0.16326530612244897,6,0,2,3,2,0,0,0,0
Other,173.58,150.62,1,715.97,134.58,Changed mind,True,0.9668088044438021,3.398324959942597,0.8753591406570748,954,80,8,654.14,0.1,0,0,5,3,3,3,2,0,3
Luxury,363.33,191.59,1,129.89,165.06,Wrong size,True,0.9900551735768488,3.3407640048973066,0.9324722127086421,35,52,8,107.99,0.15384615384615385,1,0,2,1,3,0,0,0,0
Electronics,163.99,163.99,1,103.18,145.29,Changed mind,True,0.8778911157598112,3.5363965678523734,0.9185908487163006,1404,76,10,326.84,0.13157894736842105,0,0,1,3,1,0,0,0,0
Home,51.18,8.31,1,710.59,8.02,Not as expected,True,0.9644202452513423,9.738350612812592,0.9946511082084034,1406,86,8,602.72,0.09302325581395349,0,0,2,5,2,0,0,2,2
Beauty,126.77,126.77,1,441.59,121.24,Not as expected,True,0.970378947043041,1.429074210727016,0.8508658091671555,1398,99,5,85.48,0.050505050505050504,0,0,1,3,4,0,0,0,0
Apparel,204.78,204.78,1,305.96,187.81,Wrong size,True,0.9296705745316878,5.403752037590353,0.908053584342143,143,82,6,729.62,0.07317073170731707,2,0,3,3,1,0,2,0,2
Electronics,135.2,135.2,1,310.54,115.97,Wrong size,True,0.9812049730866781,6.902400913032277,0.8654391083377557,1282,13,1,340.43,0.07692307692307693,0,0,3,4,2,0,0,0,0
Sports,49.03,17.65,1,189.52,15.28,Wrong size,True,0.9713308332134856,7.066519383321427,0.9741828085208017,865,65,6,266.98,0.09230769230769231,0,0,2,4,1,0,0,0,0
Luxury,135.26,135.26,1,569.3,117.5,Changed mind,True,0.8673175453461359,8.914819493457365,0.9659879893349422,3,94,12,322.39,0.1276595744680851,11,0,2,3,2,1,1,1,1
Home,162.0,148.24,1,664.48,136.0,Changed mind,True,0.9563500938042424,3.0006607137888572,0.8965876682336632,317,41,3,322.19,0.07317073170731707,0,0,2,1,2,0,0,0,0
Electronics,182.9,182.9,1,708.39,161.05,Wrong size,True,0.8799250123167506,5.484337122815348,0.8615702205133058,602,70,4,2826.56,0.05714285714285714,1,0,2,2,2,0,0,0,0
Apparel,140.7,48.94,1,374.26,47.32,Changed mind,True,0.8627784211844275,6.221047810702508,0.9243949593776892,1279,79,10,932.68,0.12658227848101267,0,0,3,5,3,0,0,0,0
Home,1464.81,51.36,1,6.04,49.05,Wrong size,True,0.8708777071967397,5.865830373199947,0.8776749925781316,3,50,10,425.54,0.2,6,0,3,1,5,1,1,1,1
Books,636.34,636.34,1,376.49,554.39,Wrong size,True,0.8901721760898988,8.219186691978672,0.9106132278106878,255,66,2,1148.66,0.030303030303030304,0,0,2,3,1,0,0,0,0
Books,183.52,20.77,1,397.95,19.41,Not as expected,True,0.84979479221765,2.8359721337541766,0.9172859784600381,1263,79,8,1107.53,0.10126582278481013,1,0,1,4,2,0,0,0,0
Electronics,434.95,351.22,1,20759.775284347303,318.67,Not as expected,True,0.821,5.725400509084018,0.863,1279,49,32,570.23,0.6530612244897959,26,3,2,1,1,7,7,7,7
Luxury,590.8,590.8,1,358.57,504.79,Wrong size,True,0.9552123953564268,1.5481242610363855,0.8619363708502793,605,79,10,642.52,0.12658227848101267,0,0,3,1,3,0,0,0,0
Home,435.31,173.59,1,123.07,160.97,Changed mind,True,0.9915147006403444,7.866509166925399,0.8542053391096815,1279,79,10,932.68,0.12658227848101267,0,0,3,5,3,0,0,0,0
Books,115.31,93.57,1,432.47,83.03,Not as expected,True,0.9112540461202917,2.80049630005593,0.900630306693885,1303,18,2,670.73,0.1111111111111111,0,0,2,2,1,0,0,0,0
Electronics,142.05,142.05,1,644.05,127.83,Not as expected,True,0.9303011322897341,8.116603100987794,0.890448261413411,1295,83,12,953.0,0.14457831325301204,0,0,3,4,1,7,0,0,7
Electronics,409.54,140.85,1,150.65,133.43,Not as expected,True,0.8668581785457133,0.4558024563943308,0.8876740672282611,0,91,13,1153.19,0.14285714285714285,9,0,1,1,1,1,1,1,1
Other,548.5,202.43,1,300.19,190.73,Not as expected,True,0.8832242666395933,0.14099884057115486,0.9009203226428565,1338,45,6,893.93,0.13333333333333333,0,0,2,4,2,0,0,0,0
Electronics,478.23,310.91,1,262.63,269.51,Changed mind,True,0.9937001829071266,6.337403006959688,0.9827300873762426,676,97,11,300.04,0.1134020618556701,0,0,1,2,1,0,0,0,0
Luxury,257.41,14.85,1,563.2,13.64,Changed mind,True,0.95415528181048,5.393714505459611,0.9117247325458786,893,71,6,75.83,0.08450704225352113,0,0,1,5,1,0,0,0,0
Home,166.26,5.27,1,164.71,4.64,Wrong size,True,0.9220246567696855,5.5912135548699124,0.9108013420053491,2,64,11,290.03,0.171875,11,0,3,2,3,1,1,1,1
Luxury,162.1,90.08,1,429.05,87.09,Not as expected,True,0.9817892107481215,0.6959797473087492,0.9071594955483006,842,100,14,576.84,0.14,0,0,1,3,3,0,1,0,1
Luxury,53.9,53.9,1,393.3,50.55,Changed mind,True,0.994006635208251,4.965149595862854,0.9145817875870561,5,58,6,565.55,0.10344827586206896,5,0,6,3,2,3,0,0,3
Apparel,127.64,75.45,1,389.28,73.59,Changed mind,True,0.8585605232176452,6.08279293263685,0.9561137828242999,3,46,2,497.26,0.043478260869565216,2,0,3,3,4,0,0,0,0
Electronics,247.05,40.42,1,180.23,39.32,Not as expected,True,0.9449663220683782,6.993478088559428,0.9653618462763103,351,83,5,492.5,0.060240963855421686,0,0,3,4,2,1,0,0,1
Sports,254.82,79.97,1,388.33,70.13,Changed mind,True,0.9062673466297594,6.877885173530071,0.8776741648650075,131,54,13,168.69,0.24074074074074073,0,0,3,1,2,0,0,1,1
Luxury,524.43,524.43,1,555.86,469.87,Wrong size,True,0.9180583995072741,4.9344343328708815,0.936924718811136,1167,44,39,315.74,0.8863636363636364,9,0,12,12,12,7,7,7,7
Beauty,131.36,23.34,1,715.74,20.69,Changed mind,True,0.817584007336481,2.41079277660008,0.8820669268627944,74,49,5,237.51,0.10204081632653061,0,0,2,3,1,0,1,0,1
Sports,415.51,185.77,1,710.55,174.43,Changed mind,True,0.8495952140721197,9.976945477492942,0.9875042797468866,404,69,9,228.78,0.13043478260869565,0,0,2,5,3,0,0,0,0
Books,564.33,564.33,1,56.07,506.69,Wrong size,True,0.8964710747548323,6.545791926500718,0.9568141082201852,6,46,6,64.0,0.13043478260869565,4,0,1,4,1,0,0,0,0
Electronics,395.07,114.05,1,290.56,107.59,Changed mind,True,0.8100902776238679,5.608382669139388,0.9638888201516839,629,20,1,1128.31,0.05,0,0,2,6,2,0,3,0,3
Electronics,205.49,200.79,1,440.51,198.19,Wrong size,True,0.8030532619123036,8.54039064630708,0.9129479313201263,758,88,7,368.97,0.07954545454545454,1,0,3,1,1,0,0,0,0
Books,143.47,143.47,1,595.0,123.63,Wrong size,True,0.9485854778117047,5.373326344278299,0.9112084522384689,815,79,6,490.17,0.0759493670886076,0,0,2,7,2,0,0,0,0
Other,66.06,44.5,1,157.88,40.64,Changed mind,True,0.9289763658570377,7.778463852877825,0.9643994919051404,255,74,3,1283.74,0.04054054054054054,0,0,2,1,1,0,0,0,0
Sports,20.87,3.13,1,192.23,2.69,Changed mind,True,0.8221083611915855,9.044313493757526,0.9823679016789268,1169,77,2,132.62,0.025974025974025976,0,0,2,3,1,0,0,0,0
Home,220.77,179.16,1,398.96,175.26,Changed mind,True,0.8793212132905133,4.635296722007674,0.9104554127254048,345,43,2,461.18,0.046511627906976744,0,0,4,2,4,3,2,0,3
Sports,206.58,72.43,1,306.66,62.0,Wrong size,True,0.9271871852737938,1.0730451827919196,0.9374330248445726,241,64,6,218.44,0.09375,0,0,1,2,2,0,0,0,0
Home,318.77,1.45,1,292.38,0.86,Changed mind,False,0.9997261675224351,78.32,0.216,937,68,8,1565.12,0.11764705882352941,1,0,2,2,1,0,0,0,0
Other,361.29,218.24,1,634.09,198.89,Changed mind,True,0.8914163809270299,0.9732380367990168,0.9983959723254147,389,91,3,346.97,0.03296703296703297,0,0,1,4,2,0,0,0,0
Luxury,664.37,20.08,1,57.36,19.13,Wrong size,True,0.559,7.347610735485453,0.826,417,78,6,411.49,0.07692307692307693,0,0,2,3,2,1,0,0,1
Luxury,180.86,180.86,1,145.72,164.08,Wrong size,True,0.9375071802950001,9.016534995557704,0.9150199682052583,1438,73,10,378.82,0.136986301369863,0,0,1,7,1,0,0,0,0
Home,112.01,69.96,1,18214.275025503026,61.72,Not as expected,True,0.815,9.57040323191661,0.855,707,94,62,222.85,0.6595744680851063,54,5,1,3,1,10,10,10,10
Electronics,89.24,89.24,1,523.44,88.29,Wrong size,True,0.84917522007782,8.566469785629979,0.9518019742359243,1,53,4,1155.83,0.07547169811320754,2,0,3,2,2,1,0,0,1
Luxury,209.2,68.84,1,673.24,66.34,Changed mind,True,0.92785999610778,5.537239147757845,0.9778986537948966,902,47,4,1160.57,0.0851063829787234,0,0,2,3,4,0,0,1,1
Electronics,136.34,53.31,1,434.53,51.76,Not as expected,True,0.8197102806516192,4.517161495876946,0.9174680679186213,874,81,11,471.86,0.13580246913580246,1,0,1,3,2,0,0,0,0
Other,178.45,53.15,1,71.88,47.54,Wrong size,True,0.8379599816915935,2.807382823065679,0.9019375981440878,1372,55,5,96.91,0.09090909090909091,0,0,1,2,3,0,0,0,0
Apparel,174.51,174.51,1,7153.061322152709,166.35,Wrong size,True,0.712,7.974515451247248,0.89,1426,48,32,158.11,0.6666666666666666,31,3,2,5,2,9,9,9,9
Home,224.47,147.24,1,102.61,140.3,Not as expected,True,0.810288594655332,3.428088606572631,0.9869143317211109,54,69,6,1272.43,0.08695652173913043,2,0,1,2,1,0,0,0,0
Electronics,804.66,647.29,1,288.34,600.94,Wrong size,True,0.877104144869316,9.40554998306954,0.9164480368164156,5,35,2,274.05,0.05714285714285714,1,0,2,2,2,0,0,0,0
Sports,342.06,342.06,1,479.58,336.87,Changed mind,True,0.9107222823866815,6.316090431549457,0.8917485943356372,2,22,3,689.98,0.13636363636363635,2,0,2,4,3,0,0,1,1
Other,453.22,453.22,1,696.71,452.87,Wrong size,True,0.9057390951652088,2.3421882905264226,0.9848423346918633,808,72,6,223.76,0.08333333333333333,0,0,2,3,2,0,1,0,1
Apparel,192.79,192.79,1,622.63,183.44,Changed mind,True,0.8453858196208597,0.34644344644245817,0.8621900472062544,2,65,11,136.18,0.16923076923076924,10,0,3,3,3,1,1,1,1
Sports,74.04,74.04,1,557.49,70.93,Wrong size,True,0.8077596799319207,1.9987344494745796,0.8825641581633673,573,75,10,486.08,0.13333333333333333,0,0,2,3,2,1,1,0,1
Sports,638.91,638.91,1,688.29,637.04,Changed mind,True,0.9665499257309396,8.762910774212841,0.9373877082520721,1385,78,11,104.99,0.14102564102564102,0,0,1,3,1,0,1,0,1
Home,172.96,45.05,1,313.71,40.6,Not as expected,True,0.8649098223429893,3.4215185632153746,0.9201051629044805,5,74,11,550.61,0.14864864864864866,8,0,5,1,1,0,0,0,0
Electronics,297.44,84.9,1,216.01,83.6,Not as expected,True,0.9221419656371488,6.107234523816746,0.8688307973889953,290,77,8,998.52,0.1038961038961039,0,0,3,2,3,2,0,1,2
Luxury,615.06,301.69,1,315.05,280.02,Wrong size,True,0.8066096377283937,4.4806471600679485,0.9791980496757811,1318,47,4,545.26,0.0851063829787234,0,0,1,4,1,0,0,0,0
Electronics,70.32,70.32,1,271.12,62.54,Wrong size,True,0.90045441929421,6.172135433526789,0.975095051871783,5,51,7,294.29,0.13725490196078433,6,0,1,2,1,0,0,0,0
Apparel,266.89,72.64,1,480.96,71.13,Changed mind,True,0.8963940085412784,6.263247580806138,0.9000422151371067,1482,96,10,156.98,0.10416666666666667,0,0,2,2,3,0,0,0,0
Luxury,742.65,390.55,1,50.77,339.76,Changed mind,True,0.25,8.48894721771254,0.682,270,82,13,225.99,0.15853658536585366,2,0,2,4,1,0,0,0,0
Beauty,152.55,32.64,1,55.25,32.41,Not as expected,True,0.8377045996174846,1.416268666944882,0.8633137739644594,712,57,5,663.99,0.08771929824561403,0,0,2,6,1,0,12,0,12
Home,867.57,867.57,1,49.27,820.28,Changed mind,True,0.9990673741867271,0.290599629995828,0.8564875708316286,6,72,8,490.96,0.1111111111111111,6,0,1,4,1,1,1,1,1
Luxury,362.13,362.13,1,225.99,338.01,Not as expected,True,0.8732580811974404,5.535462722686912,0.9310437189984098,473,57,9,993.87,0.15789473684210525,0,0,2,4,1,0,0,0,0
Apparel,330.47,112.26,1,341.67,111.95,Not as expected,True,0.994632871839804,1.2732712441956462,0.8705819478949788,1227,62,6,486.01,0.0967741935483871,0,0,2,5,3,0,0,0,0
Home,675.1,675.1,1,173.33,579.45,Not as expected,True,0.8630189384451568,4.520291542836618,0.9873424741937649,572,97,9,864.02,0.09278350515463918,1,0,2,2,3,0,0,7,7
Other,191.04,191.04,1,104.02,167.41,Changed mind,True,0.9453883693968639,4.54117251370554,0.990963673743241,800,80,8,158.06,0.1,0,0,2,3,2,0,0,0,0
Electronics,270.67,104.97,1,451.53,104.45,Wrong size,True,0.9240177596674073,8.07063290801118,0.9579500507477048,1383,62,5,774.27,0.08064516129032258,0,0,1,3,1,0,0,0,0
Apparel,86.33,26.4,1,185.55,25.72,Not as expected,True,0.9321233325108722,2.51333297653436,0.8880578908142959,451,69,4,656.55,0.057971014492753624,1,0,3,2,3,1,2,2,2
Sports,201.28,201.28,1,305.58,194.27,Not as expected,True,0.8864253143878758,0.9223118912550288,0.9517188848604264,366,15,1,279.78,0.06666666666666667,0,0,2,6,2,0,12,0,12
Electronics,308.65,308.65,1,176.73,284.03,Not as expected,True,0.9991751547647064,7.080625692041283,0.863925566753224,186,66,7,205.95,0.10606060606060606,0,0,3,3,1,0,0,0,0
Luxury,295.97,48.54,1,32.59,43.11,Wrong size,True,0.358,2.5518268232284305,0.647,1489,51,4,115.78,0.0784313725490196,0,0,1,2,1,0,0,0,0
Beauty,63.3,17.33,1,478.65,15.79,Not as expected,True,0.9990735157317712,0.3197901836759809,0.8766112145086121,1167,44,39,315.74,0.8863636363636364,9,0,12,12,12,7,7,7,7
Apparel,113.34,44.65,1,202.58,29.71,Not as expected,False,0.8070589992023253,47.3,0.147,205,45,3,347.79,0.06666666666666667,0,0,1,1,1,0,0,0,0
Apparel,159.02,0.32,1,125.64,0.32,Wrong size,True,0.9803839426720729,0.46743019446247813,0.8651938155991328,1385,78,11,104.99,0.14102564102564102,0,0,1,3,1,0,1,0,1
Electronics,86.94,64.52,1,231.55,55.01,Wrong size,True,0.9454377826101134,5.482397314876291,0.997354594545358,217,96,11,950.68,0.11458333333333333,0,0,2,5,2,0,0,0,0
Home,163.8,44.52,1,509.95,39.74,Changed mind,True,0.9617131214121127,5.569340866862902,0.9620412501886896,700,53,7,122.37,0.1320754716981132,0,0,5,2,3,0,0,0,0
Electronics,140.28,17.36,1,78.03,16.27,Wrong size,True,0.9934645003580556,6.4334794205072,0.8819139093756588,280,33,4,361.16,0.12121212121212122,0,0,3,3,1,1,0,0,1
Electronics,219.5,33.09,1,663.07,30.28,Changed mind,True,0.9996903499008503,5.4705327497077505,0.8662682269758806,44,93,9,150.06,0.0967741935483871,5,0,1,4,3,0,0,0,0
Apparel,50.18,7.2,1,696.35,6.93,Wrong size,True,0.8996832866191669,5.169294558027049,0.9625999234668395,1167,44,39,315.74,0.8863636363636364,9,0,12,12,12,7,7,7,7
Apparel,813.57,232.96,1,40.44,206.9,Not as expected,True,0.328,0.6673064652967997,0.674,1,48,11,296.68,0.22916666666666666,10,0,1,4,4,1,1,1,1
Electronics,581.71,87.95,1,19629.47912630582,82.54,Changed mind,True,0.833,5.1636895143968795,0.89,1198,86,56,1076.1,0.6511627906976745,51,2,1,3,2,6,7,7,7
Luxury,436.8,436.8,1,566.77,403.36,Not as expected,True,0.9445552649660651,9.936542592869605,0.9022981070184037,5,93,13,333.64,0.13978494623655913,11,0,4,4,1,0,0,0,0
Apparel,126.77,108.75,1,160.19,101.29,Wrong size,True,0.9910188208465981,2.989198240755271,0.8790907874631348,521,12,2,351.39,0.16666666666666666,0,0,2,4,2,0,0,0,0
Sports,112.88,112.88,1,165.7,106.89,Wrong size,True,0.9524599474849121,9.942741446810304,0.8777837025895936,2,22,19,654.55,0.8636363636363636,3,0,12,12,12,7,7,7,7
Luxury,148.77,88.4,1,125.67,83.23,Wrong size,True,0.8833501568231548,4.822968159707013,0.9436857834900386,1367,70,4,740.03,0.05714285714285714,0,0,3,2,3,2,0,0,2
Electronics,299.35,112.52,1,7.61,108.33,Not as expected,True,0.376,7.075803634370122,0.77,4,42,8,182.89,0.19047619047619047,7,0,2,3,3,1,1,1,1
Apparel,165.78,161.09,1,267.45,144.28,Not as expected,True,0.8206982000166736,7.289424134847831,0.9925971548800752,561,87,8,81.39,0.09195402298850575,0,0,2,4,2,0,0,0,0
Books,39.84,33.1,1,109.48,32.47,Wrong size,True,0.996393564270644,7.879997739755483,0.868774932561072,3,58,9,1148.32,0.15517241379310345,8,0,3,2,1,2,3,1,3
Other,107.59,19.18,1,713.66,16.51,Wrong size,True,0.8551324364111531,0.22098274864795098,0.9749364601423517,549,63,4,1051.38,0.06349206349206349,0,0,1,1,3,0,0,0,0
Other,195.15,36.42,1,574.11,32.24,Not as expected,True,0.8090981783109162,5.93869039189881,0.879023440401695,506,16,1,108.83,0.0625,0,0,1,4,3,0,0,0,0
Electronics,111.33,30.66,1,563.69,27.79,Wrong size,True,0.9534172929105514,8.03143843941423,0.86539210921277,1,72,11,810.02,0.1527777777777778,10,0,4,3,3,1,0,0,1
Luxury,153.6,135.51,1,122.62,129.6,Wrong size,True,0.9330853243675383,4.04879066147248,0.8849355685313316,1005,71,9,89.25,0.1267605633802817,0,0,1,1,2,0,0,0,0
Luxury,639.75,617.47,1,181.42,373.88,Wrong size,False,0.8010633836780047,39.04,0.338,3,88,14,149.08,0.1590909090909091,12,0,2,1,4,2,2,2,2
Electronics,211.77,27.58,1,239.93,26.24,Changed mind,True,0.9747185246729467,4.772267845605266,0.9954052248818438,2,92,11,182.08,0.11956521739130435,9,0,2,2,2,0,2,0,2
Luxury,1804.66,136.98,1,9.95,125.5,Not as expected,True,0.8802189649406715,0.44191563127324973,0.9656110648835793,1,70,7,625.68,0.1,6,0,1,2,1,0,0,0,0
Apparel,67.06,11.07,1,632.83,10.08,Changed mind,True,0.8179713685575194,0.36845619932945217,0.9075714937636301,1012,42,6,303.46,0.14285714285714285,0,0,2,3,3,0,0,0,0
Beauty,950.29,269.83,1,713.41,256.79,Changed mind,True,0.9852847475772263,7.918730418828036,0.9758430195523553,368,30,3,588.03,0.1,0,0,2,4,1,0,0,0,0
Home,426.19,128.41,1,278.33,122.25,Changed mind,True,0.9916069892022036,4.554345830448616,0.9848343754009401,977,69,5,1491.53,0.07246376811594203,0,0,3,2,2,0,0,0,0
Books,135.76,39.48,1,71.32,37.54,Not as expected,True,0.8804213448593565,9.134993503436213,0.8501479188516287,997,62,7,890.99,0.11290322580645161,0,0,2,3,2,1,0,0,1
Beauty,247.61,66.45,1,446.65,60.53,Wrong size,True,0.9396732490455337,1.745363629322505,0.9669317741270583,384,98,9,451.18,0.09183673469387756,0,0,2,4,2,0,2,0,2
Apparel,325.14,194.97,1,563.95,174.36,Wrong size,True,0.8070696305112409,9.404263236775105,0.9611603099056277,769,53,5,160.41,0.09433962264150944,0,0,2,4,4,0,0,0,0
Apparel,748.19,44.24,1,70.99,42.16,Wrong size,True,0.28,1.1558939207265695,0.765,808,93,4,125.77,0.043010752688172046,0,0,3,1,1,0,0,0,0
Electronics,701.39,701.39,1,503.7,612.81,Wrong size,True,0.8337041003361538,6.269625556636483,0.8918221347767039,908,100,11,632.8,0.11,0,0,3,2,1,0,0,0,0
Sports,76.09,19.68,1,523.43,13.45,Changed mind,False,0.8563622002947406,45.67,0.238,469,11,1,170.9,0.09090909090909091,0,0,2,4,2,0,0,1,1
Other,237.25,237.25,1,430.36,231.68,Changed mind,True,0.8083262628051022,2.0761510287048504,0.8619018435487206,289,95,11,820.7,0.11578947368421053,2,0,2,6,3,0,0,3,3
Home,394.2,89.46,1,405.77,81.13,Wrong size,True,0.9819461904186816,3.1875260398066088,0.8972539080693289,218,90,9,43.47,0.1,1,0,2,2,3,0,0,0,0
Beauty,193.49,2.88,1,3426.935142730671,2.48,Wrong size,True,0.949,3.5803153785642916,0.7,707,94,62,222.85,0.6595744680851063,54,5,1,3,1,10,10,10,10
Beauty,1274.33,364.42,1,194.37,318.04,Changed mind,True,0.9829666255122556,3.6034559675211266,0.8650913634512345,1058,82,9,206.81,0.10975609756097561,0,0,2,4,1,0,1,0,1
Home,75.34,20.49,1,78.35,17.42,Changed mind,True,0.8722073854708183,9.30743602923082,0.9699825525286627,484,61,54,1514.7,0.8852459016393442,11,0,12,12,12,7,7,7,7
Electronics,110.01,110.01,1,552.82,108.49,Not as expected,True,0.8039283494660655,0.7954886510878911,0.9899836851572812,41,98,9,651.73,0.09183673469387756,4,0,2,5,1,0,0,0,0
Apparel,555.4,306.58,1,485.16,282.39,Wrong size,True,0.8615396570511464,0.9869857153853434,0.9024294854296294,55,77,7,867.45,0.09090909090909091,0,0,2,2,2,2,0,1,2
Home,101.46,101.46,1,548.32,90.53,Not as expected,True,0.9184137790959149,0.7165194315019574,0.9781481981026036,1123,48,5,469.87,0.10416666666666667,0,0,3,2,1,0,0,0,0
Electronics,102.17,32.12,1,559.67,26.25,Not as expected,False,0.8686306526581089,72.33,0.243,1314,79,7,1278.55,0.08860759493670886,1,0,3,5,3,1,0,0,1
Books,147.68,57.49,1,138.43,53.26,Changed mind,True,0.9130005528620767,1.591368107265183,0.8619795977607594,182,100,8,273.11,0.08,2,0,2,2,3,0,0,0,0
Electronics,266.06,109.49,1,633.62,100.68,Wrong size,True,0.9413169105047465,1.3834451784872337,0.9904499748190158,478,92,6,291.72,0.06521739130434782,0,0,2,5,2,1,9,0,9
Home,444.06,38.48,1,275.87,34.25,Not as expected,True,0.9142199486097851,6.136649520271657,0.8919976203092519,395,75,10,1305.31,0.13333333333333333,0,0,2,3,4,0,2,0,2
Electronics,702.8,545.67,1,571.85,493.9,Wrong size,True,0.9961590338766151,2.871118209232111,0.8685142262453253,1162,68,7,165.19,0.10294117647058823,0,0,3,3,1,0,0,0,0
Home,509.05,509.05,1,85.04,488.17,Wrong size,True,0.9515346971261074,5.895323046226135,0.8954487499739235,372,75,6,661.58,0.08,0,0,5,2,3,0,0,0,0
Sports,60.92,12.62,1,390.47,11.21,Changed mind,True,0.857716565670479,2.3428653438762446,0.9173223010779833,6,67,5,108.76,0.07462686567164178,4,0,5,4,1,0,0,0,0
Electronics,311.08,165.67,1,6.45,163.56,Not as expected,True,0.447,3.8550286893415597,0.823,772,20,3,113.29,0.15,0,0,1,3,2,0,0,1,1
Electronics,242.17,202.02,1,244.35,196.84,Wrong size,True,0.9104813588817069,4.9787182924218705,0.9324170316211869,66,89,9,210.96,0.10112359550561797,1,0,5,2,2,0,0,0,0
Other,33.2,0.34,1,169.23,0.31,Changed mind,True,0.8195960685330328,8.238562721798367,0.9878168557956448,1429,24,2,147.57,0.08333333333333333,0,0,2,4,1,0,0,0,0
Sports,321.52,321.52,1,180.75,280.87,Not as expected,True,0.8456372874879488,2.5760563565326375,0.9214406895697062,0,27,5,460.03,0.18518518518518517,5,0,2,2,1,0,0,0,0
Luxury,86.8,86.8,1,318.71,76.02,Not as expected,True,0.9546703066572467,5.817750177437172,0.8649335830747721,4,18,3,324.44,0.16666666666666666,1,0,1,7,1,0,0,0,0
Sports,697.04,177.78,1,494.66,161.19,Changed mind,True,0.869946212429511,5.302752113633443,0.9064459367669888,607,99,10,1140.68,0.10101010101010101,0,0,2,2,2,0,0,1,1
Home,456.17,456.17,1,581.6095530464883,435.5,Changed mind,True,0.791,2.6515070654770776,0.751,801,67,44,340.6,0.6567164179104478,39,6,1,1,2,10,10,10,10
Other,257.96,150.41,1,350.92,141.78,Changed mind,True,0.8648193168874978,9.331606379274318,0.9142434364338177,1341,92,7,155.49,0.07608695652173914,0,0,1,5,3,0,0,1,1
Sports,421.0,421.0,1,26954.968008718504,383.55,Not as expected,True,0.949,3.3702309781190944,0.84,801,67,44,340.6,0.6567164179104478,39,6,1,1,2,10,10,10,10
Home,91.37,7.32,1,330.23,7.21,Changed mind,True,0.9729756540288677,8.798533244546926,0.9761523714615161,289,68,7,1137.41,0.10294117647058823,1,0,1,5,3,0,0,0,0
Apparel,140.98,44.77,1,604.62,38.27,Wrong size,True,0.9996731171037108,4.01079629683228,0.9449502546974302,0,27,5,460.03,0.18518518518518517,5,0,2,2,1,0,0,0,0
Electronics,93.22,5.78,1,623.31,5.34,Changed mind,True,0.9817027870246422,0.1687364502362687,0.8868991297487591,1208,49,42,168.88,0.8571428571428571,6,0,12,12,12,7,7,7,7
Apparel,48.63,48.63,1,536.43,45.46,Not as expected,True,0.8539521752061765,7.413928035046896,0.9393211482542853,1,48,11,296.68,0.22916666666666666,10,0,1,4,4,1,1,1,1
Books,287.33,23.79,1,301.1,22.27,Not as expected,True,0.854419068495836,1.6335436958451188,0.9776708239859775,600,66,3,698.66,0.045454545454545456,1,0,1,3,2,0,0,0,0
Electronics,208.61,80.12,1,510.05,77.35,Changed mind,True,0.9740773261551725,2.8953257190849646,0.8989201154972225,516,42,1,1699.09,0.023809523809523808,0,0,1,2,2,0,0,0,0
Sports,121.28,60.02,1,592.23,56.02,Not as expected,True,0.9043823277957926,5.138150570145204,0.9624240651883191,4,5,1,319.38,0.2,1,0,1,2,4,0,0,0,0
Electronics,214.76,154.9,1,601.49,150.22,Wrong size,True,0.9149365434514706,2.6258799512350395,0.966220601863147,3,21,3,141.96,0.14285714285714285,3,0,1,4,1,1,1,1,1
Other,93.57,93.57,1,684.07,91.6,Wrong size,True,0.9111808838429561,0.3911293614427547,0.9805842889386834,888,72,6,698.97,0.08333333333333333,0,0,1,1,1,0,0,0,0
Books,218.0,110.77,1,483.97,106.21,Not as expected,True,0.9679735523075684,4.1573518951299135,0.9495558506712634,755,50,5,1936.18,0.1,0,0,3,2,3,1,0,1,1
Luxury,118.53,108.82,1,89.97,94.74,Changed mind,True,0.8202551366281543,1.5739265148279058,0.9048113754717392,493,32,4,842.98,0.125,0,0,3,4,2,0,0,0,0
Home,412.15,7.41,1,671.86,7.39,Changed mind,True,0.9278547655265601,0.7912526385309782,0.8838464914884194,1,48,11,296.68,0.22916666666666666,10,0,1,4,4,1,1,1,1
Other,128.76,128.76,1,274.03,118.82,Wrong size,True,0.8305101197621474,2.5868461882073968,0.9968637066128411,427,41,3,570.89,0.07317073170731707,0,0,1,4,3,0,0,0,0
Electronics,1407.21,11.69,1,4.88,11.26,Changed mind,True,0.8775638935559609,5.396331186712851,0.9545423802660843,0,27,2,124.21,0.07407407407407407,1,0,2,7,1,0,6,0,6
Electronics,323.06,323.06,1,710.88,288.49,Changed mind,True,0.9525497782973165,9.20025086545097,0.9373019510138244,4,45,5,251.5,0.1111111111111111,5,0,1,1,2,0,0,2,2
Electronics,694.89,117.51,1,27.92,113.15,Wrong size,True,0.402,8.96170124448411,0.794,1357,99,14,795.58,0.1414141414141414,0,0,2,2,1,0,0,0,0
Home,62.82,62.82,1,588.92,58.38,Changed mind,True,0.9333925350277985,3.6866433665098732,0.9253943147537625,4,43,3,674.12,0.06976744186046512,3,0,3,2,2,2,0,0,2
Sports,152.4,152.4,1,659.42,145.25,Wrong size,True,0.899780936313405,3.330063591840852,0.9081840192861892,4,69,5,492.43,0.07246376811594203,5,0,2,1,1,1,1,1,1
Books,489.04,489.04,1,192.39,462.11,Wrong size,True,0.9019779766608579,4.402328273207678,0.9683153396087205,3,94,12,322.39,0.1276595744680851,11,0,2,3,2,1,1,1,1
Beauty,336.52,336.52,1,311.29,296.37,Changed mind,True,0.9062239862957193,5.881292070324628,0.9896327965176768,1134,64,7,398.98,0.109375,0,0,2,3,3,1,0,0,1
Other,651.09,533.26,1,435.11,486.65,Changed mind,True,0.9032285347217244,8.967857630035681,0.929819632461121,1356,91,12,114.74,0.13186813186813187,0,0,2,2,1,0,0,0,0
Apparel,24.0,16.03,1,500.0,14.12,Not as expected,True,0.8958298764643845,9.66431476371203,0.928332463322458,1399,86,11,104.17,0.12790697674418605,0,0,1,4,3,0,0,0,0
Home,97.99,11.42,1,312.96,10.53,Changed mind,True,0.901874405415876,1.7019038482138538,0.8593344368666768,509,66,8,556.62,0.12121212121212122,0,0,1,4,4,0,0,0,0
Apparel,673.53,10.87,1,552.96,9.9,Wrong size,True,0.9661388861477137,7.032594527347628,0.8983965109016949,1171,97,7,48.18,0.07216494845360824,0,0,2,4,3,0,0,0,0
Sports,180.68,180.68,1,156.97,159.11,Wrong size,True,0.9527160980340386,1.0028588150956697,0.9953542358587211,1472,89,7,264.72,0.07865168539325842,0,0,1,3,2,0,0,1,1
Other,218.51,218.51,1,606.67,195.16,Changed mind,True,0.9002288143106987,8.5732787466508,0.9286599356903122,161,96,14,538.88,0.14583333333333334,3,0,2,3,2,1,1,1,1
Books,525.79,124.69,1,226.69,121.61,Changed mind,True,0.916051754560662,8.688647591216482,0.9794254206951516,940,81,10,290.99,0.12345679012345678,0,0,3,2,1,1,0,0,1
Apparel,199.33,1.67,1,416.71,1.55,Wrong size,True,0.8470467059181539,1.8147395995980253,0.9078306834293955,209,76,7,258.59,0.09210526315789473,2,0,2,3,2,0,0,0,0
Beauty,521.2,521.2,1,316.99,481.36,Not as expected,True,0.8738143217726586,8.355577678060133,0.9449283495554139,41,98,9,651.73,0.09183673469387756,4,0,2,5,1,0,0,0,0
Other,256.05,98.62,1,704.5,97.65,Not as expected,True,0.9762979436435828,8.848987623404907,0.9082937169393219,273,48,5,1186.75,0.10416666666666667,1,0,4,3,3,0,0,0,0
Home,48.92,6.7,1,67.45,6.32,Wrong size,True,0.8803508879919473,1.7441666390425614,0.9687350553819152,1275,60,7,825.06,0.11666666666666667,0,0,2,4,2,0,0,4,4
Sports,284.07,0.77,1,553.48,0.65,Changed mind,True,0.8654155839468647,6.494396058547237,0.929671915218595,284,60,4,235.4,0.06666666666666667,0,0,1,2,1,0,0,0,0
Books,80.3,1.78,1,425.39,1.67,Not as expected,True,0.8810820591356029,5.15465274458008,0.9883254357692378,533,87,9,186.73,0.10344827586206896,1,0,1,4,2,0,1,0,1
Electronics,298.53,298.53,1,581.24,257.61,Wrong size,True,0.8424440717310588,8.380034471737103,0.9993846686149975,775,44,5,731.96,0.11363636363636363,0,0,2,4,3,0,1,0,1
Beauty,36.79,36.79,1,477.43,30.25,Changed mind,False,0.845860317625049,38.49,0.301,4,86,13,304.78,0.1511627906976744,10,0,3,3,1,1,1,1,1
Home,102.43,90.31,1,59.49,81.37,Wrong size,True,0.8530672276311267,6.017778424274449,0.9707186530501768,875,31,5,241.74,0.16129032258064516,0,0,2,3,1,0,0,0,0
Apparel,125.29,125.29,1,364.98,111.31,Changed mind,True,0.9171949703026727,6.023047981178113,0.9322102542152425,746,23,2,422.82,0.08695652173913043,0,0,1,3,2,0,0,0,0
Beauty,120.17,23.86,1,691.48,20.47,Not as expected,True,0.9374128133582128,1.8195869104907136,0.9273576579014324,390,53,9,334.53,0.16981132075471697,1,0,1,1,2,0,0,1,1
Beauty,237.73,47.5,1,227.4,40.52,Changed mind,True,0.9529307443339194,6.839595724326632,0.9136543365170696,3,68,10,380.2,0.14705882352941177,9,0,1,2,3,0,0,0,0
Sports,1303.8,49.37,1,2.75,48.14,Wrong size,True,0.9931013562318473,5.428701698817538,0.8960824529702424,1,53,4,1155.83,0.07547169811320754,2,0,3,2,2,1,0,0,1
Luxury,104.17,72.9,1,528.64,70.71,Wrong size,True,0.8256910723553424,1.282681310701561,0.9865230557770699,453,75,14,465.21,0.18666666666666668,0,0,3,3,3,0,0,0,0
Home,161.77,75.52,1,492.82,68.0,Not as expected,True,0.8616457411815238,4.279028325867734,0.9403618232471433,601,10,3,277.84,0.3,0,0,1,6,2,0,1,0,1
Books,360.09,360.09,1,471.97,357.65,Changed mind,True,0.8628337146743424,4.707924706194785,0.9074562704515794,448,66,5,458.14,0.07575757575757576,0,0,2,3,2,0,0,0,0
Sports,254.57,254.57,1,241.25,245.64,Not as expected,True,0.8941264506366307,4.334099883705398,0.8708101815909346,106,84,6,375.83,0.07142857142857142,2,0,2,4,2,0,0,0,0
Other,1886.52,28.64,1,7.89,25.98,Changed mind,True,0.9651038857888574,3.499423697173639,0.8792311878610672,2,82,6,1389.98,0.07317073170731707,4,0,2,3,3,0,0,0,0
Apparel,289.96,289.96,1,140.32,275.66,Wrong size,True,0.8125345855492971,5.608749954960588,0.9198343260345954,1213,60,8,268.2,0.13333333333333333,0,0,4,5,3,0,0,0,0
Beauty,180.06,46.94,1,3785.0880096138376,43.54,Not as expected,True,0.722,4.936502259302788,0.713,77,70,46,297.98,0.6571428571428571,41,4,1,6,3,12,12,12,12
Sports,45.96,0.56,1,622.89,0.53,Changed mind,True,0.8867244777241149,1.9710011048086695,0.9079764668112233,355,42,5,560.83,0.11904761904761904,0,0,1,6,1,0,1,0,1
Luxury,227.54,157.55,1,553.3,135.3,Changed mind,True,0.8323096081389446,6.830147658507477,0.9969423363362448,1,86,12,338.18,0.13953488372093023,10,0,1,6,1,0,2,0,2
Books,252.59,252.59,1,785.9930352054876,244.71,Changed mind,True,0.759,0.9747371741382171,0.88,1279,49,32,570.23,0.6530612244897959,26,3,2,1,1,7,7,7,7
Other,906.99,407.5,1,414.31,406.79,Not as expected,True,0.9535464828146767,0.8227688298842506,0.8602610390390361,1379,21,2,243.43,0.09523809523809523,0,0,2,4,1,0,1,0,1
Luxury,160.24,21.76,1,654.41,20.47,Wrong size,True,0.8632047135857667,8.305452815126317,0.8626481722186159,77,70,46,297.98,0.6571428571428571,41,4,1,6,3,12,12,12,12
Electronics,718.91,243.71,1,651.67,221.98,Wrong size,False,0.9722494173925416,76.75,0.333,93,89,9,405.59,0.10112359550561797,1,0,2,3,1,0,0,0,0
Luxury,411.07,411.07,1,558.24,383.02,Wrong size,True,0.9796670640219394,8.827333673447873,0.9312109639133795,400,21,4,358.43,0.19047619047619047,0,0,2,3,3,0,0,0,0
Electronics,173.26,69.64,1,425.47,64.65,Wrong size,True,0.840916470632745,2.436013678236467,0.9498914670645561,3,83,6,123.29,0.07228915662650602,4,0,2,1,3,0,0,0,0
Books,111.88,59.01,1,637.34,52.72,Wrong size,True,0.8935270728127745,5.001125883957462,0.9348538474538219,1344,12,1,459.63,0.08333333333333333,0,0,1,3,1,0,0,0,0
Books,771.95,40.12,1,662.25,39.63,Changed mind,True,0.995360926019116,9.143806415958423,0.8681959440255584,428,86,10,1374.51,0.11627906976744186,0,0,2,3,1,0,0,0,0
Apparel,504.65,504.65,1,322.86,496.28,Wrong size,True,0.8870390615798979,2.408454659212269,0.928908464950129,508,86,76,550.63,0.8837209302325582,13,0,12,12,12,7,7,7,7
Other,230.43,99.94,1,684.88,86.21,Not as expected,True,0.8795358838918769,3.732830294093059,0.8977636441408042,757,92,3,1731.19,0.03260869565217391,0,0,2,3,3,0,1,1,1
Apparel,334.8,19.27,1,64.5,16.96,Changed mind,True,0.9727112984895588,7.221934344977204,0.9809517616171631,1,83,10,262.39,0.12048192771084337,8,0,1,4,1,4,4,4,4
Luxury,404.93,404.93,1,468.1,389.41,Wrong size,True,0.9162715220971671,5.562307994877427,0.9689996660058776,197,93,9,127.46,0.0967741935483871,0,0,1,3,2,0,0,2,2
Apparel,160.79,33.3,1,395.86,32.6,Wrong size,True,0.9106285323011187,6.992983112465737,0.979115336554593,951,42,4,455.89,0.09523809523809523,0,0,1,2,1,0,0,0,0
Home,200.31,200.31,1,321.48,185.56,Not as expected,True,0.8711480581697859,6.494461302863628,0.8640754213755925,144,96,10,113.95,0.10416666666666667,2,0,1,1,2,0,0,0,0
Other,152.74,152.74,1,141.27,142.7,Wrong size,True,0.8743692520479396,8.407561720614094,0.9171514612884175,314,58,3,291.18,0.05172413793103448,0,0,1,3,2,0,3,0,3
Home,170.28,50.18,1,272.03,44.41,Changed mind,True,0.9529931830418417,0.8020096791263964,0.9870033401177537,101,48,1,400.59,0.020833333333333332,1,0,3,2,2,0,0,0,0
Sports,165.44,162.87,1,70.75,159.94,Not as expected,True,0.9764315923840934,7.836640205135328,0.9236650307340082,99,93,10,503.49,0.10752688172043011,4,0,4,3,1,2,1,1,2
Luxury,151.3,112.03,1,369.29,110.02,Not as expected,True,0.9292495602137902,9.879344554286856,0.9093765398933337,454,74,10,300.59,0.13513513513513514,0,0,3,5,2,0,0,0,0
Sports,103.22,66.51,1,443.41,63.74,Not as expected,True,0.9783118989647857,7.892233793265973,0.931199204436633,499,69,9,295.68,0.13043478260869565,1,0,1,1,1,0,0,0,0
Apparel,830.18,174.94,1,66.92,170.74,Wrong size,True,0.267,2.4766436279116846,0.666,3,68,8,370.92,0.11764705882352941,5,0,2,1,1,0,0,0,0
Home,122.69,83.38,1,232.99,78.63,Changed mind,True,0.905230197742215,3.6178101139307817,0.9284134654755478,1265,36,5,289.64,0.1388888888888889,0,0,2,3,1,0,0,0,0
Sports,478.31,11.93,1,95.78,10.29,Wrong size,True,0.9716568501941154,6.75954489363369,0.9891083621513479,1037,36,31,481.22,0.8611111111111112,9,0,12,12,12,7,7,7,7
Home,80.76,0.05,1,361.25,0.05,Changed mind,True,0.9233589371063375,0.8085727970605527,0.9424260130376146,290,30,4,683.67,0.13333333333333333,1,0,3,2,2,0,0,0,0
Luxury,445.95,34.26,1,685.11,31.05,Changed mind,True,0.990013582928198,1.4156782141965019,0.9110643794435572,1108,40,3,237.44,0.075,0,0,2,2,1,0,0,0,0
Home,416.19,416.19,1,269.73,408.2,Wrong size,True,0.911854498366095,5.179075770230836,0.9383419061021501,1405,61,4,1114.44,0.06557377049180328,0,0,1,1,1,0,0,0,0
Electronics,108.89,18.34,1,554.21,17.86,Not as expected,True,0.8773951225180492,9.31706141164773,0.9882777034335462,808,67,11,389.14,0.16417910447761194,0,0,2,5,2,0,0,0,0
Electronics,269.83,15.06,1,358.74,13.78,Not as expected,True,0.8327936591941985,0.1670229739178175,0.9546597782372133,1310,49,3,226.44,0.061224489795918366,0,0,2,2,1,1,0,0,1
Sports,115.25,115.25,1,350.75,104.58,Changed mind,True,0.9032599282692598,8.200358195552939,0.9335437078881558,144,98,7,272.67,0.07142857142857142,0,0,1,5,1,0,0,0,0
Beauty,146.08,68.73,1,285.86,62.99,Changed mind,True,0.9630231275380366,4.42257770988271,0.8642536543991395,684,69,4,1060.79,0.057971014492753624,0,0,1,1,6,0,0,2,2
Sports,148.52,11.61,1,243.36,11.6,Changed mind,True,0.9351294374067894,7.1613443481965255,0.8830979605195156,737,88,9,688.47,0.10227272727272728,0,0,3,3,1,0,0,0,0
Other,72.51,72.51,1,575.58,61.88,Wrong size,True,0.8938301568712114,7.790728630092191,0.9967216995921668,7,100,12,644.98,0.12,8,0,2,2,1,0,0,0,0
Electronics,152.58,152.58,1,605.05,137.53,Changed mind,True,0.913268971907124,2.655022855616452,0.9120475664098214,1318,47,4,545.26,0.0851063829787234,0,0,1,4,1,0,0,0,0
Electronics,389.91,151.33,1,421.14,146.79,Not as expected,True,0.9108617449841973,2.559634048406998,0.9054507989225938,1238,61,9,165.39,0.14754098360655737,0,0,1,3,3,0,0,0,0
Electronics,169.09,16.03,1,642.34,13.75,Wrong size,True,0.9178459633621755,6.128264896135642,0.9412935275841924,4,90,4,505.63,0.044444444444444446,4,0,2,2,2,1,1,1,1
Home,145.01,58.67,1,95.82,52.25,Wrong size,True,0.8913808038920298,8.288683013951651,0.863599345032912,954,80,8,654.14,0.1,0,0,5,3,3,3,2,0,3
Apparel,394.82,156.16,1,676.47,151.29,Wrong size,True,0.9172707789977589,8.585550134670061,0.8606237032883156,1,56,7,146.43,0.125,4,0,1,2,2,1,1,1,1
Apparel,156.62,156.62,1,671.44,150.05,Wrong size,True,0.8689954190582994,4.694014801344131,0.9558597991434541,697,85,5,341.69,0.058823529411764705,0,0,3,7,4,0,0,0,0
Electronics,151.05,151.05,1,168.18,143.44,Not as expected,True,0.9360757702892565,5.792220232696714,0.9294430245177155,1195,52,3,1203.73,0.057692307692307696,1,0,1,3,3,0,0,0,0
Apparel,263.72,120.88,1,280.04,107.72,Wrong size,True,0.889962370121039,8.540325665828096,0.9991895410616536,1203,24,4,196.58,0.16666666666666666,0,0,2,4,2,0,0,1,1
Other,54.06,7.66,1,447.62,7.07,Not as expected,True,0.8183684287956504,0.7691716789382608,0.9276598322250921,499,66,6,490.34,0.09090909090909091,0,0,1,2,1,0,0,0,0
Books,67.52,67.52,1,665.76,59.48,Not as expected,True,0.9926502457744786,8.937657914047701,0.8743747202232008,0,26,3,1834.0,0.11538461538461539,3,0,2,3,3,1,1,1,1
Apparel,619.14,579.59,1,575.71,567.62,Wrong size,True,0.9115807987960576,1.0009462727917107,0.8679407518611131,245,65,7,1274.46,0.1076923076923077,0,0,2,1,1,0,0,0,0
Luxury,113.05,75.73,1,238.63,68.19,Changed mind,True,0.9652233960095813,3.7838223406196536,0.8820567118705237,618,51,4,313.49,0.0784313725490196,0,0,1,4,1,0,0,0,0
Other,622.74,622.74,1,121.14,555.95,Changed mind,True,0.8631706332205222,3.877855827305605,0.9082795206658236,1436,66,3,289.58,0.045454545454545456,0,0,3,2,4,0,0,0,0
Books,1863.66,58.09,1,2.9,53.9,Changed mind,True,0.9987326789148772,9.374291367708334,0.9623233858244976,5,40,3,616.2,0.075,2,0,1,3,1,1,1,1,1
Apparel,764.81,58.47,1,39.36,55.57,Not as expected,True,0.559,3.0868357762289578,0.629,1133,86,8,629.74,0.09302325581395349,0,0,1,4,3,0,1,0,1
Apparel,120.97,50.07,1,613.95,45.92,Wrong size,True,0.9375446107984782,6.450398679998753,0.9338249690873033,575,80,7,287.89,0.0875,0,0,1,4,2,0,0,0,0
Other,87.4,20.25,1,689.08,17.6,Wrong size,True,0.8147131198014299,3.509331092828154,0.8777536631856006,1304,86,6,654.87,0.06976744186046512,0,0,1,3,5,0,0,1,1
Luxury,272.55,3.43,1,196.88,3.29,Changed mind,True,0.9555294837183427,7.050650244753718,0.8843572970850607,556,65,5,290.27,0.07692307692307693,0,0,1,4,2,0,0,0,0
Beauty,188.74,151.9,1,303.07,133.77,Wrong size,True,0.9229151176621181,7.271574979637018,0.9063153776369726,1372,55,5,96.91,0.09090909090909091,0,0,1,2,3,0,0,0,0
Books,63.18,63.18,1,451.6,54.39,Wrong size,True,0.9720261603700574,8.91821804090354,0.8975346664274918,1263,62,5,244.81,0.08064516129032258,0,0,1,2,1,0,0,0,0
Apparel,414.53,64.56,1,342.32,60.33,Changed mind,True,0.8756390797203072,6.139482109263255,0.8575726582439431,877,37,8,508.22,0.21621621621621623,0,0,1,2,4,0,0,0,0
Home,130.33,130.33,1,376.48,124.75,Changed mind,True,0.8339665894543454,1.890633929171518,0.8782732153875886,3,68,10,97.08,0.14705882352941177,10,0,2,4,4,1,1,1,1
Home,536.41,147.13,1,416.46,146.67,Not as expected,True,0.9646159221992743,8.06260115469868,0.961854137785257,1127,51,9,269.83,0.17647058823529413,0,0,2,3,1,0,1,0,1
Sports,298.62,192.27,1,160.69,119.38,Changed mind,False,0.9125728416282834,37.24,0.246,600,66,6,515.37,0.09090909090909091,1,0,2,3,1,1,7,1,7
Sports,106.84,106.84,1,942.6966380197816,106.53,Not as expected,True,0.712,9.821738675308717,0.897,1020,35,23,420.43,0.6571428571428571,19,0,3,7,2,5,6,4,6
Other,99.36,11.1,1,498.39,10.21,Changed mind,True,0.9451159503996133,0.7584973349254376,0.8883166374143388,628,57,7,371.39,0.12280701754385964,0,0,1,2,1,0,0,0,0
Beauty,478.14,478.14,1,197.6,469.84,Wrong size,True,0.8201788317932793,7.150631828176538,0.8702023068603265,619,76,7,156.26,0.09210526315789473,0,0,1,3,1,0,0,0,0
Electronics,42.82,42.82,1,321.58,41.35,Wrong size,True,0.9227406824944547,6.882496891511277,0.9296955335541998,695,56,6,373.59,0.10714285714285714,2,0,2,2,1,1,1,1,1
Other,378.12,205.39,1,66.84,181.05,Wrong size,True,0.9417873155124753,1.0501748889881768,0.9582916104001691,1300,75,11,880.07,0.14666666666666667,0,0,2,4,4,0,0,0,0
Beauty,104.43,104.43,1,154.61,89.93,Not as expected,True,0.9242059537229668,4.580958069125737,0.9560079728035992,458,64,10,267.11,0.15625,0,0,2,3,1,0,0,0,0
Luxury,61.76,61.76,1,231.35,60.38,Wrong size,True,0.9220695238397275,8.064395879981156,0.945256728503353,1279,49,32,570.23,0.6530612244897959,26,3,2,1,1,7,7,7,7
Luxury,181.49,58.64,1,651.06,58.6,Changed mind,True,0.909255142183899,4.693892815807415,0.9667470614023497,96,94,13,389.84,0.13829787234042554,1,0,4,1,2,0,0,0,0
Sports,844.27,844.27,1,191.57,819.62,Not as expected,True,0.881416082175784,3.216703458969069,0.9203058673937567,1380,48,4,172.89,0.08333333333333333,0,0,2,3,4,0,0,0,0
Sports,162.92,161.51,1,200.69,139.54,Not as expected,True,0.8303436132353562,8.102659213166444,0.9603579075970267,683,86,4,223.63,0.046511627906976744,0,0,1,4,2,0,0,0,0
Luxury,300.86,229.14,1,184.74,208.57,Not as expected,True,0.9856400680563918,5.686919614563757,0.9475814134624911,911,54,6,127.01,0.1111111111111111,0,0,2,1,3,0,0,0,0
Other,66.13,24.77,1,177.85,21.52,Wrong size,True,0.8546343504883777,9.303691161710518,0.9282315437566753,874,81,11,471.86,0.13580246913580246,1,0,1,3,2,0,0,0,0
Apparel,127.82,127.82,1,684.02,113.99,Changed mind,True,0.8171584603845374,0.27520482453705863,0.9109074849938146,1,53,6,440.19,0.11320754716981132,6,0,2,1,5,3,3,3,3
Other,359.31,137.39,1,149.8,119.76,Not as expected,True,0.8383612965986489,6.365220318172701,0.9320159596729389,1,92,9,246.02,0.09782608695652174,7,0,2,2,3,1,1,1,1
Books,179.05,179.05,1,542.43,160.42,Not as expected,True,0.8997126339071659,3.4976274186255507,0.8883867696162595,4,40,5,575.3,0.125,3,0,5,3,2,0,0,0,0
Home,252.75,252.75,1,417.92,227.64,Wrong size,True,0.8275347798753645,9.404727855211569,0.8764609705982864,1368,55,5,342.16,0.09090909090909091,0,0,1,6,2,0,1,0,1
Other,143.13,14.74,1,87.49,12.69,Not as expected,True,0.9778481147548623,9.102367151675754,0.8602052467266161,4,36,3,386.51,0.08333333333333333,2,0,1,2,3,0,0,0,0
Luxury,181.54,181.54,1,293.5,174.54,Wrong size,True,0.9318842533987299,7.249675343854857,0.9154575441963327,927,60,3,210.46,0.05,0,0,3,4,2,0,0,0,0
Luxury,637.17,54.7,1,15.67,51.6,Not as expected,True,0.341,7.165744697524515,0.732,1017,44,8,240.31,0.18181818181818182,0,0,1,2,3,0,0,2,2
Home,594.69,36.11,1,234.53,34.66,Changed mind,True,0.8389116687715412,4.120207633714644,0.9168657604871645,65,93,14,326.37,0.15053763440860216,2,0,2,1,1,0,0,0,0
Luxury,191.7,108.76,1,269.35,107.95,Not as expected,True,0.9178749682713038,6.503374844282572,0.8810878120731542,1300,75,11,880.07,0.14666666666666667,0,0,2,4,4,0,0,0,0
Luxury,513.66,67.18,1,340.23,62.5,Changed mind,True,0.8902681844072364,7.42897648597852,0.8656023035089407,593,100,14,184.83,0.14,0,0,3,5,3,0,0,0,0
Electronics,241.23,200.9,1,552.72,180.2,Changed mind,True,0.8276601195157237,8.634427113127243,0.8762199660820396,64,100,7,92.69,0.07,3,0,3,2,3,0,0,0,0
Sports,141.34,78.79,1,655.9865045266378,71.23,Wrong size,True,0.706,7.745547211597126,0.781,1279,49,32,570.23,0.6530612244897959,26,3,2,1,1,7,7,7,7
Beauty,235.69,235.69,1,575.06,212.72,Wrong size,True,0.8751227339975576,7.591686470208689,0.9498554188930416,813,18,2,119.39,0.1111111111111111,0,0,3,7,1,0,0,0,0
Apparel,152.92,46.2,1,473.79,45.8,Changed mind,True,0.8820294563800978,9.164870747822677,0.9042654796768149,1257,44,4,458.55,0.09090909090909091,0,0,1,2,1,0,0,0,0
Beauty,73.43,73.43,1,321.08,65.81,Changed mind,True,0.8533115188045971,9.712055610358256,0.9994308302601095,289,68,7,1137.41,0.10294117647058823,1,0,1,5,3,0,0,0,0
Electronics,98.3,98.3,1,115.69,98.22,Wrong size,True,0.8498149934670371,6.26439537104348,0.9313615164540556,1084,51,5,410.96,0.09803921568627451,0,0,1,2,3,0,0,1,1
Luxury,185.04,185.04,1,585.38,164.81,Changed mind,False,0.9704434104994544,51.81,0.143,575,80,7,287.89,0.0875,0,0,1,4,2,0,0,0,0
Apparel,268.52,223.74,1,718.71,216.91,Not as expected,True,0.8801767220745359,7.62256092033756,0.8600337702931885,700,30,7,316.42,0.23333333333333334,0,0,1,3,4,0,0,1,1
Other,335.34,275.97,1,234.78,249.18,Wrong size,True,0.8745351789679523,9.959091359406537,0.9469016280675376,1269,71,9,667.38,0.1267605633802817,0,0,1,2,3,0,0,1,1
Electronics,141.55,47.66,1,394.47,40.96,Changed mind,True,0.9144742412995864,1.4075413173625329,0.9965971345052116,241,64,6,218.44,0.09375,0,0,1,2,2,0,0,0,0
Luxury,158.53,158.53,1,126.4,152.73,Not as expected,True,0.8692027597826917,3.3658273637447844,0.9069078065365592,3,87,10,940.41,0.11494252873563218,7,0,2,3,1,0,0,0,0
Beauty,136.36,108.11,1,461.2,100.29,Not as expected,True,0.8224277960519137,3.039512826649624,0.8565705661124523,668,64,7,256.12,0.109375,0,0,1,2,1,0,0,0,0
Books,84.3,84.3,1,113.42,82.33,Changed mind,True,0.9986941243093537,4.847116213812065,0.8619037669656194,1378,68,6,133.58,0.08823529411764706,0,0,4,2,3,0,0,0,0
Luxury,356.24,30.17,1,530.53,25.99,Wrong size,True,0.8123543030869347,8.44796025608337,0.9809263682469136,6,78,13,391.82,0.16666666666666666,12,0,1,7,2,0,0,1,1
Home,344.02,56.05,1,489.95,49.28,Not as expected,True,0.9163997926627265,5.640288643914822,0.9780951986530222,381,93,15,744.19,0.16129032258064516,0,0,2,1,4,0,0,0,0
Apparel,177.56,177.56,1,206.2,160.06,Changed mind,True,0.8025597316837537,6.503846202741267,0.984020746402232,36,92,9,301.57,0.09782608695652174,4,0,1,2,3,0,0,0,0
Home,272.68,188.87,1,631.36,181.12,Changed mind,True,0.8448386938434497,1.6739285351340372,0.9349714849433027,1095,64,9,482.91,0.140625,0,0,1,1,2,0,0,0,0
Home,36.5,22.77,1,253.35,21.01,Wrong size,True,0.918498024357015,3.2349974320450183,0.8728467819494083,48,88,11,586.13,0.125,3,0,2,4,2,0,0,0,0
Electronics,153.92,153.92,1,586.06,141.33,Not as expected,True,0.9253523681305367,3.0151242766758912,0.97915756762172,289,95,11,820.7,0.11578947368421053,2,0,2,6,3,0,0,3,3
Other,49.92,26.58,1,646.1,25.42,Changed mind,True,0.90496613270249,6.705438189854452,0.8941824760316206,777,8,2,514.94,0.25,0,0,3,3,2,0,1,0,1
Luxury,87.48,87.48,1,398.68,76.37,Changed mind,True,0.8857420940529304,0.5800856395261489,0.8655692154813562,190,6,2,71.35,0.3333333333333333,1,0,1,2,5,0,0,0,0
Beauty,215.87,215.87,1,409.35,208.51,Changed mind,True,0.9224703335383418,6.257053695655204,0.9920620251999954,7,52,7,341.58,0.1346153846153846,6,0,2,2,2,0,0,1,1
Luxury,214.3,76.94,1,506.82,70.21,Changed mind,True,0.9223064412801896,8.989284052581434,0.9575183565594927,508,86,76,550.63,0.8837209302325582,13,0,12,12,12,7,7,7,7
Books,58.14,24.04,1,238.57,22.82,Wrong size,True,0.8531404932039268,2.713239971812329,0.8569207778756656,185,66,2,636.72,0.030303030303030304,0,0,3,6,3,0,0,0,0
Sports,643.21,222.65,1,501.17,114.69,Not as expected,False,0.8993217716422653,30.16,0.327,320,23,4,393.4,0.17391304347826086,0,0,2,2,2,0,2,0,2
Luxury,141.71,141.71,1,475.53,129.04,Not as expected,True,0.8100036783337181,5.172755512852217,0.9857405511011446,1445,78,13,558.22,0.16666666666666666,0,0,2,2,2,0,0,0,0
Other,101.67,54.53,1,139.73,48.89,Not as expected,True,0.9662891595550546,2.3217183654199736,0.9665644854605756,219,77,6,334.25,0.07792207792207792,0,0,4,5,2,1,6,0,6
Beauty,136.51,45.72,1,217.9,43.86,Changed mind,True,0.9033398598764306,2.1330759088936855,0.96800350845467,461,77,5,77.14,0.06493506493506493,0,0,1,5,3,0,0,0,0
Home,89.85,89.85,1,157.31,87.39,Changed mind,True,0.985427668723823,5.5108781523612596,0.9136408469482238,3,94,10,904.56,0.10638297872340426,9,0,3,6,2,1,1,2,2
Books,119.6,33.41,1,413.5,29.28,Wrong size,True,0.9778102175978804,6.400084230628216,0.8928215170287532,596,92,7,811.07,0.07608695652173914,0,0,3,1,1,0,0,0,0
Apparel,171.68,171.68,1,368.7,165.98,Wrong size,True,0.9855067455041301,2.936879938775694,0.9187460806452745,33,48,9,1269.85,0.1875,3,0,2,2,1,0,0,0,0
Other,118.91,118.91,1,703.0,115.87,Wrong size,True,0.9893169969869702,9.923877851181754,0.9449028132520627,628,45,5,661.24,0.1111111111111111,0,0,3,4,3,0,1,0,1
Other,175.68,84.86,1,646.15,72.92,Not as expected,True,0.9491252871902708,1.8405944511457872,0.9618282439582277,5,35,4,177.89,0.11428571428571428,4,0,3,2,1,0,0,0,0
Beauty,249.89,249.89,1,667.79,247.36,Changed mind,True,0.8215199042880786,8.563523511935522,0.9156982124753648,0,90,6,301.27,0.06666666666666667,5,0,1,1,2,1,1,1,1
Electronics,635.58,265.34,1,352.23,265.17,Changed mind,True,0.9250137376940251,5.955116331549037,0.8938248185281047,811,63,8,584.44,0.12698412698412698,0,0,3,1,1,0,0,0,0
Beauty,118.96,42.4,1,233.3,40.01,Changed mind,True,0.9033106995500101,1.5138486944778906,0.9363747178383615,713,90,7,407.38,0.07777777777777778,0,0,1,5,3,0,0,0,0
Books,140.88,103.59,1,326.77,101.51,Changed mind,True,0.9406526699492451,3.830887270422604,0.8556965716037819,1108,29,6,127.62,0.20689655172413793,0,0,1,2,2,0,0,0,0
Sports,331.8,137.46,1,337.89,119.69,Wrong size,True,0.8553516564548912,0.8897344152948139,0.8952893941377162,1,10,1,198.69,0.1,1,0,3,2,2,3,0,0,3
Books,168.47,129.75,1,634.82,122.11,Wrong size,True,0.8184735682691202,6.388763214332944,0.9227528712640283,694,86,11,183.51,0.12790697674418605,1,0,1,4,1,0,0,0,0
Books,400.62,87.24,1,4430.386235974157,76.03,Changed mind,True,0.881,7.568040224464991,0.708,1426,73,48,162.72,0.6575342465753424,43,6,3,5,1,14,14,14,14
Apparel,226.02,226.02,1,345.77,218.36,Changed mind,True,0.8585389826036969,2.4436249089947903,0.9815234912175482,249,86,10,719.42,0.11627906976744186,0,0,3,5,4,0,0,0,0
Apparel,366.65,27.74,1,564.12,27.06,Wrong size,True,0.8946129788134287,9.10565813214478,0.8928015994337659,1399,86,11,104.17,0.12790697674418605,0,0,1,4,3,0,0,0,0
Beauty,254.4,254.4,1,719.19,248.42,Not as expected,True,0.8512113923895623,3.923796243812172,0.8705942541099567,1292,81,11,109.79,0.13580246913580246,0,0,1,5,2,0,0,0,0
Books,128.31,49.36,1,217.33,46.12,Not as expected,True,0.8934059805030989,9.387071340751177,0.9125044051209741,3,39,4,1263.27,0.10256410256410256,3,0,2,4,3,0,0,0,0
Books,174.59,174.59,1,587.86,155.97,Changed mind,True,0.9121810526131322,0.008095304263650016,0.9938406130255907,1444,43,5,477.44,0.11627906976744186,0,0,3,2,1,0,0,0,0
Luxury,54.33,54.33,1,132.31,53.89,Not as expected,True,0.9400201428495347,2.579031959557576,0.9891997906255143,1271,88,9,1094.84,0.10227272727272728,0,0,1,2,3,0,0,0,0
Books,358.86,165.79,1,244.88,157.94,Wrong size,True,0.9358532324765491,8.736535886236831,0.9403733368390058,865,65,6,266.98,0.09230769230769231,0,0,2,4,1,0,0,0,0
Beauty,236.67,236.67,1,116.13,232.09,Not as expected,True,0.8825695712154347,9.570341113892448,0.9953640000716185,1167,44,39,315.74,0.8863636363636364,9,0,12,12,12,7,7,7,7
Apparel,786.31,2.07,1,50.67,1.95,Not as expected,True,0.469,1.3905365919020263,0.762,763,92,5,217.81,0.05434782608695652,1,0,2,1,1,0,0,0,0
Luxury,96.54,34.05,1,618.36,30.23,Not as expected,True,0.8851600393385326,0.6169698566317128,0.8891916229083189,1096,34,30,119.36,0.8823529411764706,7,0,12,12,12,7,7,7,7
Books,897.9,13.01,1,8.63,12.38,Wrong size,True,0.8939507011177815,5.935331569011445,0.975811365114841,0,72,10,757.64,0.1388888888888889,9,0,4,2,1,1,1,1,1
Electronics,168.95,63.34,1,375.59,63.16,Changed mind,True,0.8905956678556127,0.56468652997268,0.8928470027113169,1349,39,6,1106.76,0.15384615384615385,0,0,1,1,1,0,0,0,0
Sports,258.38,208.36,1,133.38,188.65,Wrong size,True,0.9729836649624385,6.147234542616862,0.8734155530416852,3,17,15,167.66,0.8823529411764706,4,0,12,12,12,7,7,7,7
Other,96.84,96.84,1,548.72,95.86,Wrong size,True,0.9357015056151705,8.223832463104067,0.8986065617631309,4,93,12,524.91,0.12903225806451613,10,0,1,2,1,1,1,1,1
Sports,240.61,189.33,1,385.34,185.68,Changed mind,True,0.8123757984738913,1.0345414056935054,0.934052914980435,1,69,12,581.88,0.17391304347826086,11,0,1,3,1,1,1,1,1
Other,94.72,93.27,1,515.46,90.29,Wrong size,True,0.8902279659184587,9.359946292794334,0.8679740145236446,268,25,5,838.37,0.2,0,0,3,5,3,0,0,0,0
Apparel,132.88,71.13,1,434.8,64.91,Not as expected,True,0.9754451882479969,6.229265310398846,0.9732952652637664,2,46,7,1187.92,0.15217391304347827,6,0,2,1,3,1,1,1,1
Sports,36.48,1.65,1,402.27,1.46,Changed mind,True,0.9577660117564395,2.725464723636948,0.9281334362025395,69,92,8,304.12,0.08695652173913043,2,0,3,5,2,2,1,0,2
Home,277.52,277.52,1,207.16,266.75,Wrong size,True,0.9312087438427804,6.992472860605332,0.8596722892898578,6,89,9,1048.16,0.10112359550561797,5,0,3,2,1,0,0,0,0
Books,144.96,144.96,1,275.78,136.86,Changed mind,True,0.9318981111705723,4.380046977026248,0.9833188576178847,6,68,8,651.44,0.11764705882352941,6,0,1,3,3,0,0,0,0
Luxury,896.48,56.07,1,40.01,48.03,Not as expected,True,0.374,0.33148682808013086,0.74,3,94,11,146.86,0.11702127659574468,10,0,1,3,4,3,3,3,3
Luxury,216.57,216.57,1,177.74,211.37,Wrong size,True,0.8952034515888214,9.922267231427185,0.8617912534309564,5,47,4,618.38,0.0851063829787234,3,0,3,1,1,1,0,0,1
Books,510.12,81.41,1,478.93,69.71,Not as expected,True,0.901366029417341,8.99251179802654,0.8920852257879138,465,88,11,28.57,0.125,0,0,3,2,1,2,0,0,2
Books,72.39,17.9,1,579.99,17.81,Wrong size,True,0.9350100444958666,4.5028737483195735,0.9784036676392985,1330,51,4,368.35,0.0784313725490196,0,0,3,2,1,0,0,0,0
Sports,111.98,93.86,1,398.77,81.94,Wrong size,False,0.9528237584443718,73.51,0.058,163,86,7,247.14,0.08139534883720931,1,0,1,1,2,0,0,0,0
Electronics,74.39,26.55,1,121.67,22.85,Not as expected,True,0.9357256213287419,7.364859800122458,0.9525417549893118,131,54,13,168.69,0.24074074074074073,0,0,3,1,2,0,0,1,1
Electronics,381.38,13.64,1,383.51,11.66,Changed mind,True,0.9707500045504891,3.3587574478570916,0.9595948502189022,6,56,9,326.22,0.16071428571428573,7,0,2,4,2,1,1,1,1
Electronics,765.59,80.62,1,66.39,76.43,Changed mind,True,0.459,8.69501620628075,0.676,609,72,6,139.9,0.08333333333333333,0,0,1,3,2,0,0,1,1
Apparel,115.26,54.15,1,80.31,37.27,Wrong size,False,0.854235651509996,76.99,0.135,1295,83,12,953.0,0.14457831325301204,0,0,3,4,1,7,0,0,7
Sports,304.56,304.56,1,136.9,303.81,Changed mind,True,0.8279307202380789,6.637462358029419,0.9976698926823195,2,22,4,388.06,0.18181818181818182,2,0,1,2,3,0,0,0,0
Electronics,54.88,54.88,1,91.09,47.42,Wrong size,True,0.8031821157393232,2.072105474871928,0.977362942414192,96,94,13,389.84,0.13829787234042554,1,0,4,1,2,0,0,0,0
Other,147.07,28.01,1,435.69,24.68,Wrong size,True,0.9977524871261161,8.202106594345363,0.8693214978893097,284,60,4,235.4,0.06666666666666667,0,0,1,2,1,0,0,0,0
Beauty,54.52,54.52,1,513.12,51.87,Changed mind,True,0.8916146402724975,9.120916931081737,0.9837904501077515,1020,76,7,229.25,0.09210526315789473,0,0,4,4,2,0,0,0,0
Electronics,153.29,70.28,1,93.2,61.13,Not as expected,True,0.8592889031129501,4.054098179474087,0.9871401276327582,465,76,5,289.39,0.06578947368421052,0,0,2,4,1,0,0,0,0
Electronics,358.74,358.74,1,486.65,308.95,Changed mind,True,0.8779579714303496,8.966509388687378,0.9249375966882483,7,59,9,294.42,0.15254237288135594,8,0,1,7,2,0,6,0,6
Electronics,1913.21,65.33,1,2.37,59.0,Wrong size,True,0.9324450974364495,4.85100027339136,0.9874603302944376,6,71,12,178.65,0.16901408450704225,8,0,2,3,3,3,3,3,3
Sports,164.37,41.58,1,291.68,40.71,Not as expected,True,0.9953030164461231,6.0268819265029006,0.9548383155390936,388,48,6,598.5,0.125,0,0,2,7,2,0,0,0,0
Apparel,421.44,421.44,1,338.8,411.03,Not as expected,True,0.91698623920272,3.6337245514924534,0.8630630919921175,1278,45,6,1371.72,0.13333333333333333,0,0,1,1,1,0,0,0,0
Books,118.56,111.71,1,715.05,105.76,Changed mind,True,0.9193528934564879,0.2944439858441805,0.9106629597543615,362,18,2,1199.69,0.1111111111111111,0,0,4,5,2,0,1,0,1
Home,88.21,41.87,1,685.44,39.16,Not as expected,True,0.821589198028958,4.221451006016334,0.8526260278305724,823,58,6,213.14,0.10344827586206896,1,0,2,1,1,0,0,0,0
Books,155.45,155.45,1,467.12,155.02,Not as expected,True,0.867870762674428,1.6552127022331231,0.8689622025278632,1074,46,4,341.27,0.08695652173913043,0,0,1,4,1,0,0,0,0
Electronics,173.46,147.12,1,280.54,128.84,Wrong size,True,0.9063853619088713,7.438328782951809,0.9371111633989803,808,72,6,223.76,0.08333333333333333,0,0,2,3,2,0,1,0,1
Electronics,239.88,1.15,1,159.59,1.04,Changed mind,True,0.9500692263577282,8.259151976237288,0.8786716900118011,793,69,5,680.11,0.07246376811594203,0,0,2,3,1,0,0,0,0
Sports,293.8,42.76,1,645.3060901532928,39.32,Not as expected,True,0.888,8.833747226000707,0.806,1066,39,26,107.19,0.6666666666666666,23,1,3,5,3,7,7,7,7
Luxury,98.78,98.78,1,216.78,84.2,Wrong size,True,0.9931023429345202,4.847651931904765,0.881305835862836,5,74,11,550.61,0.14864864864864866,8,0,5,1,1,0,0,0,0
Home,85.39,4.74,1,113.87,4.49,Changed mind,True,0.9637609443218055,4.536101628625322,0.9985323597559362,541,88,6,87.43,0.06818181818181818,0,0,3,4,3,0,0,0,0
Home,460.25,432.74,1,131.27,400.92,Not as expected,True,0.8560773343485415,5.975650491209602,0.8755500021547488,0,22,1,158.21,0.045454545454545456,1,0,5,4,2,0,0,0,0
Sports,192.93,26.53,1,364.11,24.33,Wrong size,True,0.8339814483289315,9.149511487329997,0.9657529373011577,1482,93,6,983.04,0.06451612903225806,0,0,2,5,3,0,0,0,0
Apparel,158.9,2.98,1,9834.192437224401,2.8,Wrong size,True,0.807,2.07917612008118,0.947,1426,48,32,158.11,0.6666666666666666,31,3,2,5,2,9,9,9,9
Other,77.6,37.75,1,326.92,32.72,Changed mind,True,0.9873619130857583,5.74197635955862,0.86737432307934,698,25,3,907.19,0.12,0,0,5,2,3,0,0,1,1
Luxury,146.53,25.77,1,534.36,24.92,Changed mind,True,0.9804283131316874,1.0454619222192552,0.8918938323440879,1138,96,7,164.72,0.07291666666666667,0,0,1,5,2,0,0,0,0
Apparel,132.66,132.66,1,606.68,126.2,Not as expected,True,0.8385755872635765,6.860559068912602,0.9020133410697497,323,74,9,171.15,0.12162162162162163,0,0,2,2,2,0,0,1,1
Other,834.64,329.67,1,375.71,280.74,Not as expected,True,0.8124769990530887,9.529872456328093,0.8887891902326271,995,18,1,479.46,0.05555555555555555,0,0,4,5,1,0,0,0,0
Apparel,174.11,32.89,1,604.36,28.43,Not as expected,True,0.9268185619649731,5.079347705861172,0.8840949659120129,241,64,6,218.44,0.09375,0,0,1,2,2,0,0,0,0
Home,165.58,165.58,1,334.14,117.59,Changed mind,False,0.9440253140317897,40.26,0.214,951,42,4,455.89,0.09523809523809523,0,0,1,2,1,0,0,0,0
Home,141.67,74.47,1,132.03,68.09,Changed mind,True,0.8533490692570036,6.999639282174944,0.8796677038095136,1370,83,10,390.62,0.12048192771084337,0,0,3,1,2,0,0,0,0
Home,977.76,77.6,1,49.82,67.55,Changed mind,True,0.9379924309646482,8.787892288466852,0.9263663525819558,1477,95,7,179.98,0.07368421052631578,0,0,1,4,2,0,1,0,1
Sports,905.22,84.37,1,8.37,79.89,Not as expected,True,0.9657514848080215,6.107927346580881,0.9717613626006919,6,89,9,1048.16,0.10112359550561797,5,0,3,2,1,0,0,0,0
Beauty,179.63,91.63,1,369.06,88.36,Changed mind,True,0.8431616217376305,5.579077635879442,0.8523987967629191,1405,57,6,691.13,0.10526315789473684,0,0,2,3,1,0,3,0,3
Luxury,49.2,49.2,1,300.47,46.02,Wrong size,True,0.9394486095534036,0.811451844608243,0.9667853859067814,7,78,12,301.09,0.15384615384615385,9,0,1,1,1,0,0,0,0
Other,1006.43,63.45,1,9.76,58.88,Not as expected,True,0.8459556583393333,5.273865387134451,0.9607507522355871,6,67,9,262.2,0.13432835820895522,7,0,3,3,1,0,0,0,0
Electronics,554.92,243.45,1,396.83,222.83,Changed mind,True,0.8792715507894969,9.777219934963533,0.9143858540572242,815,79,6,490.17,0.0759493670886076,0,0,2,7,2,0,0,0,0
Luxury,234.55,234.55,1,597.39,201.66,Wrong size,False,0.982904694338288,34.1,0.22,1,98,6,211.01,0.061224489795918366,5,0,2,2,3,1,1,1,1
Other,129.4,129.4,1,101.76,116.89,Not as expected,True,0.8432040931736411,3.630918242804675,0.9918870730214562,2,31,5,943.19,0.16129032258064516,4,0,1,4,2,0,0,0,0
Sports,95.55,2.24,1,121.2,1.95,Changed mind,True,0.9314752096485865,5.71286908777051,0.868358820174897,3,58,9,1148.32,0.15517241379310345,8,0,3,2,1,2,3,1,3
Apparel,91.05,6.81,1,614.19,6.25,Changed mind,True,0.9522295289602302,9.461273366689763,0.971312190984298,1238,86,9,85.41,0.10465116279069768,0,0,2,4,2,0,0,0,0
Other,63.0,63.0,1,340.45,54.36,Not as expected,True,0.9098486453989496,7.644398809359387,0.9593601308354607,1238,61,9,165.39,0.14754098360655737,0,0,1,3,3,0,0,0,0
Other,139.88,38.97,1,249.72,36.38,Wrong size,True,0.8790949272640802,9.043088971805197,0.9291029677283105,1133,33,5,41.26,0.15151515151515152,0,0,2,2,2,1,0,0,1
Beauty,320.05,251.6,1,359.62,221.96,Wrong size,True,0.9844993981959627,8.7923950405358,0.8536515208043038,0,82,10,196.84,0.12195121951219512,9,0,2,4,4,2,2,2,2
Other,77.21,77.21,1,132.11,67.82,Wrong size,True,0.9341191118134825,5.620066679933039,0.9996675707828387,1306,78,8,496.65,0.10256410256410256,0,0,1,1,3,0,0,12,12
Books,482.08,351.63,1,58.63,341.1,Changed mind,True,0.936145022464177,4.6391210465267365,0.8857452439598851,707,94,62,222.85,0.6595744680851063,54,5,1,3,1,10,10,10,10
Sports,156.98,127.24,1,323.53,121.78,Not as expected,True,0.8315836670459675,5.906470708552181,0.9862039441116524,179,60,8,155.88,0.13333333333333333,1,0,4,6,1,0,1,0,1
Books,639.48,415.37,1,617.23,364.92,Changed mind,True,0.9015789332434798,7.264370956110141,0.9772325015331096,516,83,4,670.22,0.04819277108433735,0,0,5,4,1,0,0,0,0
Beauty,110.02,110.02,1,442.49,109.73,Not as expected,True,0.911286918895728,7.250246208873125,0.9636297684785978,428,86,10,1374.51,0.11627906976744186,0,0,2,3,1,0,0,0,0
Other,909.45,486.36,1,207.94,366.56,Wrong size,False,0.8467379991004116,40.7,0.23,957,77,5,1331.63,0.06493506493506493,0,0,5,2,2,0,0,0,0
Home,225.58,155.46,1,383.95,150.63,Not as expected,True,0.8676030398597476,4.245123505152412,0.9277318871834914,1292,81,11,109.79,0.13580246913580246,0,0,1,5,2,0,0,0,0
Electronics,206.21,92.72,1,642.49,85.05,Wrong size,True,0.8332966340822159,1.5724152234428301,0.9051708431784786,2,44,4,358.72,0.09090909090909091,4,0,2,1,1,0,0,0,0
Apparel,667.62,176.55,1,624.25,169.0,Not as expected,True,0.8029698029374206,0.1746026613719609,0.905067789814655,31,51,5,243.45,0.09803921568627451,2,0,1,3,3,0,0,0,0
Apparel,69.21,69.21,1,602.45,64.68,Wrong size,True,0.9039328203302893,3.1453657227576493,0.9408080794332883,42,43,4,458.49,0.09302325581395349,2,0,2,2,3,7,0,0,7
Sports,672.4,555.62,1,717.72,555.36,Not as expected,True,0.8186126469393332,0.23358577494370536,0.9220235836244681,1208,49,42,168.88,0.8571428571428571,6,0,12,12,12,7,7,7,7
Other,176.03,17.13,1,449.98,15.54,Not as expected,True,0.8819327648021338,8.286247875918942,0.9727578953304481,2,76,7,159.88,0.09210526315789473,7,0,2,5,2,3,0,0,3
Electronics,129.21,24.8,1,462.8,22.4,Changed mind,True,0.9791558178055041,9.026838929654765,0.987531403732767,3,94,11,146.86,0.11702127659574468,10,0,1,3,4,3,3,3,3
Sports,436.35,34.48,1,136.73,32.55,Not as expected,True,0.9342973652405019,0.15322002168257853,0.878656295803726,1483,92,8,80.59,0.08695652173913043,0,0,3,2,1,0,0,0,0
Luxury,567.8,567.8,1,122.65,564.21,Changed mind,True,0.966241918985622,7.673491525181127,0.9870527341240659,258,80,7,1089.05,0.0875,1,0,1,2,2,0,0,0,0
Other,257.49,203.55,1,361.78,198.01,Not as expected,True,0.8039136872044662,6.797405613636741,0.9436363970288324,1095,79,12,569.57,0.1518987341772152,0,0,1,1,3,0,0,2,2
Home,141.61,141.61,1,461.69,136.87,Not as expected,True,0.9891735450888668,0.49712687717794357,0.8721316950595601,1357,46,6,570.79,0.13043478260869565,0,0,1,3,1,0,0,0,0
Apparel,723.76,94.49,1,7.01,88.78,Wrong size,True,0.577,8.59390335145107,0.602,372,99,6,36.25,0.06060606060606061,0,0,1,2,1,0,0,0,0
Luxury,98.75,21.81,1,377.26,20.72,Not as expected,True,0.9087923702098467,0.919918580501139,0.9495775328793397,1037,36,31,481.22,0.8611111111111112,9,0,12,12,12,7,7,7,7
Sports,784.15,784.15,1,125.77,669.98,Changed mind,True,0.986028949961798,2.8605775226342125,0.9635843918782059,298,91,6,644.58,0.06593406593406594,0,0,1,3,3,0,0,1,1
Books,680.04,243.93,1,214.36,239.01,Wrong size,True,0.8388602572779181,4.539819219816586,0.8664389786770836,2,23,2,843.38,0.08695652173913043,1,0,1,2,1,0,0,0,0
Beauty,71.19,71.19,1,296.37,52.72,Wrong size,False,0.9489093075169881,67.42,0.37,1,97,11,250.07,0.1134020618556701,8,0,3,3,2,3,2,2,3
Other,100.16,78.92,1,528.4,69.54,Not as expected,True,0.9815763931968893,5.0290844565298904,0.9672707412259833,0,87,8,146.9,0.09195402298850575,8,1,1,4,1,1,1,1,1
Apparel,85.66,4.05,1,112.88,3.93,Changed mind,True,0.9485736580868964,3.0299944107787247,0.9635190404557767,0,90,6,301.27,0.06666666666666667,5,0,1,1,2,1,1,1,1
Books,275.42,275.42,1,600.27,238.56,Not as expected,True,0.9701729001190853,2.517860449707985,0.9018781535756355,1405,20,3,412.59,0.15,0,0,3,4,1,2,0,0,2
Home,144.05,107.52,1,337.29,96.62,Wrong size,True,0.8082496529226051,8.686800495932724,0.8787201736386693,801,67,44,340.6,0.6567164179104478,39,6,1,1,2,10,10,10,10
Beauty,260.74,260.74,1,350.1,222.8,Not as expected,True,0.9830303455965226,0.47576531712013925,0.8689097326718193,7,97,9,37.9,0.09278350515463918,9,0,1,3,2,3,3,3,3
Luxury,974.08,974.08,1,98.08,876.55,Changed mind,True,0.8264144097271873,4.515254787138055,0.8852533399763718,1032,61,11,464.81,0.18032786885245902,0,0,1,5,2,0,0,0,0
Books,254.05,141.19,1,223.87,133.38,Not as expected,True,0.9759564593469174,5.227100798431456,0.8781613648858207,175,63,3,580.44,0.047619047619047616,0,0,1,5,1,0,0,0,0
Electronics,84.56,77.82,1,313.12,67.91,Not as expected,True,0.9769514663402546,5.959962687181571,0.8540190363564881,4,86,13,304.78,0.1511627906976744,10,0,3,3,1,1,1,1,1
Books,201.0,66.75,1,264.17,56.87,Not as expected,True,0.8403929138292826,8.451862327681145,0.9162100566748049,869,98,9,1150.47,0.09183673469387756,0,0,4,5,2,1,0,0,1
Luxury,185.04,185.04,1,111.16,178.88,Not as expected,True,0.8493138384993707,7.728154294553537,0.9837678449828737,200,17,3,439.7,0.17647058823529413,1,0,1,4,5,0,2,3,3
Home,111.03,111.03,1,329.63,104.0,Not as expected,True,0.9602412047514385,6.902357754965536,0.9523443852651073,410,96,7,270.54,0.07291666666666667,0,0,2,1,1,0,0,0,0
Books,124.06,112.73,1,253.56,100.05,Not as expected,True,0.9009680924642974,4.716369477538207,0.9757608676889,1267,34,6,681.5,0.17647058823529413,0,0,1,3,1,0,0,0,0
Electronics,217.73,61.14,1,178.35,55.5,Not as expected,True,0.8221838191163776,1.4196762969084764,0.9601736633424113,811,63,8,584.44,0.12698412698412698,0,0,3,1,1,0,0,0,0
Luxury,561.57,409.31,1,551.84,387.21,Not as expected,True,0.859529101689828,7.542985347207046,0.90373210610176,118,68,5,395.05,0.07352941176470588,1,0,1,3,2,0,0,0,0
Beauty,175.79,28.68,1,464.2843473155075,26.34,Not as expected,True,0.878,7.804504629488514,0.739,1426,48,32,158.11,0.6666666666666666,31,3,2,5,2,9,9,9,9
Electronics,232.62,36.15,1,169.17,35.27,Changed mind,True,0.8068831998373606,5.7960721307513055,0.9901388796233468,342,57,8,334.93,0.14035087719298245,0,0,4,2,4,1,0,0,1
Apparel,188.56,188.56,1,226.01,171.19,Wrong size,True,0.9135727771731296,8.66975154024016,0.9152393762971249,169,94,11,71.85,0.11702127659574468,1,0,2,3,2,0,0,0,0
Apparel,182.32,72.72,1,37.62,64.1,Not as expected,True,0.281,5.369924526944549,0.62,1289,40,6,730.31,0.15,0,0,2,3,1,0,0,0,0
Beauty,212.99,212.99,1,84.34,181.1,Wrong size,True,0.9982603768213909,5.50760473607399,0.9045111018706864,290,51,7,771.08,0.13725490196078433,1,0,2,2,3,0,0,0,0
Books,77.92,6.71,1,674.97,5.95,Wrong size,True,0.803963039767824,6.219758654117005,0.8628507767787517,528,70,5,4185.75,0.07142857142857142,0,0,2,4,3,0,0,0,0
Home,66.0,66.0,1,465.43,61.92,Wrong size,True,0.8324251102541564,0.06600644805429767,0.9045087403617663,863,83,13,333.66,0.1566265060240964,1,0,2,2,2,0,0,0,0
Other,125.56,97.77,1,683.58,89.08,Not as expected,False,0.8551299143137795,53.99,0.175,335,63,6,543.56,0.09523809523809523,0,0,1,4,5,0,1,1,1
Books,125.82,62.52,1,396.87,54.07,Changed mind,True,0.9858405529952605,8.182330829008084,0.895147741683683,1315,38,6,102.31,0.15789473684210525,0,0,3,5,2,0,0,0,0
Home,204.86,204.86,1,341.05,202.27,Not as expected,True,0.9603990827852164,0.9109140170439001,0.8684231188787539,1298,78,4,1002.37,0.05128205128205128,0,0,1,5,2,0,0,0,0
Luxury,469.56,469.56,1,379.37,430.24,Changed mind,True,0.8613848790873465,0.3075810555649616,0.9050491021056343,65,93,14,326.37,0.15053763440860216,2,0,2,1,1,0,0,0,0
Luxury,146.18,9.65,1,242.67,5.56,Not as expected,False,0.9570258185946645,34.88,0.265,1036,100,6,297.21,0.06,0,0,4,1,1,0,0,0,0
Luxury,342.65,342.65,1,507.09,331.25,Changed mind,True,0.9631313722253558,5.90237051470768,0.957028825787038,916,79,7,176.88,0.08860759493670886,0,0,3,2,3,0,0,1,1
Beauty,86.86,86.86,1,159.09,78.59,Wrong size,True,0.9537531504416836,1.8730368881627313,0.9818805397424638,1120,32,2,358.57,0.0625,0,0,2,3,1,0,0,0,0
Sports,134.24,125.05,1,678.55,108.78,Not as expected,True,0.8637093237694586,1.1533780313434605,0.890908828524455,2,51,6,355.55,0.11764705882352941,4,0,2,4,4,1,2,3,3
Sports,70.69,52.48,1,155.84,50.85,Wrong size,True,0.8549071189332442,0.7233235021779516,0.9404699655180246,962,100,8,590.45,0.08,0,0,1,3,3,0,0,0,0
Sports,311.62,118.99,1,209.08,105.58,Wrong size,True,0.8498901663003444,0.43717865424388713,0.8919126700693101,998,45,6,575.32,0.13333333333333333,0,0,2,1,2,0,0,0,0
Books,170.27,141.56,1,311.98,132.04,Changed mind,True,0.8944061246143866,3.181154232989024,0.8595856583547565,375,73,6,22.9,0.0821917808219178,0,0,1,4,1,0,0,0,0
Electronics,175.11,116.15,1,647.24,102.35,Changed mind,True,0.9498644972109128,0.6524298851449284,0.8703613562962744,392,99,10,156.8,0.10101010101010101,0,0,1,3,2,0,0,0,0
Sports,87.97,0.97,1,463.71,0.89,Not as expected,True,0.8628691520335611,5.3586841979712005,0.8547100633608551,6,66,6,601.15,0.09090909090909091,2,0,1,5,2,1,1,1,1
Beauty,579.96,91.41,1,94.51,81.5,Changed mind,True,0.9816905290661773,3.9082646543976365,0.8726999061059114,1263,79,8,1107.53,0.10126582278481013,1,0,1,4,2,0,0,0,0
Electronics,71.17,28.06,1,129.53,23.89,Changed mind,True,0.8287476493558938,9.917816344744834,0.9794616848263682,0,57,8,329.3,0.14035087719298245,6,0,3,2,3,0,0,0,0
Apparel,263.7,263.7,1,189.5,251.35,Wrong size,True,0.9869652354646564,9.00181804028731,0.9100804434355452,595,40,5,417.17,0.125,0,0,3,1,2,0,0,0,0
Other,119.27,28.46,1,581.75,28.27,Not as expected,True,0.9615779308591836,8.66340203648269,0.9326016214521635,465,88,10,549.3,0.11363636363636363,0,0,1,3,2,0,0,0,0
Other,59.03,59.03,1,495.69,50.95,Wrong size,True,0.9226898742049686,4.9799531337035425,0.9080343784988345,1087,89,8,119.55,0.0898876404494382,0,0,2,2,3,0,0,1,1
Home,178.76,35.13,1,64.8,34.73,Changed mind,True,0.8842588417534762,0.5849091707134157,0.9046738049225868,0,96,11,932.28,0.11458333333333333,6,0,1,4,2,0,2,0,2
Luxury,332.61,150.85,1,774.3835981972016,142.19,Not as expected,True,0.684,4.988148798086502,0.908,392,64,42,717.44,0.65625,36,0,4,1,1,3,3,3,3
Sports,1211.0,474.27,1,1818.944707900485,458.65,Wrong size,True,0.686,1.4770154099272403,0.938,405,31,21,2083.43,0.6774193548387096,16,0,3,5,2,5,6,5,6
Beauty,354.97,203.86,1,385.58,189.71,Changed mind,True,0.8825453174794613,5.5683751688517855,0.8938060973740775,332,74,10,53.76,0.13513513513513514,0,0,2,3,2,0,0,0,0
Books,350.51,350.51,1,212.16,321.53,Changed mind,True,0.9351712308384704,2.2178125696619,0.9523788926834591,2,35,5,701.14,0.14285714285714285,4,0,2,4,1,0,0,0,0
Luxury,841.47,429.22,1,158.64,400.24,Wrong size,True,0.832240462376273,8.300001803339903,0.9717706329658393,674,17,3,357.97,0.17647058823529413,0,0,1,2,4,0,0,1,1
Sports,141.42,12.24,1,491.1,11.86,Changed mind,True,0.8541561928075554,9.48698560742011,0.8736467321131993,889,51,8,195.5,0.1568627450980392,1,0,1,4,2,0,0,0,0
Electronics,116.53,64.05,1,658.76,59.05,Not as expected,True,0.972344725299731,5.214477292400282,0.9855894260210776,90,47,4,511.26,0.0851063829787234,2,0,1,5,2,0,1,0,1
Other,716.44,716.44,1,638.32,689.83,Wrong size,True,0.8466898395211984,6.2768739563911735,0.9563378498023842,695,47,10,340.07,0.2127659574468085,0,0,4,2,3,1,0,0,1
Books,50.48,6.14,1,685.81,5.45,Wrong size,True,0.8955658922969579,7.168152796543932,0.9070967476624773,797,80,8,133.85,0.1,0,0,1,2,1,0,1,0,1
Home,194.34,49.53,1,494.67,46.63,Not as expected,True,0.94893395824868,1.0482945032111646,0.8511019522485898,44,93,9,150.06,0.0967741935483871,5,0,1,4,3,0,0,0,0
Books,458.6,458.6,1,150.05,426.52,Wrong size,True,0.9555803629759676,8.77106243853639,0.8970885890499086,3,17,15,167.66,0.8823529411764706,4,0,12,12,12,7,7,7,7
Home,150.41,41.75,1,460.98,37.32,Changed mind,True,0.8353750994443763,8.138750000921753,0.8787549595693908,1482,93,6,983.04,0.06451612903225806,0,0,2,5,3,0,0,0,0
Other,265.82,14.17,1,480.95,12.71,Not as expected,True,0.9684335096711031,9.646212929447,0.919006307105568,1167,44,39,315.74,0.8863636363636364,9,0,12,12,12,7,7,7,7
Sports,69.77,69.77,1,673.77,60.28,Not as expected,True,0.9710044885405708,1.4812721647656024,0.9354111877675149,618,21,5,423.94,0.23809523809523808,0,0,1,3,1,0,0,0,0
Luxury,939.67,47.4,1,9.26,44.83,Changed mind,True,0.9242021326364901,4.362018729817024,0.8692152867297719,3,29,2,920.86,0.06896551724137931,1,0,1,4,1,0,0,0,0
Sports,80.36,41.87,1,132.92,39.04,Not as expected,True,0.8461746239297795,4.709569263634926,0.9398586712171555,1267,52,2,896.48,0.038461538461538464,0,0,1,1,2,0,0,0,0
Home,207.15,140.47,1,245.19,139.89,Wrong size,True,0.8840768829042233,1.8603528686441073,0.9315064809795881,671,99,10,228.13,0.10101010101010101,0,0,2,1,3,0,0,0,0
Electronics,180.88,154.43,1,68.87,147.57,Wrong size,True,0.333,6.158303082628233,0.778,3,61,7,517.53,0.11475409836065574,5,0,1,2,3,0,0,3,3
Beauty,311.41,311.41,1,484.08,306.66,Not as expected,True,0.8340746887103783,3.724804976161126,0.8859947658588566,737,88,9,688.47,0.10227272727272728,0,0,3,3,1,0,0,0,0
Sports,82.46,13.92,1,483.38,13.16,Not as expected,True,0.9254643991133497,8.096647570531413,0.9346017238301867,7,51,4,1383.71,0.0784313725490196,4,0,2,3,3,0,0,0,0
Luxury,198.57,143.94,1,284.9,142.54,Not as expected,True,0.903791916271937,1.744782857399616,0.9812429413929287,1372,81,9,87.07,0.1111111111111111,0,0,1,2,2,0,0,0,0
Apparel,841.85,841.85,1,615.42,715.84,Changed mind,True,0.87642362082351,6.336918368742378,0.9215463865952407,30,59,4,1501.83,0.06779661016949153,3,0,2,4,2,0,0,0,0
Books,111.19,111.19,1,254.04,101.9,Changed mind,True,0.8628598962279115,2.9562004194178537,0.9029737263437649,1289,40,6,730.31,0.15,0,0,2,3,1,0,0,0,0
Electronics,218.68,218.68,1,381.48,186.38,Changed mind,True,0.9258483865203506,3.454844976770736,0.9600994687812231,583,8,2,337.59,0.25,0,0,3,2,1,0,0,0,0
Sports,181.03,93.28,1,188.4,87.69,Not as expected,True,0.9335600993529961,8.540479845300638,0.8821430104744099,3,17,15,167.66,0.8823529411764706,4,0,12,12,12,7,7,7,7
Sports,61.81,61.81,1,547.66,55.47,Not as expected,True,0.9644470619086343,9.126610815330324,0.8657741254439876,2,99,14,384.27,0.1414141414141414,12,0,1,4,2,1,1,1,1
Beauty,1914.65,136.24,1,4.02,133.65,Not as expected,True,0.970676778976099,2.116568301246522,0.933985205895101,0,25,4,640.72,0.16,4,0,1,2,1,0,0,0,0
Electronics,97.07,9.24,1,383.58,8.27,Changed mind,True,0.9789001580992398,0.538456563671067,0.9750817404297774,572,96,8,116.04,0.08333333333333333,0,0,1,2,1,0,0,0,0
Electronics,91.58,45.38,1,521.52,40.36,Wrong size,True,0.8290393284207811,3.221255531482685,0.8664089841307058,1096,34,30,119.36,0.8823529411764706,7,0,12,12,12,7,7,7,7
Other,336.71,42.53,1,681.38,42.08,Not as expected,True,0.8700320062690015,7.432788571383738,0.9057159244457538,128,95,87,79.13,0.9157894736842105,25,0,12,12,12,7,7,7,7
Sports,247.55,14.95,1,293.99,13.56,Changed mind,True,0.9812741236241506,7.146099012501178,0.9436416493093256,1058,82,9,206.81,0.10975609756097561,0,0,2,4,1,0,1,0,1
Sports,198.47,198.47,1,335.8321491860144,170.3,Not as expected,True,0.737,5.927309096723979,0.864,707,94,62,222.85,0.6595744680851063,54,5,1,3,1,10,10,10,10
Luxury,86.41,21.05,1,84.93,19.71,Not as expected,True,0.8856010138308513,2.9165647974936815,0.8857368168969413,949,98,7,268.56,0.07142857142857142,0,0,1,3,4,0,0,0,0
Luxury,69.89,69.89,1,694.5,62.27,Wrong size,True,0.814763489376335,9.049303783976722,0.946106254488689,1253,44,4,218.29,0.09090909090909091,0,0,2,4,2,0,2,0,2
Beauty,224.2,224.2,1,330.56,213.43,Not as expected,True,0.8008912205841692,7.991885483163433,0.9598068364281107,484,61,54,1514.7,0.8852459016393442,11,0,12,12,12,7,7,7,7
Apparel,173.55,171.7,1,251.6,146.44,Changed mind,True,0.9873712327920532,3.9815473389543,0.8696307996260193,1238,86,9,85.41,0.10465116279069768,0,0,2,4,2,0,0,0,0
Electronics,155.26,155.26,1,216.29,148.8,Not as expected,True,0.8736081392387514,0.6260692069727314,0.9281482615053798,700,79,8,173.76,0.10126582278481013,0,0,2,2,2,1,0,0,1
Home,80.76,14.8,1,151.58,13.15,Changed mind,True,0.9420828320923482,3.116454951043155,0.904863796175015,1426,94,6,269.96,0.06382978723404255,0,0,2,2,1,0,0,0,0
Sports,318.33,33.66,1,465.22,30.34,Wrong size,True,0.9672763123426398,8.844869308317405,0.8591683062054323,803,43,2,259.39,0.046511627906976744,0,0,2,4,1,0,0,0,0
Other,118.8,65.38,1,240.08,64.52,Wrong size,True,0.8754266223743251,0.9576093349846115,0.9470820081530982,91,13,2,95.86,0.15384615384615385,1,0,2,3,1,0,1,0,1
Electronics,814.61,649.77,1,712.14,606.25,Wrong size,True,0.8848664585493593,3.1630176459112014,0.8561962876898965,1316,76,6,358.95,0.07894736842105263,0,0,1,7,2,0,0,0,0
Beauty,932.51,932.51,1,328.41,890.1,Wrong size,True,0.9494465061018125,9.722836850968978,0.9432885723019793,442,54,7,266.33,0.12962962962962962,0,0,2,4,2,0,1,0,1
Electronics,387.9,203.89,1,537.65,188.23,Changed mind,True,0.8822972881960542,8.122326534282475,0.9375280039743801,1012,65,9,943.6,0.13846153846153847,0,0,1,1,1,0,0,0,0
Apparel,399.02,57.87,1,136.26,55.38,Changed mind,True,0.840840854515165,1.418951917343606,0.9039220474507806,854,97,7,1180.88,0.07216494845360824,0,0,4,3,2,0,0,0,0
Electronics,222.96,23.68,1,424.39,21.57,Changed mind,True,0.8314756581850627,9.307481876425449,0.9748794126670766,728,5,2,533.97,0.4,0,0,3,2,2,0,0,0,0
Apparel,108.28,22.75,1,261.65,19.9,Not as expected,True,0.8209540403329026,8.547809799473477,0.8946049431440359,882,29,1,680.89,0.034482758620689655,0,0,1,5,2,0,0,0,0
Sports,570.37,570.37,1,507.66,521.85,Not as expected,True,0.8705487157592956,8.240670265842969,0.9268960285972466,6,37,7,265.85,0.1891891891891892,4,0,1,4,3,0,0,0,0
Luxury,116.24,116.24,1,78.41,99.14,Changed mind,True,0.9723941035707059,1.397368272515287,0.8570582411284667,657,6,2,1590.28,0.3333333333333333,0,0,1,1,3,0,0,0,0
Apparel,81.86,6.01,1,265.01,5.87,Not as expected,True,0.8055444815969042,9.9347787870013,0.8642455188275444,682,70,3,451.24,0.04285714285714286,0,0,2,2,5,1,0,0,1
Beauty,151.09,2.83,1,235.85,2.78,Not as expected,True,0.8279516906466885,6.117014706774984,0.9009614703287703,951,58,8,979.2,0.13793103448275862,0,0,1,3,1,0,0,0,0
Other,147.91,147.91,1,538.69,139.07,Changed mind,True,0.8154745213696278,7.435659179777351,0.95954336012804,193,56,5,152.68,0.08928571428571429,0,0,3,5,4,0,7,0,7
Sports,57.76,12.32,1,361.54,11.87,Changed mind,True,0.8690612087734747,4.06339842500639,0.8885026660828439,208,41,5,425.11,0.12195121951219512,0,0,2,2,3,0,0,0,0
Electronics,93.51,93.51,1,362.41,93.0,Changed mind,True,0.9173108913770162,5.025562838479679,0.8960525790325217,5,42,6,339.09,0.14285714285714285,6,0,4,3,2,3,0,0,3
Apparel,306.3,306.3,1,291.63,262.33,Not as expected,True,0.9926012953225303,3.1526048794800876,0.9803833269504156,508,86,76,550.63,0.8837209302325582,13,0,12,12,12,7,7,7,7
Other,223.51,223.51,1,534.02,209.45,Wrong size,True,0.9182731424586013,4.737501460178766,0.8532371136582967,4,61,5,615.87,0.08196721311475409,3,0,1,2,2,1,2,1,2
Beauty,1720.04,134.69,1,2.41,126.56,Changed mind,True,0.833314418714591,8.300029569702644,0.9257561357458234,1,84,9,924.8,0.10714285714285714,9,0,1,5,4,0,1,0,1
Luxury,230.64,230.64,1,380.52,212.48,Not as expected,True,0.8069040503364064,9.836832532182118,0.8634556498428101,194,62,8,100.35,0.12903225806451613,0,0,2,1,2,0,0,0,0
Books,914.19,197.0,1,8.4,188.71,Changed mind,True,0.9857521998326393,7.494377063818964,0.9570119467130475,4,100,11,243.99,0.11,11,0,2,4,2,0,1,4,4
Home,187.01,187.01,1,692.58,166.14,Not as expected,True,0.8813269774799946,1.1654027101055198,0.9375834024623758,2,56,12,646.36,0.21428571428571427,11,0,3,1,1,2,2,2,2
Apparel,70.33,70.33,1,262.55,66.22,Changed mind,True,0.9078409706209573,9.411506999041753,0.875492252083517,259,98,11,693.44,0.11224489795918367,0,0,2,4,2,0,0,0,0
Electronics,350.68,311.68,1,636.38,288.93,Wrong size,True,0.8742405679078695,0.31976380360399514,0.8990951627346233,2,35,5,701.14,0.14285714285714285,4,0,2,4,1,0,0,0,0
Books,131.3,53.16,1,71.89,48.07,Not as expected,True,0.9802269166814856,1.1509103115655017,0.8716415962692354,202,98,9,128.63,0.09183673469387756,1,0,2,3,4,0,0,0,0
Books,194.65,126.32,1,715.84,112.18,Changed mind,True,0.8564160730930032,6.496756603705746,0.9432721839169095,7,83,13,313.87,0.1566265060240964,12,0,2,3,3,1,1,1,1
Apparel,1315.01,7.53,1,7.45,6.93,Wrong size,True,0.9382775816386789,9.571594776730022,0.9326931145707066,7,78,12,301.09,0.15384615384615385,9,0,1,1,1,0,0,0,0
Electronics,76.97,40.77,1,106.94,37.69,Wrong size,True,0.9804660647967893,4.266961674339513,0.9307837897027009,5,69,4,227.82,0.057971014492753624,2,0,2,1,1,0,0,0,0
Apparel,232.67,191.68,1,322.87,183.23,Wrong size,True,0.9303962774727482,3.511667455380989,0.9285580496221767,5,42,6,339.09,0.14285714285714285,6,0,4,3,2,3,0,0,3
Books,478.7,107.18,1,447.77,106.59,Not as expected,True,0.9793955081601693,7.015597860571463,0.9630494170498083,1102,38,2,1237.86,0.05263157894736842,0,0,1,6,1,0,0,0,0
Other,66.35,16.7,1,481.61,14.69,Changed mind,True,0.9902255061090506,0.39218879452617483,0.8505989394158511,81,100,11,146.66,0.11,0,0,3,1,1,0,0,0,0
Home,380.14,260.92,1,80.25,227.11,Wrong size,True,0.8920102709907911,3.890050567256864,0.9428513246733243,0,92,12,379.97,0.13043478260869565,9,0,3,3,3,2,2,2,2
Books,57.46,17.46,1,178.42,16.17,Wrong size,True,0.8494357746584899,9.960180843417861,0.8577709906077868,1187,57,3,855.94,0.05263157894736842,0,0,2,5,1,0,7,0,7
Apparel,43.14,4.77,1,543.47,4.75,Not as expected,True,0.8222343167001102,4.108866211427925,0.9201563089536646,594,60,10,338.04,0.16666666666666666,0,0,1,3,1,0,0,0,0
Beauty,79.73,14.34,1,96.85,12.74,Wrong size,True,0.8008403440298754,4.3104453157672795,0.8599246398566179,1499,30,4,302.76,0.13333333333333333,0,0,2,1,1,0,0,0,0
Beauty,47.22,22.91,1,688.0,20.79,Changed mind,True,0.8120750322285198,6.506786635795898,0.8958649029824577,0,57,4,1044.48,0.07017543859649122,4,0,2,1,1,1,1,1,1
Apparel,508.92,201.84,1,34.5,181.09,Changed mind,True,0.299,4.84786163367411,0.611,716,42,3,987.02,0.07142857142857142,0,0,3,2,5,1,0,3,3
Sports,39.78,39.78,1,365.3,35.06,Changed mind,True,0.8036914155402531,7.213889138419461,0.9222310572521232,1078,92,6,698.96,0.06521739130434782,0,0,3,2,3,0,0,0,0
Electronics,153.32,126.28,1,419.13,125.93,Wrong size,True,0.9415630939169625,3.2173414832948586,0.8579006083108263,0,57,4,1044.48,0.07017543859649122,4,0,2,1,1,1,1,1,1
Apparel,150.46,81.12,1,8000.259176860025,79.44,Changed mind,True,0.685,5.956783110377897,0.806,1279,49,32,570.23,0.6530612244897959,26,3,2,1,1,7,7,7,7
Home,180.94,113.81,1,175.45,104.25,Wrong size,True,0.9573380719836415,2.005130892933251,0.8612824521543742,1310,73,9,227.56,0.1232876712328767,0,0,2,1,2,0,0,0,0
Home,388.65,361.84,1,522.65,320.14,Changed mind,True,0.8154385835807327,0.9394641652756652,0.8806030358814206,1338,45,6,893.93,0.13333333333333333,0,0,2,4,2,0,0,0,0
Sports,245.32,95.89,1,388.2,88.53,Not as expected,False,0.8172729840161798,54.04,0.113,1318,47,4,545.26,0.0851063829787234,0,0,1,4,1,0,0,0,0
Home,55.92,13.05,1,273.46,12.34,Changed mind,True,0.8833001567650064,0.23890257399364123,0.8777752275667251,128,95,87,79.13,0.9157894736842105,25,0,12,12,12,7,7,7,7
Beauty,240.41,130.24,1,461.2,118.71,Changed mind,True,0.9115199394286179,2.098056333394367,0.9052486961932315,1356,68,5,355.32,0.07352941176470588,0,0,1,3,1,0,0,0,0
Electronics,134.43,134.43,1,600.32,121.86,Wrong size,True,0.8442056682868614,6.178984405402733,0.8500769430049477,3,95,11,116.74,0.11578947368421053,10,0,3,2,1,1,1,1,1
Home,590.97,61.07,1,549.76,53.44,Not as expected,True,0.8622885401287126,2.2352103677182433,0.8507135589164222,1172,86,8,162.91,0.09302325581395349,0,0,2,2,2,1,0,0,1
Luxury,711.85,711.85,1,168.7,699.83,Not as expected,True,0.8150090052781338,2.7547285360125184,0.9710675035053813,593,100,14,184.83,0.14,0,0,3,5,3,0,0,0,0
Other,300.31,300.31,1,626.36,260.23,Wrong size,True,0.9290013043747442,1.3390741960333963,0.9864967004970118,255,74,3,1283.74,0.04054054054054054,0,0,2,1,1,0,0,0,0
Books,120.91,58.76,1,8040.976112257842,58.13,Wrong size,True,0.72,5.554587896930242,0.844,473,23,15,606.33,0.6521739130434783,14,2,2,3,2,4,4,4,4
Home,54.44,13.35,1,642.34,11.7,Wrong size,True,0.9935591683524476,6.676821024946259,0.9816280725110377,268,25,5,838.37,0.2,0,0,3,5,3,0,0,0,0
Other,401.51,266.99,1,285.83,248.25,Changed mind,True,0.8966489023351548,3.580926575148272,0.9617116527640217,830,49,4,472.86,0.08163265306122448,0,0,2,1,2,0,0,0,0
Sports,137.28,77.11,1,511.12,70.91,Not as expected,True,0.8822563735684181,6.3573971495056005,0.9313298190737154,1135,86,9,453.81,0.10465116279069768,0,0,2,7,2,0,0,1,1
Apparel,371.87,251.77,1,204.93,235.1,Changed mind,True,0.919900357439593,5.001370810730052,0.9587840688613318,112,76,7,440.44,0.09210526315789473,0,0,4,2,3,0,0,1,1
Sports,81.36,42.73,1,185.84,41.5,Wrong size,True,0.9791171860222246,9.138176110690056,0.9565751303951442,484,61,54,1514.7,0.8852459016393442,11,0,12,12,12,7,7,7,7
Beauty,773.97,334.96,1,93.09,308.18,Wrong size,True,0.8728744212491987,5.299422102501672,0.9792575721217086,1422,100,6,140.09,0.06,0,0,2,2,4,0,0,0,0
Books,637.99,157.4,1,280.14,152.5,Changed mind,True,0.9461533484434802,8.95326333565174,0.8985618992518554,231,90,9,311.92,0.1,0,0,4,2,3,3,0,0,3
Books,1446.4,71.13,1,7.18,65.65,Wrong size,True,0.981556031161451,3.4348958752761103,0.8849772623948418,2,27,2,188.19,0.07407407407407407,0,0,3,2,1,0,0,0,0
Other,1238.28,96.07,1,8.73,85.18,Not as expected,True,0.8583092822662819,6.834302698541661,0.9869108367777297,2,22,3,689.98,0.13636363636363635,2,0,2,4,3,0,0,1,1
Beauty,214.61,214.61,1,628.33,206.63,Not as expected,True,0.9737648102651818,7.321613769143128,0.9176965191585296,90,34,4,525.35,0.11764705882352941,0,0,1,2,3,0,0,0,0
Beauty,124.54,124.54,1,148.73,113.84,Not as expected,True,0.8268219299957523,5.757042632270261,0.9255304417324239,184,85,7,132.71,0.08235294117647059,1,0,3,3,1,0,0,0,0
Electronics,285.01,178.08,1,320.54,175.09,Wrong size,True,0.9702698512970275,2.344900810067995,0.8770156679038467,869,98,9,1150.47,0.09183673469387756,0,0,4,5,2,1,0,0,1
Home,239.2,206.8,1,166.81,203.77,Not as expected,True,0.8819896534813224,1.0095591074252486,0.902407827979681,562,50,5,426.66,0.1,0,0,2,2,2,0,1,1,1
Beauty,597.89,96.35,1,281.92,85.61,Changed mind,True,0.9604613010796432,8.618095759597487,0.9799258147027772,593,100,14,184.83,0.14,0,0,3,5,3,0,0,0,0
Home,136.15,57.58,1,462.27,56.28,Wrong size,True,0.8308938127457619,4.750736952459588,0.8850776545641801,410,96,7,270.54,0.07291666666666667,0,0,2,1,1,0,0,0,0
Other,321.77,321.77,1,613.01,310.18,Changed mind,True,0.9455817564915387,8.421932998248073,0.9653791223701704,1477,34,4,484.02,0.11764705882352941,0,0,2,3,2,0,0,0,0
Luxury,603.62,210.92,1,386.32,190.48,Wrong size,True,0.9297862727298863,8.741541768867599,0.9621698399246074,60,17,2,307.42,0.11764705882352941,0,0,4,6,2,0,1,0,1
Apparel,119.56,8.98,1,505.7,8.79,Not as expected,True,0.879151576104654,8.434355691302715,0.9851924658254557,74,49,5,237.51,0.10204081632653061,0,0,2,3,1,0,1,0,1
Beauty,136.35,136.35,1,377.55,124.8,Wrong size,True,0.9214610417926324,3.787271671726349,0.9436599840819379,479,65,6,2382.33,0.09230769230769231,0,0,1,2,4,0,0,0,0
Apparel,933.96,482.58,1,5.77,469.21,Wrong size,True,0.8527983431283456,5.565734914926418,0.934557717482921,4,86,11,687.86,0.12790697674418605,8,0,1,4,2,1,2,1,2
Home,208.98,208.98,1,613.42,195.82,Wrong size,True,0.8679796468282268,5.292352787282284,0.9504622936511349,1005,63,7,557.87,0.1111111111111111,0,0,1,1,2,0,0,0,0
Apparel,849.68,260.29,1,44.49,226.35,Wrong size,True,0.406,6.636814783271935,0.642,1479,79,6,141.75,0.0759493670886076,0,0,3,3,3,0,0,0,0
Other,46.76,15.25,1,337.27,13.03,Not as expected,True,0.9778289704019604,7.593203755762535,0.9936565280608902,6,71,11,128.63,0.15492957746478872,7,0,3,2,3,3,1,1,3
Other,745.8,256.98,1,568.83,244.62,Wrong size,True,0.9691326440267685,4.2041793461481545,0.8953702309834881,81,100,11,146.66,0.11,0,0,3,1,1,0,0,0,0
Luxury,234.49,78.98,1,542.77,75.98,Changed mind,True,0.8905119905940416,1.0667132051677708,0.9750629842109143,128,95,87,79.13,0.9157894736842105,25,0,12,12,12,7,7,7,7
Other,319.46,290.33,1,97.04,282.33,Changed mind,True,0.8497835569533384,3.0821308778721166,0.9131117353574099,940,81,10,290.99,0.12345679012345678,0,0,3,2,1,1,0,0,1
Luxury,161.6,66.61,1,60.5,57.44,Changed mind,True,0.8326459448741843,9.087890945585753,0.8975145961272053,3,68,8,370.92,0.11764705882352941,5,0,2,1,1,0,0,0,0
Sports,47.0,29.62,1,318.65,28.6,Wrong size,True,0.9545741522583516,7.9689341301704815,0.9499579185367002,7,26,4,40.16,0.15384615384615385,4,0,3,2,3,2,0,2,2
Sports,187.93,0.61,1,216.17,0.58,Not as expected,True,0.801242333703794,2.750760343379058,0.8617805586504349,135,75,6,188.38,0.08,0,0,1,5,4,0,6,0,6
Electronics,411.36,11.19,1,616.01,9.75,Wrong size,True,0.9656221906691403,3.0086823922710257,0.9102823612988927,6,71,12,178.65,0.16901408450704225,8,0,2,3,3,3,3,3,3
Luxury,499.92,133.37,1,126.85,121.47,Changed mind,True,0.94857683657446,3.381863883859139,0.9246319477618034,594,60,10,338.04,0.16666666666666666,0,0,1,3,1,0,0,0,0
Apparel,117.11,117.11,1,542.64,110.43,Wrong size,True,0.8408396254379292,2.8137689422777825,0.9662427629101099,99,93,10,503.49,0.10752688172043011,4,0,4,3,1,2,1,1,2
Luxury,36.49,36.49,1,121.62,19.03,Wrong size,False,0.9651433689433839,55.92,0.328,1121,30,4,524.44,0.13333333333333333,0,0,1,3,3,0,0,0,0
Sports,140.52,140.52,1,348.12,137.19,Wrong size,True,0.827756598455722,2.828957038515986,0.9105471954543096,128,95,87,79.13,0.9157894736842105,25,0,12,12,12,7,7,7,7
Apparel,276.76,27.73,1,621.5,25.1,Wrong size,True,0.9884685715617436,4.230600456323213,0.8505754549196184,208,41,5,425.11,0.12195121951219512,0,0,2,2,3,0,0,0,0
Home,38.89,38.89,1,643.78,37.12,Wrong size,True,0.9435462622706035,7.245908369983582,0.9014450771629388,1028,41,5,185.98,0.12195121951219512,0,0,1,3,1,0,0,0,0
Sports,507.93,238.68,1,686.18,236.54,Not as expected,True,0.851946815719259,7.712528235296593,0.9824965032786163,346,81,3,354.05,0.037037037037037035,1,0,4,3,2,0,0,0,0
Apparel,1915.73,139.16,1,3.51,119.02,Wrong size,True,0.8826323688101921,3.2789349997671713,0.8692085610219589,7,83,12,416.34,0.14457831325301204,9,0,1,2,2,2,2,2,2
Books,506.32,254.8,1,270.68,235.47,Wrong size,True,0.9704046784823488,6.464794262992654,0.8602096638007377,89,61,10,371.03,0.16393442622950818,4,0,2,2,2,0,0,1,1
Home,197.81,70.24,1,53.74,63.24,Changed mind,True,0.8297189095490249,6.604804270062839,0.9007768508090851,455,35,5,306.53,0.14285714285714285,0,0,4,3,3,0,0,0,0
Other,49.7,49.7,1,431.74,46.23,Not as expected,True,0.8449962767442247,3.260279264359328,0.9621137976363575,989,51,4,508.33,0.0784313725490196,0,0,1,5,2,0,0,0,0
Home,53.43,12.63,1,266.17,10.88,Changed mind,True,0.95819762822289,7.864734678342944,0.9425096984150285,2,81,7,188.93,0.08641975308641975,7,0,4,3,1,3,3,3,3
Books,85.11,19.14,1,625.48,16.67,Not as expected,True,0.9635035520351782,0.2648697794397392,0.8691383535536437,0,53,4,278.09,0.07547169811320754,4,0,2,1,2,3,2,2,3
Electronics,60.88,35.39,1,5091.974313031855,34.42,Changed mind,True,0.755,7.6691595342739145,0.804,1426,48,32,158.11,0.6666666666666666,31,3,2,5,2,9,9,9,9
Electronics,584.62,138.72,1,90.67,130.62,Wrong size,True,0.9264730589753035,9.784759352532785,0.980099102294878,93,65,9,1210.6,0.13846153846153847,0,0,4,2,3,1,0,0,1
Other,92.35,92.35,1,451.25,86.53,Not as expected,True,0.8047112698254407,6.894729256159627,0.9092428606320464,259,98,11,693.44,0.11224489795918367,0,0,2,4,2,0,0,0,0
Electronics,447.49,166.71,1,54.68,150.73,Wrong size,True,0.395,6.697853056766396,0.704,479,65,6,2382.33,0.09230769230769231,0,0,1,2,4,0,0,0,0
Beauty,205.12,94.54,1,315.76,91.66,Changed mind,True,0.8140196941049501,9.466035340558225,0.9642089146175444,1,70,7,625.68,0.1,6,0,1,2,1,0,0,0,0
Electronics,108.19,29.02,1,374.62,27.75,Not as expected,True,0.927544770331136,5.349253578963316,0.9720616829200944,372,99,8,282.54,0.08080808080808081,0,0,1,3,3,0,1,0,1
Sports,918.85,791.06,1,58.15,759.56,Changed mind,True,0.9573840912572255,2.8122473302268016,0.8599178080557202,1169,77,2,132.62,0.025974025974025976,0,0,2,3,1,0,0,0,0
Apparel,282.3,134.58,1,621.24,126.51,Not as expected,True,0.9477492390432753,1.154830713183146,0.9590742207451811,65,93,14,326.37,0.15053763440860216,2,0,2,1,1,0,0,0,0
Sports,863.33,667.56,1,457.33,618.79,Changed mind,True,0.9373777586381193,1.0609111085320544,0.9971287795059381,253,17,1,171.08,0.058823529411764705,0,0,1,4,2,0,0,0,0
Luxury,303.11,224.97,1,205.57,207.07,Not as expected,True,0.9770978463339388,4.006020444157949,0.9124868664169289,346,81,3,354.05,0.037037037037037035,1,0,4,3,2,0,0,0,0
Luxury,160.27,110.58,1,54.38,98.48,Not as expected,True,0.9585209894440474,4.4096079597803435,0.9847216778357126,932,88,6,393.1,0.06818181818181818,0,0,2,2,1,0,0,0,0
Other,251.39,251.39,1,65.19,231.78,Not as expected,True,0.9942149720612388,0.039419083684634204,0.9465781478039341,442,79,9,127.79,0.11392405063291139,0,0,2,2,3,0,1,0,1
Electronics,216.54,94.24,1,708.08,93.34,Wrong size,True,0.841754278597072,1.5473600112034924,0.8903353353468171,0,92,10,188.93,0.10869565217391304,9,1,3,1,1,2,2,2,2
Home,117.5,89.32,1,249.79,81.98,Not as expected,True,0.9860666232380197,2.466566826773202,0.9050129422507431,4,78,9,979.8,0.11538461538461539,7,0,2,2,2,0,0,2,2
Books,407.47,80.52,1,560.86,79.89,Not as expected,True,0.8454217346367254,4.923467043533794,0.943626227094726,1019,81,5,246.37,0.06172839506172839,1,0,2,3,3,0,0,0,0
Apparel,140.26,85.96,1,184.49,74.79,Wrong size,True,0.9512653372061983,1.2994448950765147,0.9623410740584148,784,40,4,412.12,0.1,0,0,2,3,3,0,0,0,0
Other,800.16,203.93,1,1.14,187.42,Changed mind,True,0.9817753590312976,3.517853772699241,0.9265412471338065,1,72,11,810.02,0.1527777777777778,10,0,4,3,3,1,0,0,1
Luxury,257.85,84.78,1,406.44,75.32,Wrong size,True,0.8174128367419229,8.869464348726105,0.8804958774359853,1324,33,3,530.87,0.09090909090909091,0,0,4,2,1,0,0,0,0
Beauty,715.29,715.29,1,694.69,609.66,Changed mind,True,0.8383765491296491,4.38471807498389,0.990154160619851,1,77,14,135.77,0.18181818181818182,12,1,2,2,1,3,3,3,3
Beauty,768.36,768.36,1,170.85,635.09,Not as expected,False,0.9957236777757303,53.46,0.087,594,60,10,338.04,0.16666666666666666,0,0,1,3,1,0,0,0,0
Other,73.73,73.73,1,465.45,67.51,Changed mind,True,0.9079567312220486,3.9594000234390636,0.9564416020546955,40,22,4,121.36,0.18181818181818182,3,0,2,3,1,0,0,0,0
Books,120.45,120.45,1,711.85,113.11,Changed mind,True,0.8522387090945701,9.360810513459004,0.9926016833445395,589,88,6,250.7,0.06818181818181818,0,0,2,4,2,0,0,1,1
Luxury,854.65,134.78,1,7.79,127.34,Wrong size,True,0.877746498669618,6.090799806055594,0.9262631418633166,1,39,4,808.03,0.10256410256410256,2,0,3,2,3,1,1,1,1
Other,459.68,346.69,1,505.34,342.64,Changed mind,True,0.9519837770971846,0.4065806982343545,0.8807526485827917,0,91,7,120.83,0.07692307692307693,5,0,2,3,2,0,0,0,0
Beauty,861.76,523.68,1,364.18,460.78,Wrong size,True,0.9792446172653951,8.435697138561599,0.8620199838615414,1021,25,1,412.49,0.04,0,0,2,4,3,0,0,0,0
Apparel,137.41,137.41,1,163.1,136.54,Changed mind,True,0.8014240269348287,1.7595112278997826,0.9757766118203158,1066,32,3,329.3,0.09375,0,0,2,4,3,0,0,0,0
Home,174.92,174.92,1,275.65,157.28,Not as expected,True,0.8053415731608008,0.830168962040464,0.9170441256588252,1363,53,45,400.24,0.8490566037735849,5,0,12,12,12,7,7,7,7
Books,43.49,21.38,1,117.63,18.74,Wrong size,True,0.8620791474436795,0.5087024966872578,0.9551205505179889,69,92,8,304.12,0.08695652173913043,2,0,3,5,2,2,1,0,2
Apparel,223.69,59.43,1,634.03,56.58,Wrong size,True,0.8814278300390245,2.43326871152735,0.8713106223296663,1195,52,3,1203.73,0.057692307692307696,1,0,1,3,3,0,0,0,0
Other,324.32,6.06,1,698.53,5.37,Changed mind,True,0.8987977875896702,0.6532813261773396,0.862695994634224,3,94,11,146.86,0.11702127659574468,10,0,1,3,4,3,3,3,3
Apparel,368.43,368.43,1,647.05,334.45,Changed mind,True,0.8653750896154206,4.833633917146056,0.9362639283990681,1089,66,8,518.13,0.12121212121212122,0,0,2,3,3,0,0,1,1
Sports,49.3,1.1,1,561.27,0.96,Wrong size,True,0.9848964596075103,4.748489543968559,0.9570604916492267,0,82,10,196.84,0.12195121951219512,9,0,2,4,4,2,2,2,2
Luxury,126.75,126.75,1,603.42,117.83,Not as expected,True,0.9749840693460232,2.3916758574713826,0.9034601635711378,1361,75,10,1688.22,0.13333333333333333,0,0,2,4,2,0,0,0,0
Home,160.19,109.99,1,660.57,104.15,Wrong size,True,0.8124488803734916,7.455366817502133,0.9356292028831543,2,31,5,943.19,0.16129032258064516,4,0,1,4,2,0,0,0,0
Home,69.39,69.39,1,621.5,62.04,Wrong size,True,0.9976491752742513,0.17766077415850123,0.9806102387126758,823,58,6,213.14,0.10344827586206896,1,0,2,1,1,0,0,0,0
Other,37.94,37.94,1,507.27,33.12,Not as expected,True,0.9002760919001238,6.654645536495031,0.8903242173647125,1080,25,20,850.7,0.8,5,0,12,12,12,7,7,7,7
Other,28.58,14.52,1,442.31,13.89,Changed mind,True,0.8977475698565897,8.217014259265984,0.9868144553083678,3,59,4,133.63,0.06779661016949153,4,0,4,2,1,0,2,0,2
Books,90.11,90.11,1,157.66,83.89,Wrong size,True,0.8559776139669208,5.859904788631114,0.885466132996835,539,55,5,509.57,0.09090909090909091,0,0,1,5,1,0,7,0,7
Apparel,140.4,11.03,1,444.43,10.64,Changed mind,True,0.8733097552940394,6.0329760355649595,0.9706557748782181,796,71,3,936.49,0.04225352112676056,0,0,5,3,2,0,0,0,0
Books,486.25,165.64,1,306.49,144.37,Changed mind,True,0.8725421021829819,1.072136848519698,0.995495321004236,1478,64,8,510.85,0.125,1,0,1,2,4,0,2,0,2
Other,134.48,134.48,1,23067.79817366359,128.25,Not as expected,True,0.852,8.242569882902513,0.804,1279,49,32,570.23,0.6530612244897959,26,3,2,1,1,7,7,7,7
Home,702.07,204.68,1,673.14,190.85,Wrong size,True,0.9294472248054306,6.951507673308322,0.9179798036368685,217,51,6,788.76,0.11764705882352941,0,0,1,2,1,0,0,0,0
Books,1175.72,77.85,1,1.66,68.26,Changed mind,True,0.8748417044948078,5.879683037293698,0.9173298917442403,6,65,7,129.54,0.1076923076923077,6,0,2,4,2,1,1,1,1
Luxury,133.09,73.78,1,167.22,64.23,Not as expected,True,0.9382045787321078,7.521796176611181,0.8677094226721732,783,78,6,212.45,0.07692307692307693,0,0,3,2,2,0,0,0,0
Apparel,104.55,47.1,1,57.76,43.37,Wrong size,True,0.9101417074575378,0.10652794920205544,0.9302276072865998,607,99,10,1140.68,0.10101010101010101,0,0,2,2,2,0,0,1,1
Apparel,219.26,219.26,1,222.09,197.55,Changed mind,True,0.9520608874898974,2.719605732019793,0.8752276517139422,2,82,6,1389.98,0.07317073170731707,4,0,2,3,3,0,0,0,0
Home,82.51,82.51,1,348.54,70.38,Not as expected,True,0.8349610404519925,9.576954094195388,0.8805420263623125,765,32,6,413.76,0.1875,2,0,2,2,3,0,0,0,0
Sports,510.49,161.64,1,540.82,154.73,Wrong size,True,0.828110049539518,8.802541358002893,0.9132744074842059,853,80,2,2408.91,0.025,0,0,2,2,2,0,0,0,0
Books,110.86,58.1,1,236.18,55.96,Not as expected,True,0.8955829369186691,1.614889627605336,0.9717095940520828,383,94,9,130.84,0.09574468085106383,0,0,3,2,5,0,0,3,3
Home,168.92,33.3,1,450.47,29.4,Changed mind,True,0.8183390138372757,4.098362582637723,0.8900573390618252,194,62,8,100.35,0.12903225806451613,0,0,2,1,2,0,0,0,0
Apparel,72.92,72.92,1,160.74,63.67,Changed mind,True,0.9730397329760698,5.620427251046356,0.8610880548605709,42,43,4,458.49,0.09302325581395349,2,0,2,2,3,7,0,0,7
Apparel,121.51,121.51,1,568.25,115.01,Changed mind,True,0.8872171382704612,8.485944855306656,0.860682297745187,3,73,8,275.5,0.1095890410958904,6,0,2,4,1,0,0,0,0
Electronics,147.12,36.46,1,581.75,35.44,Not as expected,True,0.9643708312482027,4.260918351304195,0.9136241579932453,1133,86,8,629.74,0.09302325581395349,0,0,1,4,3,0,1,0,1
Sports,151.93,151.93,1,213.59,138.31,Wrong size,True,0.979836612979897,5.765096810499103,0.8786595860930048,4,86,13,134.07,0.1511627906976744,8,0,1,3,1,0,0,0,0
Electronics,165.3,26.73,1,306.35,25.18,Wrong size,True,0.9646517123811691,0.223296517652668,0.9347025544191613,1482,96,10,156.98,0.10416666666666667,0,0,2,2,3,0,0,0,0
Electronics,39.97,1.59,1,483.74,1.47,Not as expected,True,0.9487444550450398,8.287233709953929,0.9414011592083236,1,84,9,924.8,0.10714285714285714,9,0,1,5,4,0,1,0,1
Luxury,63.8,29.93,1,207.8,27.91,Not as expected,True,0.8652795833268175,2.6664081671008377,0.8891967037919842,1295,83,12,953.0,0.14457831325301204,0,0,3,4,1,7,0,0,7
Books,22.71,22.71,1,293.83,12.71,Wrong size,False,0.8729060294373326,42.05,0.053,6,1,1,1302.72,1.0,1,0,3,4,2,0,0,0,0
Electronics,210.97,16.11,1,496.69,15.5,Changed mind,True,0.8894462720241342,2.297835134912426,0.908612375376887,329,67,7,1268.09,0.1044776119402985,0,0,2,1,3,0,0,0,0
Books,76.23,76.23,1,390.74,71.44,Wrong size,True,0.8677428542767468,8.45148655781956,0.9508901995490124,0,94,13,270.59,0.13829787234042554,10,0,3,2,1,1,1,1,1
Apparel,419.7,419.7,1,524.97,392.92,Changed mind,True,0.923504580976475,2.9996329911825823,0.991190290885348,1110,55,4,283.36,0.07272727272727272,0,0,3,5,1,0,0,0,0
Beauty,248.5,248.5,1,668.46,232.13,Changed mind,True,0.9404398406836108,3.5057419760717226,0.9448223847347063,259,98,11,693.44,0.11224489795918367,0,0,2,4,2,0,0,0,0
Books,123.22,123.22,1,430.92,114.22,Wrong size,True,0.9589769435350346,2.3831805570773112,0.9464547542166861,691,11,1,157.9,0.09090909090909091,0,0,2,4,3,0,0,0,0
Books,194.13,57.55,1,469.69,52.13,Not as expected,True,0.9366748048394979,2.7385378751925393,0.950293085112315,977,69,5,1491.53,0.07246376811594203,0,0,3,2,2,0,0,0,0
Apparel,156.46,156.46,1,211.36,133.06,Not as expected,True,0.8782364315981805,6.2680483766422075,0.8785289589644234,128,95,87,79.13,0.9157894736842105,25,0,12,12,12,7,7,7,7
Beauty,77.07,27.83,1,361.94,21.28,Not as expected,False,0.8273078682886025,54.25,0.205,408,37,5,86.98,0.13513513513513514,0,0,1,3,1,0,0,0,0
Apparel,157.25,9.11,1,192.45,8.36,Wrong size,True,0.8063165095916381,6.812601961612838,0.9120728013939103,1378,68,6,133.58,0.08823529411764706,0,0,4,2,3,0,0,0,0
Home,114.43,114.43,1,374.74,100.84,Wrong size,True,0.8947370972421582,1.9294023361112511,0.9811007150242198,1,52,5,159.05,0.09615384615384616,4,0,1,4,3,0,0,0,0
Home,109.03,109.03,1,709.14,105.07,Changed mind,True,0.9598941373835581,6.044475400599846,0.861401885788025,484,61,54,1514.7,0.8852459016393442,11,0,12,12,12,7,7,7,7
Luxury,126.96,77.24,1,494.37,75.85,Changed mind,True,0.8938998361211427,9.54550916138468,0.8702059577144095,508,86,76,550.63,0.8837209302325582,13,0,12,12,12,7,7,7,7
Books,101.22,34.25,1,268.72,30.42,Changed mind,True,0.9032132624704978,5.054206133013093,0.9244305846655578,3,100,16,325.07,0.16,13,0,3,6,2,2,3,2,3
Apparel,130.97,30.94,1,333.6,30.84,Changed mind,True,0.9149134184042432,7.381781166273651,0.9440709827044977,2,61,10,199.09,0.16393442622950818,10,0,1,1,4,1,1,1,1
Electronics,120.46,120.46,1,572.34,110.73,Wrong size,True,0.9967012318324977,7.623936141567123,0.9158184038959563,1096,34,30,119.36,0.8823529411764706,7,0,12,12,12,7,7,7,7
Apparel,141.88,0.17,1,258.66,0.16,Wrong size,True,0.9457232296843756,7.537038745443731,0.9064755354313847,3,68,10,97.08,0.14705882352941177,10,0,2,4,4,1,1,1,1
Beauty,45.44,28.27,1,606.39,25.25,Wrong size,True,0.901777244380153,9.415845617710252,0.9487285687125917,940,81,10,290.99,0.12345679012345678,0,0,3,2,1,1,0,0,1
Books,143.74,143.74,1,305.48,141.08,Changed mind,True,0.8597561313199099,5.642207998038154,0.9579747578758495,259,98,11,693.44,0.11224489795918367,0,0,2,4,2,0,0,0,0
Books,223.41,62.91,1,675.97,61.56,Changed mind,True,0.9276010621227503,4.360014835460366,0.9389130374728295,1357,47,3,241.74,0.06382978723404255,0,0,2,1,2,0,0,0,0
Luxury,84.56,5.77,1,575.49,4.98,Changed mind,True,0.8868823708389931,8.793128309675792,0.8502578657161527,666,55,7,282.23,0.12727272727272726,0,0,1,4,3,0,0,0,0
Other,106.57,45.32,1,309.76,39.35,Not as expected,True,0.9072415444958867,9.26303542780891,0.8987211234943059,756,95,7,3060.61,0.07368421052631578,0,0,3,2,2,0,0,0,0
Home,102.64,102.64,1,244.85,99.31,Changed mind,True,0.8440886604462964,4.624337433951769,0.8728202467851128,5,42,6,339.09,0.14285714285714285,6,0,4,3,2,3,0,0,3
Luxury,76.41,76.41,1,491.05,67.19,Not as expected,True,0.8778796547411472,3.6019926628967482,0.9717426435563299,2,28,5,78.95,0.17857142857142858,2,0,2,1,2,1,1,1,1
Other,103.34,65.82,1,242.11,61.65,Wrong size,True,0.8868798339166107,5.602121933848345,0.9813356164268429,438,98,8,525.96,0.08163265306122448,0,0,1,7,3,0,0,1,1
Other,146.87,29.21,1,4162.003686925565,25.44,Not as expected,True,0.907,1.9135910244506227,0.871,1198,86,56,1076.1,0.6511627906976745,51,2,1,3,2,6,7,7,7
Other,211.46,195.48,1,615.57,172.61,Not as expected,True,0.9300834360957281,7.23254101157197,0.8648578048971651,504,53,2,208.57,0.03773584905660377,0,0,1,1,3,0,0,2,2
Other,172.45,36.51,1,132.33,35.04,Not as expected,True,0.9287596895811904,4.079612604055109,0.8995949995030154,65,93,14,326.37,0.15053763440860216,2,0,2,1,1,0,0,0,0
Beauty,451.27,66.64,1,237.51,59.96,Wrong size,True,0.8539659174661198,2.5307893129073378,0.9170799623388076,1208,49,42,168.88,0.8571428571428571,6,0,12,12,12,7,7,7,7
Home,807.67,148.44,1,4.65,129.46,Wrong size,True,0.8110178904581724,7.1223304582402,0.8883848293323903,1,56,7,146.43,0.125,4,0,1,2,2,1,1,1,1
Other,176.52,118.89,1,389.62,116.73,Not as expected,True,0.864960856268199,3.816149936505826,0.863745659739835,4,46,6,421.23,0.13043478260869565,5,0,3,2,1,1,0,0,1
Electronics,91.23,91.23,1,677.54,87.94,Wrong size,True,0.8260537229472101,3.614613046363284,0.8650641792504716,360,60,3,568.94,0.05,1,0,2,5,2,0,0,0,0
Sports,225.01,225.01,1,488.27,217.51,Not as expected,True,0.9950359756070553,6.2485006675513235,0.8714207240204832,1,69,12,581.88,0.17391304347826086,11,0,1,3,1,1,1,1,1
Luxury,372.84,254.57,1,585.27,238.5,Not as expected,True,0.8471889259595535,8.940969315952028,0.9825002052268315,323,74,9,171.15,0.12162162162162163,0,0,2,2,2,0,0,1,1
Luxury,559.27,88.16,1,10.47,85.15,Wrong size,True,0.45,5.7443976901200955,0.643,417,78,6,411.49,0.07692307692307693,0,0,2,3,2,1,0,0,1
Beauty,294.74,294.74,1,160.27,286.29,Wrong size,True,0.8141160069968018,5.814798414380695,0.983755352795111,903,67,6,777.31,0.08955223880597014,0,0,2,2,2,0,0,0,0
Beauty,283.95,94.46,1,715.41,93.47,Changed mind,True,0.8576879734241226,8.887036691637952,0.8878943415361653,1044,37,3,90.93,0.08108108108108109,0,0,1,3,1,0,0,0,0
Books,147.43,35.82,1,633.89,32.54,Wrong size,True,0.843199969703439,3.6252962086632112,0.978145615403894,0,72,6,159.88,0.08333333333333333,6,0,3,1,1,2,2,2,2
Other,46.54,2.56,1,50.47,2.36,Changed mind,True,0.8692446617299497,9.0834982994115,0.860470883866569,908,100,11,632.8,0.11,0,0,3,2,1,0,0,0,0
Luxury,391.98,185.99,1,426.73,166.31,Not as expected,True,0.9183764264790761,5.266655664003891,0.8666553626802703,1192,77,3,211.7,0.03896103896103896,0,0,2,4,3,0,1,0,1
Electronics,497.68,174.0,1,183.3,147.95,Not as expected,True,0.9289997299120709,7.669643304327299,0.944774744451762,532,58,6,355.73,0.10344827586206896,0,0,1,3,1,0,0,0,0
Books,1732.82,75.17,1,3.16,66.67,Changed mind,True,0.9002885322171726,8.906017922913918,0.9497286536383949,3,68,8,370.92,0.11764705882352941,5,0,2,1,1,0,0,0,0
Beauty,159.74,46.16,1,128.72,39.4,Changed mind,False,0.8632163245358174,70.57,0.222,712,57,5,663.99,0.08771929824561403,0,0,2,6,1,0,12,0,12
Books,285.29,207.06,1,342.1,182.58,Wrong size,True,0.9702537240113444,0.9269429498966497,0.9959176845748925,966,27,3,876.04,0.1111111111111111,0,0,2,2,2,0,0,0,0
Beauty,138.59,87.2,1,170.54,86.74,Changed mind,True,0.9720911318066389,6.059112833087146,0.8780860203473893,1259,37,5,153.58,0.13513513513513514,0,0,3,1,1,0,0,0,0
Books,135.08,110.59,1,702.4,105.96,Wrong size,True,0.9906265045869251,6.777414859685445,0.9864330441488312,6,43,8,775.25,0.18604651162790697,6,0,2,2,1,1,1,1,1
Luxury,148.11,9.91,1,665.78,8.99,Changed mind,True,0.8857268874560559,8.889468672845108,0.8899796914466971,0,91,7,120.83,0.07692307692307693,5,0,2,3,2,0,0,0,0
Home,991.53,630.72,1,115.27,598.31,Changed mind,True,0.9613035567507942,4.230171371292712,0.9593217320014564,239,77,6,474.09,0.07792207792207792,0,0,1,4,4,0,0,0,0
Beauty,183.55,105.19,1,384.93,92.79,Wrong size,True,0.8693992878717616,9.318691509626177,0.9290779467797531,1208,49,42,168.88,0.8571428571428571,6,0,12,12,12,7,7,7,7
Electronics,613.74,104.78,1,21.47,93.2,Changed mind,True,0.571,8.096649717426901,0.653,1357,99,14,795.58,0.1414141414141414,0,0,2,2,1,0,0,0,0
Books,65.07,36.56,1,3453.0642947900365,33.87,Changed mind,True,0.922,4.881923480754947,0.763,77,70,46,297.98,0.6571428571428571,41,4,1,6,3,12,12,12,12
Electronics,395.26,112.21,1,646.65,96.87,Wrong size,True,0.9020061858518441,5.782587632847273,0.8833193549255223,1132,14,1,379.58,0.07142857142857142,0,0,1,4,1,0,0,0,0
Apparel,438.3,435.96,1,501.83,379.81,Not as expected,True,0.938319006583488,4.476084834638131,0.9808303956571937,1490,19,3,686.83,0.15789473684210525,0,0,2,4,4,0,0,0,0
Apparel,308.97,303.89,1,600.33,286.44,Not as expected,True,0.8365359956621888,5.102822620365801,0.9711415162131102,832,84,9,246.63,0.10714285714285714,0,0,3,5,3,0,0,0,0
Books,81.56,54.17,1,384.73,50.69,Not as expected,True,0.8807928414141954,1.3459133804706014,0.951270213047837,6,85,7,20.0,0.08235294117647059,4,0,2,2,1,3,1,1,3
Home,347.5,310.9,1,254.95,307.99,Wrong size,True,0.8039704213517791,5.272568951747933,0.8718839442848033,1399,86,11,104.17,0.12790697674418605,0,0,1,4,3,0,0,0,0
Apparel,218.77,218.77,1,611.29,214.73,Changed mind,True,0.9390116515004667,2.5052737961960823,0.886148452134017,2,41,5,1552.97,0.12195121951219512,3,0,3,3,1,0,0,0,0
Apparel,320.02,63.64,1,409.11,57.5,Changed mind,True,0.905269363751757,1.6323993346682664,0.9910795804045436,998,45,6,575.32,0.13333333333333333,0,0,2,1,2,0,0,0,0
Home,256.28,20.48,1,706.14,17.59,Wrong size,True,0.8769439384535271,6.306568341207134,0.9168297742314053,442,79,9,127.79,0.11392405063291139,0,0,2,2,3,0,1,0,1
Apparel,199.29,51.33,1,505.72,46.81,Not as expected,True,0.9758646906388392,2.755116100739352,0.9470231964811813,169,94,11,71.85,0.11702127659574468,1,0,2,3,2,0,0,0,0
Luxury,229.65,212.08,1,452.4,180.41,Changed mind,True,0.8021522582347808,7.9030836519556935,0.859130460569217,809,65,3,261.17,0.046153846153846156,0,0,1,2,1,0,1,0,1
Sports,163.54,64.46,1,610.61,57.78,Not as expected,True,0.856121236676429,4.069664445783992,0.9233309251552453,388,87,6,467.61,0.06896551724137931,0,0,1,1,3,0,0,0,0
Luxury,265.25,265.25,1,180.1,241.2,Not as expected,True,0.8548389144337551,8.36365423802477,0.9786838300008428,1245,25,2,476.03,0.08,0,0,2,1,3,0,0,1,1
Sports,237.46,237.46,1,545.97,202.81,Changed mind,True,0.9351761601520479,0.7012137682394626,0.9999845999505459,1,70,7,1346.05,0.1,5,0,2,2,2,1,1,7,7
Electronics,420.88,171.31,1,482.35,161.75,Changed mind,True,0.8539247285563416,9.427815722051427,0.8561306397689017,442,36,4,282.41,0.1111111111111111,0,0,2,4,2,0,0,0,0
Books,50.94,50.94,1,444.5,47.96,Not as expected,True,0.8584747766087638,6.4940316094312065,0.8842622339136056,828,96,8,361.33,0.08333333333333333,0,0,3,4,1,0,0,0,0
Sports,284.86,284.86,1,139.96,276.8,Not as expected,True,0.8112599815182553,5.250004692923158,0.9723781346242607,869,98,9,1150.47,0.09183673469387756,0,0,4,5,2,1,0,0,1
Luxury,113.55,113.55,1,626.82,104.94,Changed mind,True,0.876462591114825,0.677291730275702,0.8802572663171317,1295,40,4,994.2,0.1,0,0,2,2,1,0,0,0,0
Beauty,86.51,3.48,1,1295.7685359530494,3.16,Changed mind,True,0.86,1.7597390592669926,0.935,1279,49,32,570.23,0.6530612244897959,26,3,2,1,1,7,7,7,7
Other,135.69,135.69,1,678.54,130.26,Not as expected,True,0.8348165155198776,5.232117292687889,0.8731673845023225,3,98,11,220.21,0.11224489795918367,8,0,2,3,1,1,1,1,1
Sports,163.39,42.49,1,440.33,37.54,Wrong size,True,0.9088738822235181,5.109197550318653,0.908150840924569,6,39,2,428.0,0.05128205128205128,2,0,3,5,1,0,14,0,14
Luxury,189.11,189.11,1,702.22,183.97,Not as expected,True,0.9754049864102372,0.37849463924358173,0.9817830533431484,418,86,11,734.49,0.12790697674418605,0,0,3,3,4,1,0,3,3
Luxury,79.28,36.71,1,580.32,32.1,Changed mind,True,0.9862343606189543,7.236378382145848,0.8599421676225497,990,53,4,558.94,0.07547169811320754,1,0,5,5,2,3,0,0,3
Other,167.5,166.65,1,148.38,150.97,Not as expected,True,0.8317031278787134,5.849238593832994,0.9132594148834758,355,42,5,560.83,0.11904761904761904,0,0,1,6,1,0,1,0,1
Books,220.99,220.99,1,493.25,217.04,Changed mind,True,0.8180135794275626,8.588870664548054,0.886695076591877,4,49,3,322.24,0.061224489795918366,2,0,5,3,1,0,0,0,0
Home,427.57,354.79,1,861.9294117474,335.89,Not as expected,True,0.766,8.708608946033877,0.922,473,23,15,606.33,0.6521739130434783,14,2,2,3,2,4,4,4,4
Electronics,727.5,76.42,1,7.91,72.8,Changed mind,True,0.472,9.951332663693638,0.663,575,80,7,287.89,0.0875,0,0,1,4,2,0,0,0,0
Beauty,130.26,5.71,1,673.97,4.98,Not as expected,True,0.8483999526342277,1.1756795009463827,0.9838396047867258,34,92,10,393.32,0.10869565217391304,4,0,1,2,2,0,0,2,2
Luxury,27.73,12.81,1,510.69,11.04,Wrong size,True,0.8248677226761916,0.2598085988405796,0.9572842760498903,851,56,8,584.69,0.14285714285714285,0,0,2,1,1,0,0,0,0
Apparel,232.71,81.77,1,128.84,79.97,Wrong size,True,0.8314882670012518,5.494172349676956,0.9134618571812954,545,94,13,502.57,0.13829787234042554,0,0,1,3,1,0,0,0,0
Home,142.58,10.11,1,182.55,7.52,Wrong size,False,0.8454920302988753,53.78,0.138,163,86,7,247.14,0.08139534883720931,1,0,1,1,2,0,0,0,0
Apparel,331.58,26.63,1,437.54,23.97,Wrong size,True,0.9389733554963885,2.71975834582134,0.8986411377128818,1087,89,8,119.55,0.0898876404494382,0,0,2,2,3,0,0,1,1
Home,140.98,51.32,1,639.99,46.91,Not as expected,True,0.9217125899808545,6.061764886464388,0.9929024973525988,1,48,11,296.68,0.22916666666666666,10,0,1,4,4,1,1,1,1
Luxury,246.8,132.52,1,677.01,127.96,Not as expected,True,0.8849180439229355,7.610149047707773,0.9699988871168926,688,50,4,519.52,0.08,0,0,1,1,1,0,0,0,0
Luxury,775.01,209.43,1,7.47,186.39,Wrong size,True,0.522,8.231356022851106,0.665,112,76,7,440.44,0.09210526315789473,0,0,4,2,3,0,0,1,1
Electronics,70.49,40.72,1,577.89,34.98,Not as expected,True,0.9255060908324642,2.341862784481429,0.9517434335214483,501,67,10,1389.09,0.14925373134328357,0,0,3,3,5,0,0,0,0
Apparel,258.97,68.23,1,62.14,61.4,Wrong size,True,0.8159283252078555,4.760516344845992,0.8843132683567649,666,55,7,282.23,0.12727272727272726,0,0,1,4,3,0,0,0,0
Apparel,131.3,6.45,1,496.88,5.58,Wrong size,True,0.9621865538481893,5.247433374712944,0.9118271578939192,81,66,9,277.61,0.13636363636363635,2,0,1,2,2,0,0,0,0
Electronics,259.67,25.7,1,86.91,22.6,Not as expected,True,0.9405810367072687,0.483508643199827,0.9077299497804032,659,70,4,230.75,0.05714285714285714,0,0,3,7,3,0,0,0,0
Luxury,59.79,59.79,1,175.25,52.62,Changed mind,True,0.8171516039163044,5.555645094516619,0.9136874612003798,1074,46,4,341.27,0.08695652173913043,0,0,1,4,1,0,0,0,0
Beauty,235.17,43.68,1,361.3,38.27,Wrong size,True,0.9746967913387738,7.258540571550976,0.9708376239892422,1095,79,12,569.57,0.1518987341772152,0,0,1,1,3,0,0,2,2
Sports,262.79,262.79,1,209.42,243.52,Wrong size,True,0.9384970433818354,8.603118095825984,0.8809187662254686,499,66,6,490.34,0.09090909090909091,0,0,1,2,1,0,0,0,0
Electronics,65.74,9.29,1,278.14,8.14,Not as expected,True,0.8153368447432007,6.15726917158168,0.8518426482722028,903,67,6,777.31,0.08955223880597014,0,0,2,2,2,0,0,0,0
Other,496.15,345.03,1,6669.50953782184,318.17,Changed mind,True,0.669,7.313888591783396,0.776,392,64,42,717.44,0.65625,36,0,4,1,1,3,3,3,3
Home,150.5,48.65,1,367.57,43.71,Not as expected,True,0.9315749407537501,8.12426830736385,0.8687427180048405,594,60,10,338.04,0.16666666666666666,0,0,1,3,1,0,0,0,0
Apparel,319.28,245.6,1,61.42,215.44,Changed mind,True,0.382,1.5879472060195654,0.742,3,65,5,383.46,0.07692307692307693,4,0,3,3,2,0,0,0,0
Books,99.53,9.34,1,286.13,8.0,Not as expected,True,0.9785091009360327,5.220364101814553,0.9637449459293352,156,84,14,194.7,0.16666666666666666,1,0,1,2,2,0,0,0,0
Other,1756.26,1756.26,1,435.17,1525.99,Wrong size,True,0.8733084406714704,4.996546541290526,0.9615052815452562,396,95,7,47.37,0.07368421052631578,1,0,2,2,1,0,0,0,0
Luxury,564.58,7.64,1,67.76,7.03,Not as expected,True,0.8785281162595601,9.760821404744704,0.9693774898677096,4,28,5,490.23,0.17857142857142858,4,0,4,4,2,0,0,0,0
Home,167.58,167.58,1,104.78,164.76,Changed mind,True,0.9788684300533093,8.81711470418103,0.950844182306865,703,47,6,561.68,0.1276595744680851,0,0,1,2,1,0,0,0,0
Beauty,208.56,154.94,1,10718.174747158897,148.86,Wrong size,True,0.776,6.829590150010326,0.851,1426,73,48,162.72,0.6575342465753424,43,6,3,5,1,14,14,14,14
Beauty,441.22,197.87,1,204.58,189.3,Wrong size,True,0.8766791914232883,4.363586897564921,0.9453502420870776,1253,44,4,218.29,0.09090909090909091,0,0,2,4,2,0,2,0,2
Luxury,315.27,315.27,1,319.8,306.52,Wrong size,True,0.9810113810745611,9.763776367753605,0.863721017087769,1110,29,6,1487.08,0.20689655172413793,1,0,2,2,3,0,0,0,0
Home,158.32,78.29,1,508.18,71.04,Not as expected,True,0.8652698924477732,1.0586593600404282,0.877900037105326,896,74,5,407.4,0.06756756756756757,0,0,1,2,1,0,0,0,0
Electronics,155.48,149.24,1,697.37,96.4,Changed mind,False,0.9480988774155228,40.56,0.216,1406,86,8,602.72,0.09302325581395349,0,0,2,5,2,0,0,2,2
Home,152.88,44.78,1,702.58,41.51,Changed mind,True,0.9706623393384364,8.53255102159614,0.9808473420480376,260,69,4,116.81,0.057971014492753624,0,0,1,2,1,0,0,0,0
Luxury,98.51,51.93,1,68.99,49.75,Wrong size,True,0.8434272261210779,9.07595271494364,0.9151241687316067,42,89,9,360.35,0.10112359550561797,1,0,5,2,3,0,0,0,0
Luxury,103.81,22.96,1,63.97,22.42,Changed mind,True,0.8941514915277231,9.558702373255116,0.9130930022230113,1,53,4,1155.83,0.07547169811320754,2,0,3,2,2,1,0,0,1
Apparel,297.96,297.96,1,587.15,266.59,Wrong size,True,0.878876433512298,4.0130314901767585,0.923214246255214,477,93,11,923.74,0.11827956989247312,0,0,3,2,3,0,0,0,0
Other,200.51,3.63,1,318.03,3.14,Not as expected,True,0.9373898498040694,3.823487997348373,0.9692059983672886,995,96,8,280.35,0.08333333333333333,0,0,1,3,4,0,0,0,0
Other,197.86,135.05,1,142.63,133.87,Not as expected,True,0.9789727043403268,9.38693904759749,0.8886008231951126,2,65,11,136.18,0.16923076923076924,10,0,3,3,3,1,1,1,1
Apparel,102.75,102.75,1,401.19,93.32,Changed mind,True,0.8574372594428264,6.042694313662094,0.8682535155973917,1275,85,11,461.87,0.12941176470588237,0,0,1,2,2,0,0,0,0
Luxury,68.61,64.74,1,500.21,57.89,Not as expected,True,0.8584927093333421,6.309621431342666,0.953087767782203,3,99,12,643.46,0.12121212121212122,9,0,1,1,3,1,1,2,2
Sports,143.34,39.53,1,190.13,38.06,Not as expected,True,0.9005318267337927,8.784283147848235,0.9740131763346972,1208,49,42,168.88,0.8571428571428571,6,0,12,12,12,7,7,7,7
Books,80.86,17.9,1,429.23,17.05,Changed mind,True,0.8609149365965122,1.790109033987729,0.9976037063601231,298,91,6,644.58,0.06593406593406594,0,0,1,3,3,0,0,1,1
Electronics,825.73,139.04,1,51.09,123.06,Not as expected,True,0.573,9.360504840212359,0.609,618,21,5,423.94,0.23809523809523808,0,0,1,3,1,0,0,0,0
Luxury,101.9,2.23,1,623.71,2.05,Wrong size,True,0.8650077550948767,3.8938950261910388,0.937517672160954,1298,74,9,1111.35,0.12162162162162163,0,0,1,4,2,0,1,2,2
Beauty,286.22,167.04,1,213.83,142.25,Not as expected,True,0.896106712521173,0.8736186380455091,0.9168717624065089,886,73,9,338.77,0.1232876712328767,0,0,3,3,1,1,0,0,1
Electronics,196.51,196.51,1,339.55,190.71,Not as expected,True,0.9291706477362925,5.083433850230065,0.8712013335788428,1155,78,7,294.59,0.08974358974358974,0,0,5,3,1,0,0,0,0
Luxury,123.89,22.03,1,190.85,20.15,Not as expected,True,0.9873637603925882,2.7308767534251133,0.9776154359249457,93,89,9,405.59,0.10112359550561797,1,0,2,3,1,0,0,0,0
Luxury,126.68,30.45,1,669.0,26.92,Wrong size,True,0.830367425292562,6.464189696223572,0.8926129748215298,1172,22,1,256.04,0.045454545454545456,0,0,1,3,2,0,2,1,2
Apparel,144.42,21.05,1,184.99,19.88,Wrong size,True,0.9902546619917912,0.733854059327268,0.9005100693729169,7,25,6,1731.44,0.24,5,0,1,2,3,1,2,1,2
Luxury,33.33,5.98,1,697.7832731239181,5.56,Wrong size,True,0.854,0.36964250605937443,0.875,801,67,44,340.6,0.6567164179104478,39,6,1,1,2,10,10,10,10
Luxury,184.58,100.24,1,206.02,91.18,Not as expected,True,0.8486011607540791,7.666255023987654,0.9041830353125594,573,75,10,486.08,0.13333333333333333,0,0,2,3,2,1,1,0,1
Apparel,319.89,319.89,1,601.95,294.8,Changed mind,True,0.976040345825026,2.678249937689624,0.9458024953771325,1404,76,10,326.84,0.13157894736842105,0,0,1,3,1,0,0,0,0
Books,104.8,104.8,1,558.4,100.85,Wrong size,True,0.8675858961435805,4.226402383074887,0.9975424708568079,1376,99,9,542.62,0.09090909090909091,0,0,2,2,2,0,0,0,0
Electronics,572.03,375.88,1,611.27,356.25,Changed mind,True,0.846721904280008,1.1935318109469761,0.9616734337656458,3,100,16,325.07,0.16,13,0,3,6,2,2,3,2,3
Apparel,188.14,29.25,1,395.58,27.36,Wrong size,True,0.9790691139812743,2.2233947344590863,0.9799303519169749,1040,78,8,204.02,0.10256410256410256,0,0,3,3,2,0,0,0,0
Other,296.49,16.76,1,592.16,9.87,Wrong size,False,0.8824080014722794,59.62,0.123,345,56,3,78.59,0.05357142857142857,0,0,1,2,4,0,0,0,0
Other,109.75,40.58,1,420.42,36.28,Wrong size,True,0.9457896156507875,8.70146262077591,0.9127456458500454,1468,29,3,108.78,0.10344827586206896,0,0,3,1,1,0,0,0,0
Electronics,185.07,185.07,1,315.99,181.02,Changed mind,True,0.8675417026045955,2.390015192589151,0.8855384424479072,863,83,13,333.66,0.1566265060240964,1,0,2,2,2,0,0,0,0
Home,64.43,43.82,1,474.28,39.35,Changed mind,True,0.925864161947654,8.744883256875429,0.8938363524022438,383,42,2,368.52,0.047619047619047616,0,0,1,2,2,0,0,0,0
Luxury,444.32,96.27,1,629.93,83.54,Not as expected,True,0.8722514891924861,9.984345130873011,0.9802005233343734,793,69,5,680.11,0.07246376811594203,0,0,2,3,1,0,0,0,0
Luxury,397.58,397.58,1,362.59,356.6,Wrong size,True,0.8322203098674898,5.900805491430614,0.9944704766300905,54,69,6,1272.43,0.08695652173913043,2,0,1,2,1,0,0,0,0
Beauty,93.08,93.08,1,256.73,90.16,Changed mind,True,0.9843617477372901,8.089492823483926,0.8515028776877166,534,38,1,324.17,0.02631578947368421,0,0,3,3,2,2,2,0,2
Luxury,81.84,81.84,1,705.08,76.91,Not as expected,True,0.879787420426841,7.94400974070596,0.9695024497211815,1151,76,7,131.32,0.09210526315789473,0,0,1,1,1,0,0,0,0
Apparel,362.21,138.64,1,215.41,132.78,Not as expected,True,0.9794298917130988,7.300144604233938,0.9400949901133592,0,72,10,757.64,0.1388888888888889,9,0,4,2,1,1,1,1,1
Other,74.05,4.62,1,656.52,4.21,Changed mind,True,0.926898536839687,8.80549261708571,0.9701332740082417,2,35,5,275.78,0.14285714285714285,5,0,4,3,2,1,1,1,1
Beauty,99.0,99.0,1,325.23,95.57,Not as expected,True,0.9613707935042106,5.990446511353663,0.9209287446003854,311,65,5,308.44,0.07692307692307693,0,0,1,6,1,0,0,0,0
Apparel,221.38,125.09,1,392.86,107.25,Not as expected,True,0.9723344003429055,6.960898501937082,0.9128088672812165,888,72,6,698.97,0.08333333333333333,0,0,1,1,1,0,0,0,0
Books,69.39,44.74,1,171.54,44.67,Changed mind,True,0.9331318628054242,5.827606419492247,0.9729700733833756,396,95,7,47.37,0.07368421052631578,1,0,2,2,1,0,0,0,0
Luxury,1203.83,15.55,1,10.4,14.49,Not as expected,True,0.8006831078177814,9.925271218607019,0.883373691258125,3,87,10,940.41,0.11494252873563218,7,0,2,3,1,0,0,0,0
Home,189.2,133.96,1,110.37,119.62,Not as expected,True,0.9323801338586459,3.0255294886948003,0.9292176274548786,707,94,62,222.85,0.6595744680851063,54,5,1,3,1,10,10,10,10
Sports,648.37,137.24,1,703.0,131.79,Changed mind,True,0.9698449649005236,4.466769736775459,0.8886498958581752,290,77,8,998.52,0.1038961038961039,0,0,3,2,3,2,0,1,2
Books,109.79,54.4,1,199.81,52.92,Changed mind,True,0.9561791650370554,8.174761582665038,0.9983109740876942,240,52,4,115.89,0.07692307692307693,0,0,1,4,2,0,0,0,0
Home,90.96,25.34,1,597.92,25.01,Not as expected,True,0.9338686361991335,4.295635090206254,0.996386850222813,895,47,5,2156.11,0.10638297872340426,0,0,1,1,1,0,0,0,0
Home,191.92,33.83,1,359.91,33.04,Changed mind,True,0.8952853390823965,2.4578106276858547,0.8565504830319339,390,53,9,334.53,0.16981132075471697,1,0,1,1,2,0,0,1,1
Other,1105.08,100.46,1,5.39,98.61,Changed mind,True,0.9164599412303702,7.47044449649737,0.9314082316224825,0,31,2,155.2,0.06451612903225806,1,0,2,5,2,0,0,0,0
Other,1222.1,249.61,1,208.24,214.94,Changed mind,True,0.9191270442416954,7.237649220297254,0.8652496870545362,1134,61,3,1928.43,0.04918032786885246,0,0,1,2,2,0,0,0,0
Luxury,410.15,410.15,1,704.8,378.13,Not as expected,True,0.805519830804463,6.860458228764676,0.9231874593821199,533,90,9,347.72,0.1,0,0,1,6,1,0,1,0,1
Home,146.55,146.55,1,65.46,144.34,Wrong size,True,0.9751725422433367,5.352409966029395,0.9441731677358322,273,15,2,174.45,0.13333333333333333,0,0,1,5,2,0,0,0,0
Apparel,158.04,158.04,1,501.14,144.95,Changed mind,False,0.948955523857939,60.92,0.144,1087,89,8,119.55,0.0898876404494382,0,0,2,2,3,0,0,1,1
Sports,74.03,33.93,1,172.27,32.92,Wrong size,True,0.9189407833631488,7.206426987400994,0.8910397087745034,3,95,11,116.74,0.11578947368421053,10,0,3,2,1,1,1,1,1
Books,270.26,103.32,1,118.36,93.91,Not as expected,True,0.982229842096701,7.7539244989672795,0.8746903994117143,696,74,7,865.91,0.0945945945945946,0,0,1,3,1,0,0,0,0
Electronics,644.71,418.35,1,575.4,412.14,Not as expected,True,0.886122280464558,5.980103637022985,0.9329248973926784,5,75,9,628.98,0.12,7,0,2,2,2,2,2,2,2
Electronics,111.77,111.77,1,617.78,111.03,Wrong size,True,0.8477012777891197,7.296257203680611,0.8528243390280542,1401,94,12,274.07,0.1276595744680851,0,0,1,3,1,0,0,0,0
Beauty,33.97,22.81,1,93.03,21.18,Not as expected,True,0.8832603212128203,4.709511376133655,0.9749863453262826,6,65,7,129.54,0.1076923076923077,6,0,2,4,2,1,1,1,1
Books,131.27,131.27,1,490.2,122.91,Not as expected,True,0.8915084539890857,3.3848336889661867,0.8855912162226428,252,77,7,253.94,0.09090909090909091,0,0,1,3,2,0,0,0,0
Books,272.31,173.54,1,698.9,158.22,Wrong size,True,0.9050057886278613,7.535406891505648,0.9682408045510297,7,48,8,900.47,0.16666666666666666,6,0,3,2,2,0,0,0,0
Luxury,330.88,16.3,1,14.93,15.51,Changed mind,True,0.309,7.038472594663979,0.674,383,94,9,130.84,0.09574468085106383,0,0,3,2,5,0,0,3,3
Sports,312.88,179.95,1,234.29,172.3,Not as expected,True,0.8874439319785741,1.3505713709477918,0.9268424975620763,1493,69,7,2181.77,0.10144927536231885,0,0,1,4,2,0,2,0,2
Electronics,39.72,13.66,1,397.54,12.28,Not as expected,True,0.9675287172585694,9.482788688954969,0.9001020119955162,1208,49,42,168.88,0.8571428571428571,6,0,12,12,12,7,7,7,7
Electronics,1181.64,2.62,1,4.4,2.29,Not as expected,True,0.9650441763651157,3.2227442926626715,0.867314283841312,3,100,16,325.07,0.16,13,0,3,6,2,2,3,2,3
Home,79.92,44.55,1,630.28,39.0,Wrong size,True,0.9509996989769608,3.3183230786227758,0.9212797009344826,1287,86,6,395.35,0.06976744186046512,0,0,1,5,2,0,0,0,0
Apparel,334.03,334.03,1,585.72,319.21,Not as expected,True,0.8779274672956432,3.5242363706123214,0.9278099287375959,558,58,4,1229.51,0.06896551724137931,0,0,2,2,2,1,0,0,1
Sports,85.83,19.6,1,221.15,17.62,Changed mind,True,0.8073016903215121,2.858057828740508,0.9283458171438714,1285,99,8,569.44,0.08080808080808081,0,0,3,2,1,0,0,0,0
Books,214.91,113.71,1,200.4,112.59,Changed mind,True,0.8094891053905229,3.991215814176389,0.9472268080337926,842,41,4,413.59,0.0975609756097561,0,0,1,2,2,0,0,0,0
Home,75.62,75.62,1,259.39,67.47,Not as expected,True,0.8337273491176166,0.44297859101955717,0.8576426490872828,484,61,54,1514.7,0.8852459016393442,11,0,12,12,12,7,7,7,7
Home,428.51,428.51,1,454.83,410.96,Changed mind,True,0.8584602711157998,1.1403852877256049,0.963592170024743,196,14,1,82.38,0.07142857142857142,0,0,1,2,2,0,0,0,0
Books,146.64,58.3,1,392.82,56.85,Wrong size,True,0.9427620870333225,2.597788790280685,0.9680258771614995,1,82,10,614.9,0.12195121951219512,8,0,3,3,4,5,2,3,5
Home,92.52,75.28,1,608.44,69.95,Changed mind,True,0.8040916558705724,3.9556267341670024,0.977340064491344,540,88,9,280.14,0.10227272727272728,0,0,1,2,1,0,0,0,0
Home,198.69,109.52,1,358.77,95.12,Changed mind,True,0.9940605678600609,6.912362092272609,0.9090361968330446,617,63,6,381.49,0.09523809523809523,0,0,1,4,1,0,1,0,1
Beauty,151.96,151.96,1,572.35,149.84,Changed mind,True,0.9827849700783963,5.089920792228323,0.9221845103059345,3,99,12,643.46,0.12121212121212122,9,0,1,1,3,1,1,2,2
Luxury,346.62,93.43,1,704.87,87.14,Changed mind,True,0.9230727767111646,9.542763712014146,0.9434470810890884,2,81,7,188.93,0.08641975308641975,7,0,4,3,1,3,3,3,3
Luxury,310.89,67.53,1,211.03,60.14,Changed mind,True,0.9791604430700269,4.960152463787534,0.981108748588057,508,86,76,550.63,0.8837209302325582,13,0,12,12,12,7,7,7,7
Beauty,57.95,10.13,1,249.48,9.9,Wrong size,True,0.9492633688045028,5.814737244915533,0.8623539341355044,758,88,7,368.97,0.07954545454545454,1,0,3,1,1,0,0,0,0
Electronics,53.81,13.68,1,426.76,13.02,Not as expected,True,0.8487586017205258,8.98602544569251,0.9583389356699723,944,55,9,614.98,0.16363636363636364,0,0,2,3,4,0,0,0,0
Apparel,333.64,26.97,1,478.08,24.39,Not as expected,True,0.8292294273670842,1.706813367985719,0.9335168819109375,1135,86,9,453.81,0.10465116279069768,0,0,2,7,2,0,0,1,1
Luxury,1183.91,5.04,1,3.97,4.52,Wrong size,True,0.9747777090671765,1.6501706142730965,0.9306260053798253,6,17,4,206.16,0.23529411764705882,2,0,1,3,2,0,0,0,0
Electronics,273.04,65.23,1,650.73,55.99,Not as expected,True,0.8100551487705578,1.3882612120354232,0.9796918387924044,3,58,9,1148.32,0.15517241379310345,8,0,3,2,1,2,3,1,3
Sports,124.12,92.78,1,151.2,82.11,Changed mind,True,0.9384341314970207,5.122118753554381,0.9214677836517946,3,47,6,247.05,0.1276595744680851,4,0,3,1,1,1,1,1,1
Electronics,162.28,155.74,1,611.17,145.38,Not as expected,True,0.9480566973845748,8.915098812031182,0.9378932953181107,217,51,6,788.76,0.11764705882352941,0,0,1,2,1,0,0,0,0
Electronics,342.7,20.0,1,2621.6767796293543,18.45,Not as expected,True,0.703,4.767132742800363,0.735,1426,48,32,158.11,0.6666666666666666,31,3,2,5,2,9,9,9,9
Electronics,202.71,202.71,1,497.6,180.76,Not as expected,True,0.9025082039085373,4.6615303241182,0.9067803099545587,889,86,4,112.15,0.046511627906976744,0,0,2,3,2,0,1,0,1
Apparel,79.71,16.5,1,159.94,14.98,Not as expected,True,0.8930455265223068,0.9999291237998154,0.9583720651846044,519,62,8,763.5,0.12903225806451613,0,0,1,4,1,0,2,0,2
Luxury,149.8,149.8,1,303.86,135.85,Wrong size,True,0.9424666635886222,2.2035243466797114,0.9764748465581337,128,95,87,79.13,0.9157894736842105,25,0,12,12,12,7,7,7,7
Books,156.14,38.2,1,100.04,34.85,Not as expected,True,0.9174745072740588,8.362986743384283,0.9324778975525043,6,85,9,690.23,0.10588235294117647,7,0,2,2,3,0,0,0,0
Luxury,181.9,160.58,1,663.23,159.96,Wrong size,True,0.9216340056472311,8.796253295967695,0.8555241654957884,1237,93,7,2473.06,0.07526881720430108,0,0,2,3,1,1,1,0,1
Books,72.28,0.65,1,142.8,0.64,Changed mind,True,0.9589614220227282,1.9218546130721248,0.9226873821515907,480,24,4,711.44,0.16666666666666666,0,0,1,3,2,0,1,0,1
Apparel,165.66,73.77,1,259.04,69.11,Not as expected,True,0.910834039365151,4.245490682594363,0.9365251138080997,3,63,9,935.41,0.14285714285714285,8,0,3,2,2,0,0,0,0
Luxury,116.14,35.29,1,59.05,33.91,Not as expected,True,0.9971086157796383,3.8769790552405805,0.980409685964709,484,61,54,1514.7,0.8852459016393442,11,0,12,12,12,7,7,7,7
Beauty,107.59,33.49,1,348.78,29.25,Wrong size,True,0.89310175353153,9.826151282521497,0.8945698466894851,501,74,7,216.78,0.0945945945945946,0,0,2,3,2,0,0,0,0
Books,38.46,38.46,1,571.05,32.83,Wrong size,True,0.8278929552687647,7.965756645323174,0.9444803108990444,1,82,10,614.9,0.12195121951219512,8,0,3,3,4,5,2,3,5
Luxury,154.99,154.99,1,457.63,134.43,Not as expected,True,0.8632548359282488,8.721428003167,0.9309072064790571,1276,87,10,305.24,0.11494252873563218,0,0,1,1,2,0,0,0,0
Books,570.01,272.26,1,637.76,243.74,Not as expected,True,0.959370069254135,8.957314955909148,0.8914632912970029,7,34,3,206.31,0.08823529411764706,3,0,1,3,1,0,0,0,0
Luxury,657.3,153.85,1,6.83,137.22,Not as expected,True,0.566,5.632277324634439,0.701,1127,51,9,269.83,0.17647058823529413,0,0,2,3,1,0,1,0,1
Beauty,90.44,49.8,1,241.89,46.51,Not as expected,True,0.8348973458567175,0.6720967184437399,0.8949952780416119,1492,80,6,478.93,0.075,0,0,3,2,2,0,0,0,0
Other,66.89,1.36,1,126.63,1.18,Wrong size,True,0.8647229113636983,6.491851771913088,0.9129691889587028,1482,93,6,983.04,0.06451612903225806,0,0,2,5,3,0,0,0,0
Home,1358.16,194.23,1,10.72,182.35,Wrong size,True,0.876364023498377,6.48424439883301,0.9659808261967022,3,43,6,452.76,0.13953488372093023,5,0,2,2,1,0,1,0,1
Apparel,246.9,109.61,1,221.24,109.14,Wrong size,True,0.8537472506488519,7.461774399353576,0.9033593477122823,1289,40,6,730.31,0.15,0,0,2,3,1,0,0,0,0
Home,201.08,118.83,1,703.56,111.2,Not as expected,True,0.862054456529668,8.137186075194993,0.9692056021235542,6,43,8,775.25,0.18604651162790697,6,0,2,2,1,1,1,1,1
Home,183.14,137.9,1,246.55,137.49,Changed mind,True,0.9675985540812525,2.7717917588000915,0.9591594301425668,797,80,8,133.85,0.1,0,0,1,2,1,0,1,0,1
Other,363.1,363.1,1,682.19,342.62,Wrong size,True,0.9824490408440834,8.784982833612755,0.8966930507933089,2,28,5,78.95,0.17857142857142858,2,0,2,1,2,1,1,1,1
Apparel,132.97,13.56,1,233.67,7.55,Changed mind,False,0.8421113147053099,57.87,0.18,35,52,8,107.99,0.15384615384615385,1,0,2,1,3,0,0,0,0
Electronics,263.01,19.38,1,144.37,17.53,Changed mind,True,0.9414761588974326,4.7926461805782505,0.8695916647380211,1103,78,9,314.14,0.11538461538461539,0,0,2,3,1,0,0,0,0
Books,56.8,56.8,1,3982.84948166601,51.57,Wrong size,True,0.85,4.270533882486916,0.755,405,31,21,2083.43,0.6774193548387096,16,0,3,5,2,5,6,5,6
Books,201.62,201.62,1,250.2,188.17,Changed mind,True,0.8892901199757438,1.5407451854536258,0.9156452046268917,1363,53,45,400.24,0.8490566037735849,5,0,12,12,12,7,7,7,7
Books,183.81,105.21,1,201.07,103.82,Wrong size,True,0.9689266933987053,5.02892375934616,0.8599209730009403,1372,81,9,87.07,0.1111111111111111,0,0,1,2,2,0,0,0,0
Other,125.58,37.6,1,568.07,34.04,Not as expected,True,0.995314637473703,1.9893354860127566,0.9019815904508721,1110,55,4,283.36,0.07272727272727272,0,0,3,5,1,0,0,0,0
Beauty,426.89,321.73,1,657.09,314.84,Not as expected,True,0.870443947969455,9.509580461656633,0.9456184187307358,273,48,5,1186.75,0.10416666666666667,1,0,4,3,3,0,0,0,0
Sports,278.83,134.51,1,397.11,116.71,Wrong size,True,0.9860832658265614,7.468844355007437,0.8850652675693769,1265,36,5,289.64,0.1388888888888889,0,0,2,3,1,0,0,0,0
Apparel,226.23,93.95,1,113.57,87.24,Changed mind,True,0.902242155876223,1.2053418283573647,0.9005665645071138,94,66,4,177.29,0.06060606060606061,0,0,1,3,4,0,1,0,1
Luxury,494.78,183.87,1,195.46,169.13,Not as expected,True,0.948556438311586,4.236593379914783,0.9554123990844713,502,59,5,234.05,0.0847457627118644,0,0,3,3,2,0,0,0,0
Sports,182.1,71.29,1,177.08,67.84,Not as expected,True,0.9403300039349306,7.990666526319613,0.9040450348123801,1440,62,12,120.84,0.1935483870967742,0,0,2,2,1,0,0,0,0
Sports,188.3,188.3,1,291.0,177.04,Not as expected,True,0.8657848200945024,5.533510479569569,0.9234183628136172,698,92,9,570.65,0.09782608695652174,0,0,2,2,1,0,0,0,0
Other,221.77,169.05,1,491.72,161.49,Not as expected,True,0.8086751966115265,2.7016462071885017,0.8881686764681307,1464,68,11,256.64,0.16176470588235295,0,0,2,3,3,0,0,0,0
Apparel,392.05,44.82,1,151.77,43.15,Changed mind,True,0.8027770847146899,3.325940354119763,0.9548727855197116,352,41,7,876.41,0.17073170731707318,1,0,1,2,1,0,0,0,0
Luxury,129.89,31.28,1,608.03,28.23,Not as expected,True,0.9903886651600105,0.7222684144203728,0.9899726350351786,3,68,8,138.97,0.11764705882352941,6,0,2,6,1,1,1,1,1
Sports,402.2,289.87,1,393.44,285.64,Changed mind,True,0.8800123655290066,8.125295503110465,0.9101780565066178,1411,63,6,201.03,0.09523809523809523,0,0,2,3,1,0,1,0,1
Luxury,236.72,81.31,1,187.94,69.15,Wrong size,True,0.9497913575415196,8.467133082999883,0.8732693150488495,811,82,10,399.29,0.12195121951219512,0,0,2,3,2,0,0,0,0
Books,136.5,134.37,1,425.01,129.0,Wrong size,True,0.8313728113935956,3.0908095534043345,0.86439136366868,342,57,8,334.93,0.14035087719298245,0,0,4,2,4,1,0,0,1
Luxury,142.29,21.19,1,583.11,20.99,Changed mind,True,0.8419314396108282,1.7540870907321016,0.9918793574177669,535,11,3,2099.67,0.2727272727272727,0,0,2,3,1,0,0,0,0
Electronics,304.21,32.94,1,265.69,29.76,Wrong size,False,0.8136832705095594,43.47,0.321,1273,49,6,208.36,0.12244897959183673,0,0,2,2,2,0,0,0,0
Apparel,868.72,38.18,1,32.62,35.02,Not as expected,True,0.34,3.5861806862532966,0.728,1289,40,6,730.31,0.15,0,0,2,3,1,0,0,0,0
Home,277.77,277.77,1,519.02,188.51,Not as expected,False,0.8711969543053102,66.34,0.125,528,92,11,156.62,0.11956521739130435,1,0,2,5,3,0,0,0,0
Apparel,224.6,224.6,1,68.46,214.45,Not as expected,True,0.8951282153944004,9.619909012353634,0.9744496683766757,489,80,7,243.07,0.0875,0,0,1,2,1,0,0,0,0
Luxury,114.96,26.44,1,239.32,24.25,Changed mind,True,0.9974320384473747,6.879333632916076,0.9311454675727641,3,62,8,1758.44,0.12903225806451613,7,0,2,3,1,1,0,0,1
Sports,184.37,184.37,1,332.67,183.14,Wrong size,True,0.9604515229396898,6.995617557331901,0.96133275827738,1401,54,5,365.05,0.09259259259259259,0,0,3,3,1,0,0,0,0
Luxury,243.6,39.82,1,640.11,32.05,Wrong size,False,0.8674779009601432,73.91,0.286,619,76,7,156.26,0.09210526315789473,0,0,1,3,1,0,0,0,0
Books,150.64,150.64,1,560.36,149.62,Wrong size,True,0.8675060621056503,4.970151615567151,0.8635359337826035,1,79,13,548.37,0.16455696202531644,12,0,1,3,1,0,0,0,0
Books,303.97,208.62,1,260.61,194.82,Not as expected,True,0.9651514536930971,4.445674584214997,0.9886245160127779,510,100,6,130.23,0.06,0,0,2,2,1,0,0,0,0
Other,141.92,141.92,1,653.5,128.82,Wrong size,True,0.961129238099655,9.372651728745078,0.9114119227275511,4,36,3,386.51,0.08333333333333333,2,0,1,2,3,0,0,0,0
Luxury,272.94,14.05,1,318.38,12.24,Not as expected,True,0.8852064744036131,1.3118855485145486,0.9475686903960137,1408,97,9,257.7,0.09278350515463918,0,0,2,2,2,0,0,0,0
Luxury,330.49,8.73,1,445.17,7.61,Not as expected,True,0.959374624814924,7.7746573572982385,0.8746666100360124,573,85,8,307.86,0.09411764705882353,0,0,3,5,1,0,0,0,0
Other,634.92,634.92,1,446.85,616.69,Changed mind,True,0.9378123768161727,8.269069859536339,0.8803508371950434,607,69,5,133.04,0.07246376811594203,0,0,2,6,2,0,1,0,1
Other,89.7,18.52,1,664.53,18.06,Changed mind,True,0.9143498336882064,3.8009563391233336,0.9506981686819972,2,63,9,64.01,0.14285714285714285,8,0,4,6,3,2,1,1,2
Home,338.42,78.19,1,455.57,75.54,Wrong size,True,0.9233881208129133,1.2616278501505584,0.9835712703631974,997,62,7,890.99,0.11290322580645161,0,0,2,3,2,1,0,0,1
Apparel,370.59,201.59,1,141.93,168.89,Changed mind,False,0.8061951649974188,72.1,0.182,784,40,4,412.12,0.1,0,0,2,3,3,0,0,0,0
Home,201.64,201.64,1,701.93,200.96,Wrong size,True,0.9029281327376734,1.6005793522320955,0.9524765751864415,6,56,9,326.22,0.16071428571428573,7,0,2,4,2,1,1,1,1
Beauty,142.97,31.69,1,198.37,29.25,Wrong size,True,0.9507206908038726,3.5272518823657473,0.8706861423923554,163,54,6,540.84,0.1111111111111111,0,0,2,4,4,0,0,1,1
Beauty,21.72,21.72,1,7311.525055167783,20.98,Changed mind,True,0.9,9.273511741019,0.902,392,64,42,717.44,0.65625,36,0,4,1,1,3,3,3,3
Home,298.41,184.37,1,339.07,157.29,Wrong size,True,0.9312811701453492,0.2993762106285047,0.8597412066821867,1122,41,7,215.41,0.17073170731707318,0,0,1,3,1,0,0,0,0
Sports,930.82,930.82,1,133.1,816.42,Changed mind,True,0.913482100579093,6.0407034778800135,0.8569253074083385,104,92,4,79.2,0.043478260869565216,0,0,2,2,4,0,0,0,0
Sports,342.43,107.34,1,315.38,94.48,Not as expected,True,0.8293906268276703,9.422297472568651,0.9542740923252844,2,49,5,277.68,0.10204081632653061,3,0,1,2,2,2,3,2,3
Sports,148.59,39.48,1,571.8,34.44,Wrong size,True,0.9717467484162081,2.154461343603451,0.9431321206223201,1,66,7,175.15,0.10606060606060606,7,0,2,2,2,0,0,0,0
Electronics,668.57,204.29,1,47.1,181.8,Wrong size,True,0.418,6.938800326876448,0.607,669,80,11,81.95,0.1375,0,0,3,3,3,0,0,0,0
Beauty,338.52,338.52,1,504.15,306.74,Wrong size,True,0.9524262863288236,6.783137071826999,0.8792395306919032,311,87,9,554.9,0.10344827586206896,1,0,1,3,2,0,0,0,0
Luxury,62.19,62.19,1,719.06,59.82,Wrong size,True,0.9917761470089047,9.6749892482084,0.9051142644490576,1405,20,3,412.59,0.15,0,0,3,4,1,2,0,0,2
Apparel,56.88,56.88,1,68.55,53.57,Wrong size,True,0.830161110619106,5.575607962128704,0.9595774575635314,508,86,76,550.63,0.8837209302325582,13,0,12,12,12,7,7,7,7
Home,351.7,99.48,1,285.45,87.87,Not as expected,True,0.8831443889364445,9.458247314287282,0.9737699702334809,2,56,12,646.36,0.21428571428571427,11,0,3,1,1,2,2,2,2
Apparel,1943.96,54.94,1,3.95,52.23,Changed mind,True,0.8590110079178407,1.2636711840141301,0.8727752580531224,4,44,3,286.39,0.06818181818181818,1,0,4,1,4,0,0,0,0
Sports,97.18,36.86,1,11707.790681745117,32.42,Wrong size,True,0.78,8.964270522934116,0.922,473,23,15,606.33,0.6521739130434783,14,2,2,3,2,4,4,4,4
Luxury,514.53,514.53,1,145.17,473.39,Wrong size,True,0.8791342509670678,7.805214528896341,0.8805319171889945,499,69,9,295.68,0.13043478260869565,1,0,1,1,1,0,0,0,0
Sports,97.96,12.98,1,509.6,11.85,Not as expected,True,0.9815373725334977,0.30447946915340807,0.8971773003495457,1068,55,6,554.14,0.10909090909090909,0,0,3,3,2,0,0,0,0
Apparel,1211.14,386.98,1,1.76,347.44,Changed mind,True,0.9053155322428876,6.83870174990182,0.9714797921001375,2,49,5,277.68,0.10204081632653061,3,0,1,2,2,2,3,2,3
Sports,128.26,93.51,1,571.44,83.93,Wrong size,True,0.886036509456804,3.870508153587071,0.9207189452187892,1363,53,45,400.24,0.8490566037735849,5,0,12,12,12,7,7,7,7
Electronics,1375.06,73.45,1,3.61,64.35,Not as expected,True,0.8211515317696196,1.6115333409668753,0.9877006984283141,3,47,6,247.05,0.1276595744680851,4,0,3,1,1,1,1,1,1
Books,1624.49,88.09,1,7.84,88.07,Changed mind,True,0.808986354418486,0.3508337777428494,0.9836484100315117,4,40,5,403.31,0.125,5,0,5,2,1,0,0,0,0
Books,143.63,143.63,1,640.31,135.9,Wrong size,True,0.9541720564180036,7.740746194931703,0.9364526967782305,1,84,9,924.8,0.10714285714285714,9,0,1,5,4,0,1,0,1
Luxury,136.12,136.12,1,478.88,118.71,Changed mind,True,0.8294353668932636,4.699611586804656,0.9530133866383336,1456,95,10,293.4,0.10526315789473684,0,0,4,2,2,0,0,0,0
Beauty,144.73,144.73,1,151.69,132.04,Changed mind,True,0.9972738573630142,8.229851773772838,0.995758320549042,194,62,8,100.35,0.12903225806451613,0,0,2,1,2,0,0,0,0
Books,237.74,237.74,1,101.48,227.94,Changed mind,True,0.8578340556708199,7.248870760476426,0.8782678042798809,273,100,8,94.19,0.08,1,0,1,5,1,0,0,0,0
Books,103.54,61.55,1,102.39,60.26,Not as expected,True,0.9912331300026942,2.5015103051439445,0.9154597199944466,3,50,10,425.54,0.2,6,0,3,1,5,1,1,1,1
Books,131.45,18.66,1,695.85,17.53,Wrong size,True,0.9903052364096169,0.07709776957578574,0.8909437557415805,6,32,3,1030.08,0.09375,3,0,3,1,1,2,2,2,2
Home,233.8,64.47,1,578.39,54.9,Not as expected,True,0.905820810461534,4.95865802038281,0.9514172059506586,1492,46,5,875.97,0.10869565217391304,0,0,1,3,3,0,0,0,0
Electronics,190.39,190.39,1,126.52,180.53,Not as expected,True,0.8516118754423845,5.2409061497854115,0.894680475186603,1187,57,7,294.56,0.12280701754385964,0,0,1,5,3,0,0,1,1
Beauty,655.29,357.76,1,713.49,346.91,Changed mind,True,0.9203868881163436,6.8732221961756395,0.955852524400374,119,33,3,273.81,0.09090909090909091,0,0,2,2,2,0,1,0,1
Beauty,113.43,113.43,1,582.34,104.88,Wrong size,True,0.9129842334681283,0.3877725959537204,0.9202397826404188,808,93,4,125.77,0.043010752688172046,0,0,3,1,1,0,0,0,0
Other,232.4,28.64,1,3197.1314236801722,28.15,Not as expected,True,0.758,8.984114153770623,0.868,1426,73,48,162.72,0.6575342465753424,43,6,3,5,1,14,14,14,14
Apparel,92.34,84.58,1,252.35,81.46,Changed mind,True,0.977351583338411,7.18998167422631,0.9873826031675628,389,24,1,62.39,0.041666666666666664,0,0,5,2,1,0,0,0,0
Sports,445.41,213.56,1,678.95,194.78,Wrong size,True,0.9222118089129046,4.98824100278168,0.8751081605052689,809,85,5,358.0,0.058823529411764705,0,0,4,4,2,0,0,0,0
Beauty,956.76,41.84,1,277.81,39.63,Wrong size,True,0.9370764644868527,4.364196783538658,0.9365417751628573,938,58,5,285.81,0.08620689655172414,0,0,1,3,1,0,0,0,0
Apparel,180.63,180.63,1,406.83979677589525,163.31,Changed mind,True,0.699,1.1442551548093771,0.886,1066,39,26,107.19,0.6666666666666666,23,1,3,5,3,7,7,7,7
Electronics,801.05,146.17,1,105.34,139.24,Not as expected,True,0.8172438083246149,5.601807816278036,0.8713082501424172,4,21,6,234.36,0.2857142857142857,5,0,1,2,2,1,1,1,1
Apparel,76.33,10.07,1,688.04,9.88,Changed mind,True,0.8713103260869057,3.2439435475567944,0.9174838219105578,643,67,6,755.11,0.08955223880597014,0,0,1,2,1,0,0,0,0
Sports,102.14,102.14,1,474.85,99.11,Wrong size,True,0.9862956814525662,6.053147007394291,0.9732042382393151,667,66,7,151.56,0.10606060606060606,1,0,1,3,1,0,1,0,1
Other,278.28,278.28,1,683.48,265.84,Wrong size,True,0.8872527066432491,5.259761653094349,0.879011040045078,5,24,2,285.82,0.08333333333333333,2,0,2,2,2,0,0,0,0
Beauty,337.12,337.12,1,673.97,286.81,Wrong size,True,0.9075619834716212,4.532143472668131,0.8911930384405785,1457,96,10,178.39,0.10416666666666667,0,0,2,3,1,0,1,0,1
Beauty,175.14,18.73,1,668.1,18.67,Not as expected,True,0.941553634472827,5.606883135360893,0.9805627151149842,1110,29,6,1487.08,0.20689655172413793,1,0,2,2,3,0,0,0,0
Sports,114.59,99.7,1,331.32,90.58,Changed mind,True,0.8090730360316721,7.025660486697847,0.9140037744514746,1291,100,12,324.26,0.12,0,0,3,3,2,1,0,1,1
Beauty,88.03,88.03,1,295.49,84.79,Wrong size,True,0.8179487691367285,0.008118155686721584,0.8961753581953973,1333,46,6,271.68,0.13043478260869565,0,0,5,2,1,3,0,0,3
Electronics,74.34,44.02,1,417.56,42.64,Wrong size,True,0.9655073404891511,8.755922077387758,0.9351195491549751,584,85,4,243.95,0.047058823529411764,1,0,2,4,1,0,0,0,0
Beauty,200.97,22.19,1,571.64,20.47,Wrong size,True,0.8281740677475595,1.2657669993782739,0.9464124540913214,3,35,4,465.09,0.11428571428571428,4,0,2,4,1,2,2,2,2
Books,264.83,47.13,1,610.86,46.85,Not as expected,True,0.9692280983652883,0.2765078109336161,0.9674346395847072,1472,89,7,264.72,0.07865168539325842,0,0,1,3,2,0,0,1,1
Beauty,390.3,390.3,1,5510.593245722209,365.78,Wrong size,True,0.839,9.730876949681523,0.934,1198,86,56,1076.1,0.6511627906976745,51,2,1,3,2,6,7,7,7
Other,39.47,18.0,1,182.83,16.23,Wrong size,True,0.8752438951751866,9.436818715282653,0.9710440137809745,2,44,8,1342.35,0.18181818181818182,6,0,1,2,3,0,0,0,0
Electronics,108.0,49.76,1,201.22,48.76,Wrong size,True,0.9102378977542329,5.007652852162457,0.9577184579999015,789,18,3,410.33,0.16666666666666666,0,0,5,3,1,0,0,0,0
Luxury,112.31,91.32,1,397.61,85.51,Wrong size,True,0.844306842537406,1.1328500593577995,0.9533061154087031,3,56,3,116.02,0.05357142857142857,2,0,2,3,2,0,1,0,1
Books,324.34,297.22,1,394.16,271.32,Not as expected,True,0.981844416192992,7.800298926541027,0.9094041367159433,6,37,7,265.85,0.1891891891891892,4,0,1,4,3,0,0,0,0
Beauty,1546.98,51.85,1,9.25,48.15,Wrong size,True,0.8899017241643133,0.16760553532922495,0.9169760302012553,6,40,2,875.44,0.05,1,0,2,1,3,0,0,0,0
Beauty,212.86,212.86,1,338.68,202.24,Wrong size,True,0.9288499848076743,2.7249694846869743,0.8793148463861661,609,72,6,139.9,0.08333333333333333,0,0,1,3,2,0,0,1,1
Sports,136.42,15.62,1,666.08,14.96,Wrong size,True,0.9096384283330808,7.005984592670953,0.9808270284318334,0,82,10,196.84,0.12195121951219512,9,0,2,4,4,2,2,2,2
Luxury,298.98,85.1,1,67.56,76.94,Not as expected,True,0.377,5.545241029617907,0.744,594,60,10,338.04,0.16666666666666666,0,0,1,3,1,0,0,0,0
Luxury,453.49,453.49,1,48.03,431.33,Changed mind,True,0.9378268669097403,6.906026573717135,0.8740906995432632,128,95,87,79.13,0.9157894736842105,25,0,12,12,12,7,7,7,7
Home,80.53,15.2,1,77.29,10.08,Not as expected,False,0.8882002452497191,53.76,0.262,6,72,8,490.96,0.1111111111111111,6,0,1,4,1,1,1,1,1
Other,39.73,39.73,1,625.53,39.34,Wrong size,True,0.9287213043275055,7.170707278898626,0.8871273677294003,878,77,9,1108.53,0.11688311688311688,0,0,2,2,3,0,0,0,0
Books,366.76,276.27,1,211.02,237.68,Not as expected,True,0.8513882777716314,3.8514808537284773,0.9111339567981429,2,61,10,199.09,0.16393442622950818,10,0,1,1,4,1,1,1,1
Apparel,390.65,4.18,1,116.78,4.01,Wrong size,True,0.9630382682042364,9.099212365902993,0.878738079891311,476,66,9,803.72,0.13636363636363635,0,0,2,4,2,0,0,0,0
Beauty,210.09,72.59,1,206.89,66.83,Not as expected,True,0.901211604221271,1.021043252307392,0.9237881290202082,1074,60,8,865.27,0.13333333333333333,0,0,1,1,2,0,0,0,0
Beauty,63.08,63.08,1,115.0,60.73,Changed mind,True,0.9503497732803552,3.677618561153786,0.99892337892091,1385,78,11,104.99,0.14102564102564102,0,0,1,3,1,0,1,0,1
Home,140.0,140.0,1,601.79,132.69,Wrong size,True,0.9772182300193171,5.211916347490223,0.8878214253388585,197,93,9,127.46,0.0967741935483871,0,0,1,3,2,0,0,2,2
Electronics,84.64,1.35,1,426.93,1.2,Not as expected,True,0.8036678843586068,0.3575472175773775,0.8914715020757263,212,44,3,224.73,0.06818181818181818,0,0,2,2,1,0,0,0,0
Other,356.98,347.36,1,604.33,335.68,Changed mind,True,0.946526033065073,0.8975317937690686,0.8946093299489809,540,88,9,280.14,0.10227272727272728,0,0,1,2,1,0,0,0,0
Luxury,47.73,47.73,1,7209.688393620106,41.12,Not as expected,True,0.688,3.02986532918472,0.95,651,11,8,968.62,0.7272727272727273,7,0,2,2,2,0,0,0,0
Sports,325.48,22.62,1,440.89,21.17,Not as expected,True,0.8378936757043636,4.735407161542855,0.9252020164254243,2,92,11,182.08,0.11956521739130435,9,0,2,2,2,0,2,0,2
Beauty,41.43,22.94,1,251.96,22.84,Not as expected,True,0.9472721154201916,8.764629694604976,0.8545069762860564,1322,46,5,860.72,0.10869565217391304,0,0,1,4,2,0,0,0,0
Electronics,76.47,5.98,1,299.82,5.24,Changed mind,True,0.8495026377742245,2.399817708739207,0.961279540158186,983,45,6,563.71,0.13333333333333333,0,0,3,2,1,0,0,0,0
Home,87.91,8.24,1,106.72,7.57,Changed mind,True,0.8431980301679716,3.462384676429128,0.9124038006315253,855,30,4,1441.15,0.13333333333333333,0,0,4,3,2,0,0,0,0
Apparel,507.07,34.92,1,48.53,32.62,Changed mind,True,0.298,2.229704743251706,0.668,5,52,6,283.28,0.11538461538461539,5,0,2,2,3,0,0,3,3
Sports,132.57,2.48,1,236.31,2.39,Changed mind,True,0.839420072459176,6.2189810699859525,0.988836145932966,540,88,9,280.14,0.10227272727272728,0,0,1,2,1,0,0,0,0
Sports,238.93,238.93,1,439.02,208.66,Wrong size,True,0.9952411662791829,6.741085525962872,0.9270230038462691,1406,86,8,602.72,0.09302325581395349,0,0,2,5,2,0,0,2,2
Other,225.82,225.82,1,354.85,224.23,Changed mind,True,0.8608873457782975,8.414827134691196,0.9718620676210501,1,84,9,924.8,0.10714285714285714,9,0,1,5,4,0,1,0,1
Apparel,97.58,49.57,1,491.32,45.05,Not as expected,True,0.8891112582716608,2.644989992947444,0.8805324720691319,2,63,9,64.01,0.14285714285714285,8,0,4,6,3,2,1,1,2
Other,338.81,22.31,1,73.04,19.23,Not as expected,True,0.968170209316348,4.097846520392926,0.9541741209735486,6,82,11,336.01,0.13414634146341464,7,0,2,3,1,1,1,1,1
Home,158.31,57.89,1,156.66,53.81,Wrong size,True,0.8306178794068468,3.7121197037388898,0.9063165847315893,212,45,3,201.18,0.06666666666666667,0,0,1,1,1,0,0,0,0
Apparel,575.53,316.84,1,79.84,287.27,Not as expected,True,0.8535323870774891,6.217333750140192,0.9455724301484423,179,60,8,155.88,0.13333333333333333,1,0,4,6,1,0,1,0,1
Home,197.41,155.65,1,654.05,147.74,Changed mind,True,0.9709799424561052,0.530121435981864,0.9567308408199454,2,63,9,64.01,0.14285714285714285,8,0,4,6,3,2,1,1,2
Luxury,1812.03,46.25,1,11.24,45.84,Wrong size,True,0.8504064153673067,7.622476016058042,0.9224035798010328,5,64,2,412.35,0.03125,1,0,1,6,1,0,2,0,2
Luxury,100.41,68.38,1,316.1,64.65,Changed mind,True,0.8504981656892652,3.86186123233394,0.8967164444180206,1445,65,6,321.23,0.09230769230769231,0,0,1,3,1,0,0,0,0
Electronics,20.0,16.0,1,163.53,14.47,Wrong size,True,0.8195613028940741,9.10624917298789,0.9976166917261338,93,89,9,405.59,0.10112359550561797,1,0,2,3,1,0,0,0,0
Electronics,56.07,8.65,1,562.96,8.38,Wrong size,True,0.8813279649513995,7.387426161432996,0.8930439526618791,303,89,11,79.86,0.12359550561797752,0,0,1,1,1,0,0,0,0
Books,1232.68,315.66,1,570.42,278.24,Wrong size,True,0.9426538168855993,0.5099258426682896,0.9945725024930895,131,54,13,168.69,0.24074074074074073,0,0,3,1,2,0,0,1,1
Other,265.22,164.75,1,583.23,144.04,Wrong size,True,0.8289234792553509,2.9672500044558223,0.8907503977316885,107,33,3,146.77,0.09090909090909091,0,0,4,4,1,3,0,0,3
Electronics,251.45,37.18,1,35.11,34.0,Changed mind,True,0.535,6.4863216231115555,0.719,478,43,8,280.6,0.18604651162790697,1,0,1,4,2,0,0,0,0
Home,133.74,10.41,1,422.02,9.42,Wrong size,True,0.9318016797825145,5.901939929994144,0.923421622689818,1162,68,7,165.19,0.10294117647058823,0,0,3,3,1,0,0,0,0
Home,153.42,153.42,1,284.0,139.86,Changed mind,True,0.9708042427182685,4.136149820279414,0.982324545994652,4,86,13,304.78,0.1511627906976744,10,0,3,3,1,1,1,1,1
Home,204.8,104.49,1,530.91,96.32,Wrong size,True,0.8078056076032961,0.7193162114428564,0.9412188945369605,936,76,7,399.03,0.09210526315789473,1,0,1,1,1,0,0,0,0
Sports,129.52,129.52,1,524.9573247762559,128.85,Changed mind,True,0.729,3.8795681041399144,0.887,473,23,15,606.33,0.6521739130434783,14,2,2,3,2,4,4,4,4
Electronics,67.85,1.26,1,364.23,1.22,Changed mind,True,0.9008072433336712,4.63606132552308,0.8781143088851546,5,74,11,550.61,0.14864864864864866,8,0,5,1,1,0,0,0,0
Luxury,180.39,147.39,1,711.83,129.06,Not as expected,True,0.8176783321512772,5.919695401681533,0.9844575382405722,3,99,12,331.79,0.12121212121212122,10,0,2,1,1,2,2,2,2
Other,442.55,442.55,1,270.29,380.74,Not as expected,True,0.8957553692644322,7.056388546838452,0.9105709769632454,690,76,5,755.72,0.06578947368421052,0,0,3,3,3,0,0,1,1
Electronics,87.67,86.24,1,377.39,82.03,Wrong size,True,0.9165202769104945,6.742713836857001,0.9942398526146388,628,45,5,661.24,0.1111111111111111,0,0,3,4,3,0,1,0,1
Electronics,86.25,6.94,1,685.95,6.53,Wrong size,True,0.8830926618174515,0.34564678464838905,0.8747174301719881,1473,93,9,191.01,0.0967741935483871,0,0,2,3,2,0,1,0,1
Electronics,62.53,25.6,1,13616.527349314665,22.07,Wrong size,True,0.922,5.60960123792373,0.919,77,70,46,297.98,0.6571428571428571,41,4,1,6,3,12,12,12,12
Beauty,308.97,51.74,1,418.4,45.95,Changed mind,True,0.8942793807046368,7.012177215550267,0.8692098764254629,721,42,4,298.2,0.09523809523809523,0,0,2,3,1,0,0,0,0
Electronics,83.21,0.85,1,425.66,0.84,Changed mind,True,0.8934395199092491,9.067121976290744,0.9543733186678411,1043,44,4,183.66,0.09090909090909091,0,0,2,4,2,0,0,0,0
Electronics,129.75,129.75,1,13310.058999080618,115.41,Wrong size,True,0.88,5.659680482463333,0.813,1426,73,48,162.72,0.6575342465753424,43,6,3,5,1,14,14,14,14
Other,508.53,116.25,1,688.46,110.42,Wrong size,True,0.8419638177319717,2.1171027257920896,0.9994127491120024,1080,25,20,850.7,0.8,5,0,12,12,12,7,7,7,7
Electronics,93.01,31.72,1,399.97,27.99,Not as expected,True,0.9672074171867996,3.5538711712143556,0.9911949431928347,0,74,8,901.82,0.10810810810810811,7,0,3,2,1,0,0,0,0
Beauty,103.42,103.42,1,569.09,90.4,Not as expected,True,0.8589323543198588,9.674081747709801,0.9937349479958972,4,82,11,168.78,0.13414634146341464,10,0,1,3,1,1,1,1,1
Books,114.78,19.2,1,143.06,17.64,Wrong size,True,0.967336496342134,0.2596056339057262,0.9681764729735872,0,53,4,278.09,0.07547169811320754,4,0,2,1,2,3,2,2,3
Sports,191.04,191.04,1,706.04,190.74,Not as expected,True,0.813620830449686,1.9161826275754745,0.8837745844851538,442,54,7,266.33,0.12962962962962962,0,0,2,4,2,0,1,0,1
Luxury,32.24,32.24,1,253.51,29.83,Not as expected,True,0.9225341663048217,7.468609676193555,0.9571366917980415,692,61,5,652.15,0.08196721311475409,0,0,2,5,1,0,0,0,0
Electronics,149.44,53.47,1,148.68,46.57,Changed mind,True,0.9178614351915777,5.809735632164502,0.8681404629207127,1,84,9,924.8,0.10714285714285714,9,0,1,5,4,0,1,0,1
Sports,46.82,22.5,1,659.5,20.11,Not as expected,True,0.9307582030027024,7.20207526668969,0.914655879970373,1114,63,10,427.36,0.15873015873015872,0,0,2,3,2,0,0,0,0
Home,808.98,223.89,1,6.84,202.45,Changed mind,True,0.9315741495949035,5.572697968042916,0.9555279728137807,2,41,5,1552.97,0.12195121951219512,3,0,3,3,1,0,0,0,0
Other,149.56,149.56,1,165.39,141.2,Wrong size,True,0.8941879394301127,6.7002039653492895,0.8518937647306479,502,59,5,234.05,0.0847457627118644,0,0,3,3,2,0,0,0,0
Electronics,332.95,332.95,1,581.77,326.53,Not as expected,True,0.8585560558897821,1.3351712325429255,0.9133747447172981,484,61,54,1514.7,0.8852459016393442,11,0,12,12,12,7,7,7,7
Apparel,91.52,91.52,1,283.44,86.45,Not as expected,True,0.8293033150036639,3.5048340978138537,0.9190634025929066,800,80,8,158.06,0.1,0,0,2,3,2,0,0,0,0
Luxury,116.34,25.54,1,534.87,23.21,Wrong size,True,0.9111250016519649,1.2369383901216835,0.875480645071817,2,76,7,224.47,0.09210526315789473,5,1,4,6,1,2,3,1,3
Beauty,151.99,151.99,1,668.28,136.28,Not as expected,True,0.8471736790064331,3.991673730410803,0.8867484324296052,1306,78,8,496.65,0.10256410256410256,0,0,1,1,3,0,0,12,12
Other,242.58,242.58,1,412.82,219.04,Wrong size,True,0.9532486285828659,8.889820753074462,0.8951083131475591,1066,39,26,107.19,0.6666666666666666,23,1,3,5,3,7,7,7,7
Electronics,613.88,28.61,1,713.1648255741472,24.9,Changed mind,True,0.745,3.169225646016618,0.908,1198,86,56,1076.1,0.6511627906976745,51,2,1,3,2,6,7,7,7
Electronics,567.6,265.83,1,482.86,233.14,Not as expected,True,0.9769326081043901,5.754470645201815,0.9232532844684658,1072,96,10,284.56,0.10416666666666667,0,0,3,2,1,0,0,0,0
Beauty,82.11,6.13,1,403.18,5.46,Wrong size,True,0.8885904482942579,6.1450128451846915,0.8976682106833025,0,25,4,640.72,0.16,4,0,1,2,1,0,0,0,0
Luxury,164.26,120.01,1,679.44,112.99,Changed mind,True,0.87101495946421,4.303961741847768,0.9706445110754759,5,74,11,550.61,0.14864864864864866,8,0,5,1,1,0,0,0,0
Electronics,169.61,169.61,1,465.63,149.59,Not as expected,True,0.8799224249220374,7.050134987220924,0.9173377198832381,1293,93,6,2659.59,0.06451612903225806,0,0,2,1,2,0,0,0,0
Apparel,252.77,81.94,1,440.24,71.04,Wrong size,True,0.9472723625161035,4.599284693237738,0.8819441553756664,653,100,8,146.75,0.08,0,0,1,5,3,0,0,0,0
Books,60.6,6.61,1,49.48,5.62,Wrong size,True,0.8492334942054336,1.712593178396139,0.9666170141762136,573,75,10,486.08,0.13333333333333333,0,0,2,3,2,1,1,0,1
Books,371.47,153.12,1,293.9800440095372,150.26,Changed mind,True,0.679,6.034565150271448,0.915,1279,49,32,570.23,0.6530612244897959,26,3,2,1,1,7,7,7,7
Electronics,172.14,172.14,1,563.57,164.18,Wrong size,True,0.8107983910022256,0.9867942080607373,0.9582956967871981,1070,82,10,161.21,0.12195121951219512,0,0,2,3,2,0,1,0,1
Other,878.1,425.38,1,468.54,404.1,Changed mind,True,0.8163643567285817,9.308729948187906,0.9067733630020337,6,82,14,493.99,0.17073170731707318,13,1,1,1,3,2,2,2,2
Books,239.21,23.83,1,255.32,23.67,Changed mind,True,0.8869457413676116,4.942913924709265,0.9084160823883325,727,10,1,730.89,0.1,0,0,1,2,1,0,0,0,0
Other,72.98,72.98,1,585.23,69.96,Wrong size,True,0.9504839678744572,3.964914138953967,0.9340676317723852,120,94,6,270.51,0.06382978723404255,0,0,2,1,2,0,0,0,0
Books,62.26,37.75,1,528.23,32.56,Changed mind,True,0.9248691023091432,4.575680050300499,0.9883649535296043,3,59,4,133.63,0.06779661016949153,4,0,4,2,1,0,2,0,2
Books,149.69,22.75,1,377.18,22.34,Changed mind,True,0.8588814209353681,6.377393586841935,0.9553150505513388,1,31,3,183.89,0.0967741935483871,2,0,2,2,2,0,0,0,0
Sports,269.0,169.73,1,404.07,156.18,Wrong size,True,0.9805729778110784,0.2687667487449652,0.8935724811456255,508,86,76,550.63,0.8837209302325582,13,0,12,12,12,7,7,7,7
Beauty,548.64,548.64,1,183.25,518.65,Changed mind,True,0.9083963973214267,4.272968753037087,0.9192834325683465,6,56,9,326.22,0.16071428571428573,7,0,2,4,2,1,1,1,1
Electronics,163.09,62.26,1,216.17,59.79,Changed mind,True,0.8233773259486543,9.192767467724249,0.9764783425815318,2,44,4,358.72,0.09090909090909091,4,0,2,1,1,0,0,0,0
Books,198.74,198.74,1,375.36,130.04,Not as expected,False,0.9831818388120489,72.5,0.284,4,45,5,251.5,0.1111111111111111,5,0,1,1,2,0,0,2,2
Electronics,216.97,153.92,1,345.57,135.75,Changed mind,True,0.9865260917106159,0.34418187272112766,0.9306479907630921,273,48,5,1186.75,0.10416666666666667,1,0,4,3,3,0,0,0,0
Electronics,179.47,71.95,1,686.12,66.8,Not as expected,True,0.8624110943061626,7.600169385446442,0.9076581570203164,903,67,6,777.31,0.08955223880597014,0,0,2,2,2,0,0,0,0
Luxury,827.79,241.83,1,648.42,216.72,Wrong size,True,0.9838849392924113,5.215168101686441,0.8805319721671153,800,37,5,323.13,0.13513513513513514,0,0,1,3,3,0,0,0,0
Beauty,140.3,140.3,1,390.97,121.47,Wrong size,True,0.8224810309454728,8.565638033747447,0.861943624101459,104,92,4,79.2,0.043478260869565216,0,0,2,2,4,0,0,0,0
Books,158.14,81.71,1,448.38,81.0,Not as expected,True,0.8334367711839045,4.354566157277985,0.8747753340774255,2,94,7,302.36,0.07446808510638298,7,0,2,4,2,0,1,0,1
Apparel,1164.19,8.61,1,8.41,7.53,Not as expected,True,0.8829047753074775,1.9870318919478314,0.8866299356150871,3,50,10,425.54,0.2,6,0,3,1,5,1,1,1,1
Home,59.67,25.39,1,438.56,23.78,Changed mind,True,0.8851364429560573,0.9787390439697885,0.8785240235015327,50,65,6,655.2,0.09230769230769231,2,0,2,5,3,0,0,0,0
Luxury,326.8,90.31,1,13.16,83.75,Not as expected,True,0.39,3.4646178644447834,0.601,1137,66,8,173.69,0.12121212121212122,0,0,2,3,4,0,0,0,0
Electronics,141.31,141.31,1,214.51,140.33,Wrong size,True,0.8458313747500046,2.842433399833335,0.9627365429083172,1127,51,9,269.83,0.17647058823529413,0,0,2,3,1,0,1,0,1
Electronics,176.42,148.61,1,168.66,126.84,Not as expected,True,0.9025246885915538,1.2670289788365663,0.9482658834164317,1464,63,6,1011.14,0.09523809523809523,0,0,1,2,1,0,0,0,0
Sports,218.46,62.83,1,322.01,59.56,Wrong size,True,0.8700177560756119,7.016570723204641,0.9182189383692847,1232,23,5,117.7,0.21739130434782608,0,0,2,2,2,0,0,0,0
Electronics,261.87,261.87,1,272.28,259.31,Wrong size,True,0.9832320910359476,2.1934093475596486,0.902465249183957,458,64,10,267.11,0.15625,0,0,2,3,1,0,0,0,0
Luxury,119.08,9.29,1,593.79,8.43,Changed mind,True,0.8848587433526156,7.530426473652061,0.8999647800150125,197,93,9,127.46,0.0967741935483871,0,0,1,3,2,0,0,2,2
Sports,132.49,30.1,1,416.88,28.4,Changed mind,True,0.968361633924079,0.1732543634073347,0.9821061700341275,769,78,7,855.44,0.08974358974358974,0,0,2,2,3,0,0,0,0
Apparel,636.68,284.34,1,46.12,260.06,Changed mind,True,0.513,0.4954111280238671,0.74,1401,94,12,274.07,0.1276595744680851,0,0,1,3,1,0,0,0,0
Books,93.57,93.57,1,662.99,80.36,Changed mind,True,0.9946697756133049,6.519285575212726,0.912945582718952,1310,77,5,161.63,0.06493506493506493,0,0,2,4,1,0,0,0,0
Other,211.59,88.82,1,196.33,80.71,Changed mind,True,0.8165680890184288,9.261950504531892,0.9119013633245658,560,79,8,757.24,0.10126582278481013,0,0,2,4,1,0,0,0,0
Other,64.33,14.1,1,56.28,12.32,Changed mind,True,0.8602032121072429,7.484593606436766,0.8882593301154434,518,85,6,209.48,0.07058823529411765,0,0,2,2,1,0,0,0,0
Home,351.33,97.31,1,223.29,85.62,Changed mind,True,0.9978321884042342,1.4457651591384435,0.9357718616601546,327,51,8,1852.89,0.1568627450980392,0,0,2,2,1,0,0,0,0
Books,143.2,32.95,1,342.82,29.0,Changed mind,True,0.8477910401375978,8.08945843175298,0.9323397317261549,545,94,13,502.57,0.13829787234042554,0,0,1,3,1,0,0,0,0
Beauty,70.29,57.9,1,210.76,51.14,Not as expected,True,0.8374492311926692,1.7612026854829665,0.9852040167289323,568,33,6,283.75,0.18181818181818182,0,0,1,1,1,0,0,0,0
Books,183.03,26.39,1,604.69,23.5,Wrong size,True,0.9929451175629224,7.524276688612392,0.9823209929581564,3,95,11,116.74,0.11578947368421053,10,0,3,2,1,1,1,1,1
Home,317.03,0.19,1,426.82,0.18,Changed mind,True,0.8968383069746221,9.048392229329114,0.9689886452825757,48,88,11,586.13,0.125,3,0,2,4,2,0,0,0,0
Electronics,86.33,75.79,1,70.13,71.16,Wrong size,True,0.8538705198795192,5.88552949919349,0.99312939948239,89,78,7,246.19,0.08974358974358974,1,0,2,1,3,0,0,0,0
Luxury,1137.79,105.46,1,2.14,99.74,Not as expected,True,0.9032192394397146,3.3192020983386783,0.9688282566038984,1,73,14,371.22,0.1917808219178082,10,0,1,7,2,1,6,1,6
Other,325.77,325.77,1,533.35,320.94,Changed mind,True,0.9081213580468318,6.662317531342681,0.8659373933598671,1431,38,4,265.34,0.10526315789473684,0,0,2,3,3,1,0,0,1
Other,214.72,8.79,1,52.82,8.3,Changed mind,True,0.9007287771285671,1.8438151135290348,0.987100492496551,1,11,2,775.14,0.18181818181818182,1,0,2,4,2,0,0,0,0
Electronics,289.36,13.88,1,27.05,12.27,Wrong size,True,0.532,3.3723119913187127,0.836,1096,85,5,403.01,0.058823529411764705,0,0,1,3,1,0,0,0,0
Luxury,163.09,115.99,1,88.79,104.53,Wrong size,True,0.9616804717642009,3.6563995178351973,0.8839321948075118,3,14,3,825.79,0.21428571428571427,3,0,1,3,4,0,0,0,0
Home,51.16,26.56,1,517.23,25.12,Changed mind,True,0.8671424832569766,3.6167682736996474,0.9865491602957069,1464,63,6,1011.14,0.09523809523809523,0,0,1,2,1,0,0,0,0
Electronics,103.71,90.68,1,170.54,79.9,Changed mind,True,0.806244065715048,9.551089661074029,0.9358038842476345,755,71,9,226.39,0.1267605633802817,0,0,3,4,2,0,0,0,0
Luxury,251.32,70.09,1,458.74,66.53,Wrong size,True,0.8698522874463901,7.274605845138798,0.8679973540336592,2,36,1,100.6,0.027777777777777776,1,0,2,2,2,0,0,0,0
Luxury,236.47,139.35,1,185.1,129.55,Wrong size,True,0.9500210585891314,0.8741742100026595,0.8720580097205064,716,92,6,403.41,0.06521739130434782,0,0,1,6,2,0,1,2,2
Apparel,176.52,25.94,1,510.39,24.54,Not as expected,True,0.8546696340908966,7.961635049084251,0.9331921897945186,6,84,14,1122.99,0.16666666666666666,12,0,1,3,1,1,1,1,1
Luxury,133.4,84.41,1,663.78,82.28,Changed mind,True,0.8674731044222428,7.762111922113916,0.9485439237621587,1445,78,13,558.22,0.16666666666666666,0,0,2,2,2,0,0,0,0
Home,112.64,31.91,1,637.64,31.76,Changed mind,True,0.915801305771409,0.0006329093731349822,0.9174733561299527,3,39,4,1263.27,0.10256410256410256,3,0,2,4,3,0,0,0,0
Electronics,1267.06,259.64,1,6.8,237.24,Changed mind,True,0.9138264076978216,5.22875119606282,0.9007303388167058,0,91,13,1153.19,0.14285714285714285,9,0,1,1,1,1,1,1,1
Home,122.05,122.05,1,462.78,106.98,Changed mind,True,0.8591924379604648,5.94009884767673,0.895038843379163,1163,69,8,434.49,0.11594202898550725,0,0,4,6,1,0,0,0,0
Sports,250.68,74.28,1,96.22,73.61,Not as expected,True,0.8882853915337852,9.777215140415164,0.8627292174689204,7,98,16,371.97,0.16326530612244897,9,0,3,1,1,2,2,2,2
Sports,185.07,185.07,1,583.88,167.63,Wrong size,True,0.9972678213511184,5.336987954864584,0.9765352197453289,1096,34,30,119.36,0.8823529411764706,7,0,12,12,12,7,7,7,7
Luxury,53.49,24.38,1,66.02,23.93,Not as expected,True,0.8610168518687495,2.415499305970693,0.973068407389599,442,54,7,266.33,0.12962962962962962,0,0,2,4,2,0,1,0,1
Sports,402.23,291.14,1,205.44,270.5,Wrong size,True,0.8931425959273045,3.3339686779662445,0.9655499113371622,1,24,1,161.67,0.041666666666666664,1,0,1,7,3,0,0,0,0
Books,601.09,601.09,1,13139.849564465228,560.72,Not as expected,True,0.782,6.015754819757355,0.801,1426,48,32,158.11,0.6666666666666666,31,3,2,5,2,9,9,9,9
Beauty,99.03,99.03,1,696.67,93.69,Not as expected,True,0.9233680356992804,5.018303122939567,0.9387621275551782,1,73,6,551.47,0.0821917808219178,5,1,2,5,2,1,6,1,6
Apparel,92.85,92.85,1,280.78,89.53,Wrong size,True,0.8961830425242753,4.683592564557867,0.9530321919917408,1263,79,8,1107.53,0.10126582278481013,1,0,1,4,2,0,0,0,0
Home,146.08,68.85,1,109.7,60.94,Changed mind,True,0.8140144098711142,8.550143994292455,0.9147659327779112,809,85,5,358.0,0.058823529411764705,0,0,4,4,2,0,0,0,0
Other,81.25,81.25,1,136.78,76.53,Changed mind,True,0.8689405541093393,8.602295026786361,0.9047719427577461,511,95,10,1177.03,0.10526315789473684,0,0,1,3,2,0,0,0,0
Electronics,240.79,201.05,1,136.95,184.74,Wrong size,True,0.8234531616744734,8.556653787623343,0.858316195317908,6,99,13,232.1,0.13131313131313133,9,0,2,2,2,0,0,0,0
Luxury,188.75,39.37,1,29.46,33.88,Wrong size,True,0.589,3.1360397073195623,0.785,676,89,8,450.52,0.0898876404494382,0,0,2,2,1,0,0,0,0
Electronics,1582.65,55.64,1,4.48,54.77,Wrong size,True,0.8538416028247322,6.357973056007,0.8588556918617032,6,37,7,265.85,0.1891891891891892,4,0,1,4,3,0,0,0,0
Luxury,82.98,42.93,1,261.94,38.34,Not as expected,True,0.9587753125876424,1.358598087933136,0.942808949472577,369,42,2,60.11,0.047619047619047616,0,0,1,2,2,0,0,0,0
Other,72.67,27.5,1,472.32,23.67,Not as expected,True,0.9724061369389517,8.556368126414837,0.9035993301607075,1324,54,4,361.92,0.07407407407407407,1,0,1,3,3,0,0,0,0
Apparel,210.69,95.43,1,152.87,84.11,Changed mind,True,0.958552585625907,1.0594046499144905,0.8594412442071666,93,65,9,1210.6,0.13846153846153847,0,0,4,2,3,1,0,0,1
Books,158.43,16.02,1,171.32,14.69,Wrong size,True,0.914354844733723,9.325582783324824,0.9867738324120571,1154,79,11,1350.63,0.13924050632911392,1,0,2,3,1,0,1,0,1
Apparel,42.04,39.46,1,629.18,38.83,Not as expected,True,0.9729452035343816,6.8920175201870855,0.9174239102968436,832,84,9,246.63,0.10714285714285714,0,0,3,5,3,0,0,0,0
Luxury,225.61,225.61,1,385.72,212.67,Wrong size,True,0.8712380416455392,6.095262251594695,0.9053905358325878,323,74,9,171.15,0.12162162162162163,0,0,2,2,2,0,0,1,1
Electronics,126.64,126.64,1,611.85,109.63,Wrong size,True,0.8248385784164369,0.855498625427823,0.9313476175986446,463,22,3,293.31,0.13636363636363635,0,0,1,3,4,0,1,0,1
Electronics,93.75,93.75,1,528.63,86.43,Wrong size,True,0.9132209437032619,5.184537631342318,0.9007436301733294,1263,25,2,575.79,0.08,0,0,1,2,1,0,0,0,0
Electronics,155.34,136.53,1,238.7,127.68,Wrong size,True,0.9571437009576498,8.794130980501242,0.8622482093547407,1445,78,13,558.22,0.16666666666666666,0,0,2,2,2,0,0,0,0
Beauty,625.43,295.05,1,192.05,272.9,Changed mind,True,0.8866708721360687,6.2999001643547805,0.9151554942302427,815,79,6,490.17,0.0759493670886076,0,0,2,7,2,0,0,0,0
Other,142.56,142.56,1,432.91,131.61,Wrong size,True,0.9647661656371571,9.059037843755833,0.9118201454326689,1058,82,9,206.81,0.10975609756097561,0,0,2,4,1,0,1,0,1
Apparel,699.0,699.0,1,335.82,636.34,Wrong size,True,0.8715479129785708,0.8833323654078296,0.9545221906251865,202,98,9,128.63,0.09183673469387756,1,0,2,3,4,0,0,0,0
Apparel,1953.87,34.21,1,11.38,32.84,Not as expected,True,0.9541612431094213,5.5623002355855995,0.8620253597040962,2,54,4,1588.46,0.07407407407407407,3,0,2,3,1,0,0,0,0
Other,52.62,6.97,1,343.94,6.4,Wrong size,True,0.8128727487298725,9.982345530553191,0.9540084778284229,1315,81,9,333.07,0.1111111111111111,0,0,3,3,1,2,0,0,2
Luxury,187.68,167.46,1,505.76,142.92,Changed mind,True,0.9224617807361963,6.6897558849934935,0.9346339058110122,3,12,1,795.36,0.08333333333333333,1,0,1,7,1,0,0,0,0
Apparel,184.23,33.6,1,450.26,29.98,Changed mind,True,0.9149223961736163,5.424766021462682,0.965471924814846,1028,41,5,185.98,0.12195121951219512,0,0,1,3,1,0,0,0,0
Beauty,512.7,54.2,1,115.71,51.88,Changed mind,True,0.9082252668889917,8.401031771062923,0.9278947104411364,1483,92,8,80.59,0.08695652173913043,0,0,3,2,1,0,0,0,0
Sports,274.84,41.48,1,404.35,38.74,Not as expected,True,0.8804354602728817,1.8437166165747243,0.8595460876507789,34,92,10,393.32,0.10869565217391304,4,0,1,2,2,0,0,2,2
Books,114.4,6.63,1,359.43,3.8,Wrong size,False,0.9370917129719833,55.67,0.376,1457,52,5,788.55,0.09615384615384616,0,0,2,2,2,0,0,0,0
Apparel,193.38,21.24,1,385.0,19.88,Wrong size,True,0.8002758420005948,4.4385092266537916,0.929479447661991,139,94,5,438.52,0.05319148936170213,1,0,1,1,1,0,0,0,0
Sports,1251.47,17.7,1,7.1,16.43,Not as expected,True,0.949950608295141,0.05963581910940485,0.9590978332698031,5,58,6,565.55,0.10344827586206896,5,0,6,3,2,3,0,0,3
Apparel,448.52,0.85,1,30.91,0.77,Changed mind,True,0.391,9.262657906898301,0.835,448,66,5,458.14,0.07575757575757576,0,0,2,3,2,0,0,0,0
Electronics,395.38,336.97,1,385.27,322.11,Not as expected,True,0.8208715224231682,2.3253449589413853,0.9014837054847391,388,87,6,467.61,0.06896551724137931,0,0,1,1,3,0,0,0,0
Apparel,675.44,341.1,1,42.68,326.85,Wrong size,True,0.462,2.156638717957333,0.835,7,78,12,301.09,0.15384615384615385,9,0,1,1,1,0,0,0,0
Sports,88.27,88.27,1,639.86,82.69,Not as expected,True,0.9835508548008128,9.50439808924235,0.9866108325775401,453,75,14,465.21,0.18666666666666668,0,0,3,3,3,0,0,0,0
Home,128.82,49.93,1,613.5,44.2,Wrong size,True,0.8612590833348938,7.816447869919773,0.9067096103922961,1,69,12,581.88,0.17391304347826086,11,0,1,3,1,1,1,1,1
Apparel,744.36,744.36,1,623.94,734.96,Wrong size,True,0.8624161590210542,0.6822242456395844,0.883462406076294,1385,78,11,104.99,0.14102564102564102,0,0,1,3,1,0,1,0,1
Luxury,307.35,218.31,1,304.91,189.16,Wrong size,True,0.9504587710216531,4.4516194380058955,0.8875293300428176,7,78,9,441.41,0.11538461538461539,9,0,3,3,3,0,0,0,0
Books,57.77,50.87,1,74.08,46.68,Wrong size,True,0.9019597988148589,5.528359132918318,0.9534060682757963,1271,88,9,1094.84,0.10227272727272728,0,0,1,2,3,0,0,0,0
Luxury,358.48,358.48,1,51.09,327.88,Not as expected,True,0.9137137967332678,3.1250745118724907,0.9161874025464696,663,31,3,503.76,0.0967741935483871,0,0,3,2,3,0,0,0,0
Home,249.78,203.89,1,491.32,179.13,Not as expected,True,0.8293408843512597,5.244694397959812,0.9296446826828078,6,18,4,111.47,0.2222222222222222,2,0,3,2,4,0,0,1,1
Other,258.69,97.0,1,711.46,90.91,Wrong size,True,0.8056854737909646,5.617763308339385,0.8684012957026785,6,72,8,490.96,0.1111111111111111,6,0,1,4,1,1,1,1,1
Apparel,142.41,142.41,1,503.53,127.12,Wrong size,True,0.9256416684347273,3.50988945194099,0.965044273654245,0,77,9,634.09,0.11688311688311688,5,0,1,4,2,0,0,0,0
Apparel,150.15,45.89,1,63.91,45.57,Changed mind,True,0.563,3.661477892646311,0.835,2,92,11,182.08,0.11956521739130435,9,0,2,2,2,0,2,0,2
Beauty,1137.07,1137.07,1,664.65,1042.84,Wrong size,True,0.8170374255651681,4.720781830558281,0.9579369374358004,1363,68,12,228.55,0.17647058823529413,1,0,2,3,3,1,0,1,1
Beauty,155.19,35.35,1,512.1,34.4,Changed mind,True,0.8117709291457202,5.726070662808248,0.8593937000597832,235,75,4,497.06,0.05333333333333334,0,0,2,2,1,0,0,0,0
Luxury,158.05,31.29,1,246.14,29.29,Not as expected,True,0.8788148562157997,2.2877081460790203,0.9089321616759116,755,71,9,226.39,0.1267605633802817,0,0,3,4,2,0,0,0,0
Apparel,145.48,145.48,1,97.66,129.23,Not as expected,True,0.9424175088636484,5.937630653848355,0.9978409700342257,4,99,8,223.75,0.08080808080808081,7,0,1,7,2,0,0,0,0
Electronics,198.64,198.64,1,580.12,177.35,Changed mind,True,0.8252589621728876,9.884606121366307,0.9465750596944997,423,89,4,705.85,0.0449438202247191,1,0,1,2,5,0,0,3,3
Other,410.26,28.66,1,667.55,25.5,Wrong size,True,0.8716296124838518,9.189245159935865,0.8817808420291954,241,66,7,209.35,0.10606060606060606,0,0,1,4,1,0,0,0,0
Beauty,310.82,116.71,1,279.29,105.0,Wrong size,True,0.9324634658462562,2.9866780486655395,0.9009557259528301,936,70,7,196.88,0.1,0,0,2,4,1,0,0,0,0
Electronics,114.8,114.8,1,589.05,113.63,Wrong size,True,0.951151336709148,9.746047933592944,0.9785257885710844,663,35,3,497.2,0.08571428571428572,0,0,3,2,3,0,0,0,0
Apparel,386.42,386.42,1,116.6,341.65,Not as expected,True,0.80872017625047,3.280638700252233,0.9176430816309138,1341,60,3,269.28,0.05,1,0,3,2,1,0,2,0,2
Luxury,80.88,61.55,1,87.69,55.34,Not as expected,True,0.9297275363251809,9.68449946506876,0.972488350655933,2,59,8,300.47,0.13559322033898305,4,0,2,3,2,1,1,1,1
Beauty,62.24,31.69,1,331.81,29.64,Changed mind,True,0.8310110012660199,3.151632869158991,0.9085053191423273,1442,98,8,785.53,0.08163265306122448,0,0,2,2,4,2,0,0,2
Luxury,253.17,253.17,1,284.4,247.82,Wrong size,True,0.9687861841127237,6.07769497724323,0.9009094390970819,808,72,6,223.76,0.08333333333333333,0,0,2,3,2,0,1,0,1
Apparel,130.7,38.3,1,550.54,34.65,Wrong size,True,0.9404939694055154,9.708144074749574,0.897369630738926,698,92,9,570.65,0.09782608695652174,0,0,2,2,1,0,0,0,0
Electronics,188.59,28.05,1,7.02,25.78,Wrong size,True,0.304,5.58354352880054,0.822,2,35,6,553.27,0.17142857142857143,6,0,1,2,1,0,0,0,0
Luxury,234.77,31.38,1,151.84,27.75,Not as expected,True,0.9159746557569367,7.272647556975848,0.9613385194312745,1005,71,9,89.25,0.1267605633802817,0,0,1,1,2,0,0,0,0
Other,126.78,45.49,1,210.33,44.56,Not as expected,True,0.9454845000063755,3.2474099773708787,0.8622346401197662,4,42,8,182.89,0.19047619047619047,7,0,2,3,3,1,1,1,1
Apparel,471.76,79.23,1,438.52,76.16,Not as expected,True,0.8109155859067919,5.038273795049645,0.8536517001504066,1187,94,7,626.47,0.07446808510638298,0,0,1,2,1,0,0,0,0
Electronics,362.0,264.27,1,653.23,236.69,Not as expected,True,0.9556748015203408,1.4686159746219063,0.9494184503276514,1416,19,1,632.13,0.05263157894736842,0,0,2,4,1,0,1,0,1
Electronics,97.61,91.97,1,83.47,87.03,Changed mind,True,0.9820249256100886,4.10445704308313,0.91319843275694,381,93,15,744.19,0.16129032258064516,0,0,2,1,4,0,0,0,0
Apparel,1411.76,38.69,1,3.1,36.38,Wrong size,True,0.8756901356470612,0.6379707155412961,0.878627176939906,5,47,4,618.38,0.0851063829787234,3,0,3,1,1,1,0,0,1
Luxury,518.15,106.91,1,62.66,100.69,Wrong size,True,0.517,4.612025396826644,0.618,0,27,3,868.35,0.1111111111111111,3,0,3,4,1,0,0,0,0
Beauty,196.08,11.17,1,223.74,9.59,Wrong size,True,0.8520272198585078,1.2539338126739008,0.8833589981136962,533,20,5,115.89,0.25,0,0,3,2,1,0,0,0,0
Home,154.09,154.09,1,716.62,149.16,Not as expected,True,0.8556061587465537,6.842071043066152,0.9487345216003173,0,65,5,1419.04,0.07692307692307693,4,0,1,2,3,2,2,3,3
Beauty,481.41,36.84,1,330.32,26.29,Changed mind,False,0.9583099804868278,79.38,0.387,218,78,8,286.38,0.10256410256410256,0,0,3,2,2,1,0,1,1
Home,148.41,12.0,1,530.92,11.0,Wrong size,True,0.902659813784425,1.2576122049735516,0.8729805520916769,904,67,5,4455.19,0.07462686567164178,0,0,1,1,2,0,0,0,0
Electronics,55.23,45.96,1,557.97,42.16,Not as expected,True,0.9119575390716526,9.672141854862094,0.8969785827789142,1,79,13,548.37,0.16455696202531644,12,0,1,3,1,0,0,0,0
Electronics,395.85,395.85,1,550.79,337.34,Not as expected,True,0.9554296264830019,2.884756768610106,0.8615274704282647,967,85,8,577.4,0.09411764705882353,0,0,3,5,1,0,14,0,14
Other,510.88,117.29,1,342.4,113.91,Changed mind,True,0.9198485625709885,6.249277254625934,0.9357278385495018,1130,90,4,670.04,0.044444444444444446,0,0,2,1,2,0,0,0,0
Other,168.28,0.46,1,349.58,0.42,Wrong size,True,0.9235825557333741,7.088370982656863,0.97494723960058,1154,79,11,1350.63,0.13924050632911392,1,0,2,3,1,0,1,0,1
Electronics,102.56,102.56,1,7623.263546067714,99.76,Not as expected,True,0.722,0.09860873944633863,0.892,707,94,62,222.85,0.6595744680851063,54,5,1,3,1,10,10,10,10
Apparel,48.23,36.57,1,392.18,33.92,Not as expected,True,0.8538106337045659,6.538892806435093,0.8841399313857359,4,100,11,243.99,0.11,11,0,2,4,2,0,1,4,4
Luxury,1089.0,75.77,1,145.94,70.98,Wrong size,True,0.8663227354919593,1.0472977066397926,0.9173502023814125,957,77,5,1331.63,0.06493506493506493,0,0,5,2,2,0,0,0,0
Other,121.82,65.56,1,158.47,65.14,Changed mind,True,0.9321212679277261,9.90905420490261,0.960417191358762,0,72,10,757.64,0.1388888888888889,9,0,4,2,1,1,1,1,1
Electronics,184.74,23.94,1,130.37,22.27,Wrong size,True,0.8458901975910111,2.6862382782456917,0.9125240716396422,93,89,9,405.59,0.10112359550561797,1,0,2,3,1,0,0,0,0
Electronics,606.72,606.72,1,357.3628976862475,592.16,Wrong size,True,0.711,9.704938963246715,0.94,1066,39,26,107.19,0.6666666666666666,23,1,3,5,3,7,7,7,7
Electronics,149.43,66.47,1,32798.531772821756,60.8,Changed mind,True,0.738,0.9232374964493684,0.788,77,70,46,297.98,0.6571428571428571,41,4,1,6,3,12,12,12,12
Home,84.34,84.34,1,608.91,80.86,Wrong size,True,0.9126091391332254,0.26357752212550767,0.9553877774035622,298,22,1,289.32,0.045454545454545456,0,0,3,2,1,0,0,0,0
Electronics,52.48,52.48,1,172.94,50.26,Changed mind,True,0.8515486406302255,8.507296500839596,0.9893593388621935,4,93,12,524.91,0.12903225806451613,10,0,1,2,1,1,1,1,1
Sports,35.41,10.13,1,327.83,9.5,Wrong size,True,0.8025668948660799,7.577257974684026,0.8727130158190726,4,97,7,832.9,0.07216494845360824,7,0,1,4,1,0,0,0,0
Luxury,192.74,192.74,1,719.15,164.45,Wrong size,False,0.8474839089744108,70.58,0.365,801,67,44,340.6,0.6567164179104478,39,6,1,1,2,10,10,10,10
Books,259.71,206.44,1,73.48,127.78,Wrong size,False,0.9920404511681797,47.61,0.387,1490,19,3,686.83,0.15789473684210525,0,0,2,4,4,0,0,0,0
Books,941.98,50.83,1,4.0,49.55,Not as expected,True,0.9244537154678489,4.035330029901626,0.870671949167845,7,81,8,475.44,0.09876543209876543,4,1,1,2,2,1,1,1,1
Electronics,553.94,553.94,1,169.92,499.89,Not as expected,True,0.8763536521976034,7.140764626512199,0.9429139076536646,1487,88,5,324.3,0.056818181818181816,0,0,1,3,4,0,0,2,2
Books,81.65,59.43,1,247.53,52.33,Not as expected,True,0.8283682049164584,8.206791742642745,0.9214301597566963,886,69,7,465.75,0.10144927536231885,0,0,3,3,1,1,0,0,1
Apparel,427.68,165.08,1,703.56,149.92,Wrong size,True,0.8198863908123055,2.2354053262953144,0.9895192137578448,0,65,5,1419.04,0.07692307692307693,4,0,1,2,3,2,2,3,3
Other,83.8,5.91,1,613.09,5.5,Changed mind,True,0.8118658561728723,7.680352403054752,0.9049042107697339,744,93,10,212.66,0.10752688172043011,1,0,3,2,5,0,0,0,0
Other,88.27,25.53,1,685.25,23.82,Not as expected,True,0.9509504245329986,3.6049304017803783,0.9045049746953745,738,87,8,357.58,0.09195402298850575,0,0,2,2,2,0,0,0,0
Beauty,400.72,28.85,1,167.94,27.96,Not as expected,True,0.998058472043114,3.934102104248293,0.9556383669471363,1490,19,3,686.83,0.15789473684210525,0,0,2,4,4,0,0,0,0
Luxury,224.47,110.32,1,61.28,109.01,Changed mind,True,0.8788689069359037,5.858315642375556,0.8707845362677393,7,56,5,109.57,0.08928571428571429,3,0,2,3,1,0,3,0,3
Beauty,118.27,77.14,1,392.45,73.26,Not as expected,True,0.9758641419121763,7.35664441123406,0.9884590316134916,1406,95,7,239.51,0.07368421052631578,0,0,1,3,2,0,0,0,0
Sports,78.62,69.35,1,689.53,64.51,Not as expected,True,0.8158573083945778,4.947160878768821,0.9241424257682986,151,72,5,267.48,0.06944444444444445,0,0,3,2,5,0,0,0,0
Other,38.25,38.25,1,611.31,34.12,Changed mind,True,0.869591254721238,4.614229797924185,0.9600590723602067,473,20,4,495.65,0.2,0,0,3,3,2,0,0,0,0
Books,87.88,15.62,1,268.39,13.78,Changed mind,True,0.8156510966779249,6.587049742657051,0.9223425886146089,7,59,6,212.2,0.1016949152542373,5,0,2,3,2,1,2,1,2
Electronics,121.88,121.88,1,533.96,110.83,Wrong size,True,0.8155762008900563,4.127289886049069,0.9729010757606408,1253,32,4,82.23,0.125,0,0,2,1,1,0,0,0,0
Apparel,267.46,21.43,1,359.61,21.16,Changed mind,True,0.9716902919162853,7.575990367053917,0.9610642750350025,1018,85,7,145.89,0.08235294117647059,0,0,3,3,4,0,0,0,0
Apparel,181.58,312.67,1,37.05,311.49,Wrong size,True,0.354,0.44200402779721815,0.615,936,70,7,196.88,0.1,0,0,2,4,1,0,0,0,0
Home,139.5,94.61,1,295.46,92.79,Changed mind,True,0.8359899128341539,7.162782664751104,0.9521647866079102,1401,94,12,274.07,0.1276595744680851,0,0,1,3,1,0,0,0,0
Sports,213.26,92.4,1,245.16,88.05,Wrong size,True,0.909177882417608,8.063947981262778,0.9044960482741964,1257,44,4,458.55,0.09090909090909091,0,0,1,2,1,0,0,0,0
Home,135.15,135.15,1,502.13,124.54,Wrong size,True,0.9733300066110038,6.304090982745455,0.8550835704458016,812,29,5,1111.44,0.1724137931034483,0,0,1,4,3,0,0,0,0
Other,284.43,11.0,1,74.59,10.11,Not as expected,True,0.8030807069902602,5.798112693379554,0.8897881889880961,916,79,7,176.88,0.08860759493670886,0,0,3,2,3,0,0,1,1
Books,93.55,1.21,1,260.77,1.2,Wrong size,True,0.9181383043624094,7.112800055090864,0.9370064390395784,1,98,6,211.01,0.061224489795918366,5,0,2,2,3,1,1,1,1
Beauty,181.37,61.01,1,189.94,52.61,Wrong size,True,0.8648178070937945,9.394895499904134,0.8960403533963538,99,41,1,734.39,0.024390243902439025,0,0,3,3,3,0,1,1,1
Beauty,150.8,47.95,1,378.53,41.89,Not as expected,True,0.8089579068385971,9.645147342024057,0.9929294453093657,1444,43,5,477.44,0.11627906976744186,0,0,3,2,1,0,0,0,0
Other,162.3,162.3,1,244.53,145.69,Not as expected,True,0.9407992990418177,0.5198944211083745,0.8568624572559637,642,64,6,109.31,0.09375,0,0,1,2,2,0,0,0,0
Other,452.4,79.01,1,199.1,75.06,Not as expected,True,0.8010744619936285,0.43298983168138405,0.989732216783339,1464,68,11,256.64,0.16176470588235295,0,0,2,3,3,0,0,0,0
Beauty,128.43,85.29,1,518.17,77.95,Changed mind,True,0.8042742483481902,2.298608634108701,0.9809662703065932,0,34,4,82.54,0.11764705882352941,2,0,1,3,3,0,4,0,4
Electronics,89.14,8.36,1,186.03,7.46,Wrong size,True,0.8541756024705667,6.693975213087913,0.9832762689484821,1213,60,8,268.2,0.13333333333333333,0,0,4,5,3,0,0,0,0
Apparel,168.38,2.31,1,125.62,2.03,Changed mind,True,0.8593418009263183,4.205458138126509,0.9310847192273276,660,83,6,249.45,0.07228915662650602,0,0,2,3,2,0,0,0,0
Electronics,286.27,23.21,1,60.21,22.79,Not as expected,True,0.889778030959075,5.862642647648453,0.8721617550552873,6,28,4,337.87,0.14285714285714285,3,0,3,3,2,2,0,0,2
Electronics,139.86,82.73,1,298.93,56.05,Changed mind,False,0.9892344598429482,48.13,0.125,1422,100,6,140.09,0.06,0,0,2,2,4,0,0,0,0
Apparel,1721.09,9.83,1,6.94,9.68,Changed mind,True,0.8121545788956358,8.66959087169265,0.8618091355643045,3,90,10,528.35,0.1111111111111111,9,0,3,2,2,2,2,2,2
Books,78.47,7.91,1,680.45,7.11,Changed mind,True,0.9452680224286123,4.1042465577918605,0.976329308476064,389,99,10,785.0,0.10101010101010101,0,0,1,4,2,0,0,0,0
Electronics,94.28,94.28,1,453.24,80.67,Changed mind,True,0.9143523637701945,4.973825027595408,0.9658132615188988,1015,67,9,164.29,0.13432835820895522,0,0,1,3,3,0,0,0,0
Other,281.63,281.63,1,253.93,145.18,Wrong size,False,0.9795045515293892,38.31,0.29,7,36,5,1759.08,0.1388888888888889,4,0,1,2,3,0,0,0,0
Home,161.85,81.83,1,286.4,75.38,Changed mind,True,0.9874410873128456,0.5311972902697593,0.9235466211149349,1078,92,6,698.96,0.06521739130434782,0,0,3,2,3,0,0,0,0
Home,1485.26,11.1,1,570.46,9.96,Wrong size,True,0.9833920876693335,1.0676553014715062,0.9366486144945436,0,72,8,1375.83,0.1111111111111111,7,0,4,4,2,2,2,1,2
Sports,453.46,169.51,1,555.99,167.77,Not as expected,True,0.8016196467875192,7.794436874090359,0.8773713577283782,284,31,4,882.3,0.12903225806451613,0,0,3,3,2,0,0,0,0
Luxury,1903.99,25.7,1,8.66,25.49,Changed mind,True,0.9265300407955281,8.965939354091956,0.9685057532784507,1,13,2,1594.38,0.15384615384615385,1,0,2,2,2,0,2,2,2
Apparel,139.73,139.73,1,217.66,128.58,Changed mind,True,0.8881807194692223,0.02538182911571263,0.8974439396397881,1315,38,6,102.31,0.15789473684210525,0,0,3,5,2,0,0,0,0
Books,47.31,8.9,1,175.66,8.55,Wrong size,True,0.9803883629105276,0.5060016026853187,0.8722960654483092,156,84,14,194.7,0.16666666666666666,1,0,1,2,2,0,0,0,0
Electronics,240.11,202.04,1,343.7,189.95,Changed mind,True,0.9533386234128379,8.6438693424895,0.851790200596893,94,66,4,177.29,0.06060606060606061,0,0,1,3,4,0,1,0,1
Luxury,120.68,1.74,1,645.92,1.32,Wrong size,False,0.9984964882759888,47.92,0.362,66,89,9,210.96,0.10112359550561797,1,0,5,2,2,0,0,0,0
Books,157.18,37.2,1,704.6845287336437,32.92,Wrong size,True,0.678,8.027657486824726,0.782,405,31,21,2083.43,0.6774193548387096,16,0,3,5,2,5,6,5,6
Electronics,498.25,467.66,1,522.8,445.94,Wrong size,True,0.8179662471600406,2.360436564209617,0.8588865132345432,988,52,8,193.6,0.15384615384615385,0,0,3,4,2,0,0,1,1
Apparel,105.35,105.35,1,171.59,96.15,Wrong size,True,0.8419396664537226,3.7065308908738737,0.9248919959650033,814,94,8,399.94,0.0851063829787234,0,0,1,4,4,0,1,1,1
Electronics,139.48,67.04,1,60.38,65.65,Wrong size,True,0.9883477500300596,0.07558343532100276,0.9318466407714971,0,72,8,1375.83,0.1111111111111111,7,0,4,4,2,2,2,1,2
Beauty,149.91,20.62,1,569.61,18.51,Changed mind,True,0.9182972479227324,9.547077109414273,0.9881980305358895,1348,42,5,321.84,0.11904761904761904,0,0,2,2,1,0,0,0,0
Electronics,459.54,411.85,1,276.35,377.27,Changed mind,True,0.866321997954859,1.4162579164690947,0.9497944765486445,478,92,6,291.72,0.06521739130434782,0,0,2,5,2,1,9,0,9
Home,234.51,132.66,1,3696.2219511126364,126.27,Wrong size,True,0.698,4.609308074303179,0.917,707,94,62,222.85,0.6595744680851063,54,5,1,3,1,10,10,10,10
Home,162.77,162.77,1,214.56,146.63,Changed mind,True,0.9602291463870605,5.313800232294696,0.8775596525859117,4,61,9,250.16,0.14754098360655737,8,0,3,2,1,2,2,2,2
Beauty,317.16,42.96,1,606.9,40.24,Wrong size,True,0.9341407156669147,5.5655927080818905,0.9619444621834838,48,88,11,586.13,0.125,3,0,2,4,2,0,0,0,0
Beauty,451.14,451.14,1,640.73,417.94,Not as expected,True,0.9469329561336026,5.294863317060075,0.8856010341557121,1020,35,23,420.43,0.6571428571428571,19,0,3,7,2,5,6,4,6
Electronics,111.38,71.15,1,153.94,65.61,Changed mind,True,0.8343908034717152,0.025816410468679774,0.8780612807324878,843,87,13,411.77,0.14942528735632185,0,0,2,2,2,0,0,0,0
Apparel,127.61,58.95,1,520.95,54.54,Not as expected,True,0.9902428036557773,5.067284031242719,0.8690843719283017,1318,47,4,545.26,0.0851063829787234,0,0,1,4,1,0,0,0,0
Books,316.33,316.33,1,800.4473798758537,309.03,Changed mind,True,0.902,4.931449053640533,0.73,1020,35,23,420.43,0.6571428571428571,19,0,3,7,2,5,6,4,6
Sports,161.99,76.89,1,401.52,69.99,Wrong size,True,0.9945379256024893,3.043953157899608,0.863821037331479,2,91,8,478.08,0.08791208791208792,7,0,1,1,1,1,1,1,1
Apparel,653.07,653.07,1,508.74,585.63,Changed mind,True,0.9129859717535235,8.044548415707945,0.8670459286356766,729,75,5,366.37,0.06666666666666667,0,0,2,2,1,0,0,0,0
Other,88.4,33.11,1,212.39,29.24,Wrong size,True,0.9549340577668913,6.030963845912469,0.9864936825707964,1276,87,10,305.24,0.11494252873563218,0,0,1,1,2,0,0,0,0
Electronics,240.89,240.89,1,695.62,206.65,Changed mind,True,0.9244723767343415,3.7217906963466527,0.9656435041871384,600,66,6,515.37,0.09090909090909091,1,0,2,3,1,1,7,1,7
Apparel,186.96,159.32,1,240.89,136.67,Changed mind,True,0.837226651354604,2.9419408658481148,0.9111826411707162,6,43,7,1051.25,0.16279069767441862,6,0,2,1,1,1,1,1,1
Apparel,224.2,17.29,1,600.9,17.13,Wrong size,True,0.9115398531309616,4.224763180595704,0.9367084720234015,541,94,9,362.18,0.09574468085106383,1,0,1,6,3,0,1,0,1
Books,458.7,197.79,1,555.82,188.81,Changed mind,True,0.9997386890685004,4.719879877634514,0.9210115477612519,6,79,6,459.02,0.0759493670886076,6,0,2,2,2,0,0,1,1
Other,34.24,19.3,1,377.22,17.81,Wrong size,True,0.9306994781368192,8.324463819059764,0.8621297982793648,142,97,7,782.93,0.07216494845360824,0,0,3,3,2,0,0,0,0
Books,271.98,106.76,1,592.32,106.36,Wrong size,True,0.8698081181179301,9.62858282653215,0.9940248687231246,1456,95,10,293.4,0.10526315789473684,0,0,4,2,2,0,0,0,0
Beauty,1844.51,54.21,1,1.08,47.04,Changed mind,True,0.9023887272916397,1.815759021375104,0.9798973987633198,7,40,8,594.97,0.2,6,0,1,6,1,0,2,0,2
Sports,891.86,51.45,1,2.47,45.4,Not as expected,True,0.9277852057683849,9.98257116080645,0.9637760058632524,1,45,8,387.5,0.17777777777777778,7,0,2,3,2,1,1,1,1
Beauty,220.7,220.7,1,657.53,194.2,Not as expected,True,0.9559378442767725,0.9866929134004865,0.90946613547995,523,4,2,109.31,0.5,0,0,2,4,4,1,0,3,3
Other,183.87,91.51,1,703.87,79.46,Changed mind,True,0.9350360918643467,0.21532304871664687,0.9797623850021946,451,69,4,656.55,0.057971014492753624,1,0,3,2,3,1,2,2,2
Apparel,175.53,175.53,1,497.54,173.5,Not as expected,True,0.861085470476552,1.5720796050062824,0.9103286772030696,1405,20,3,412.59,0.15,0,0,3,4,1,2,0,0,2
Beauty,142.6,94.29,1,430.2,84.91,Changed mind,True,0.8327284609399394,4.466229607973863,0.9719088117948831,444,9,2,226.05,0.2222222222222222,0,0,2,3,1,0,0,0,0
Apparel,70.99,8.49,1,409.82,8.08,Changed mind,True,0.9133108034740204,8.229921477940811,0.9357670747908187,0,96,11,932.28,0.11458333333333333,6,0,1,4,2,0,2,0,2
Beauty,36.72,2.51,1,143.11,2.46,Wrong size,True,0.8274190012252199,8.306912777861646,0.9849771636343796,936,70,7,196.88,0.1,0,0,2,4,1,0,0,0,0
Other,148.18,64.7,1,405.09,62.1,Not as expected,True,0.9742913923412455,7.311437691679863,0.886498685525104,273,48,5,1186.75,0.10416666666666667,1,0,4,3,3,0,0,0,0
Books,198.11,73.19,1,302.51,70.25,Wrong size,True,0.8818790982492797,9.577537896922632,0.926319402227413,1356,91,12,114.74,0.13186813186813187,0,0,2,2,1,0,0,0,0
Apparel,437.58,11.89,1,16.82,11.1,Wrong size,True,0.477,3.7087678726574627,0.723,224,48,9,820.17,0.1875,0,0,2,1,2,0,0,0,0
Sports,1072.97,17.46,1,11.1,16.12,Wrong size,True,0.8490329997589667,0.2395837390607769,0.9907050922984204,7,42,3,437.81,0.07142857142857142,1,0,2,1,2,0,0,0,0
Electronics,270.74,126.92,1,150.03,115.39,Wrong size,True,0.9353202669336688,2.287028896349812,0.9926617050813252,693,31,2,1538.58,0.06451612903225806,0,0,3,1,1,0,0,0,0
Sports,302.51,7.23,1,638.08,6.64,Not as expected,True,0.9861510064232147,1.4896273700202578,0.8501983733043096,6,65,12,132.39,0.18461538461538463,11,0,2,2,2,0,0,0,0
Other,214.65,29.37,1,472.61,17.71,Not as expected,False,0.9466173112182324,31.77,0.153,438,98,8,525.96,0.08163265306122448,0,0,1,7,3,0,0,1,1
Apparel,279.12,279.12,1,616.47,253.54,Wrong size,True,0.9182724348206674,5.322925132340583,0.8677991584240637,248,48,4,545.66,0.08333333333333333,0,0,2,1,2,0,0,0,0
Other,310.21,132.67,1,310.1,125.1,Wrong size,True,0.9595732396714403,1.37693580542526,0.9615647345284071,911,54,6,127.01,0.1111111111111111,0,0,2,1,3,0,0,0,0
Books,66.44,15.63,1,645.22,13.4,Not as expected,True,0.8620204711831692,5.835108899638329,0.9360302101460136,3,17,15,167.66,0.8823529411764706,4,0,12,12,12,7,7,7,7
Home,69.89,51.99,1,589.78,48.88,Wrong size,True,0.884261710739752,2.7412505886252014,0.8743370169194027,1442,98,8,785.53,0.08163265306122448,0,0,2,2,4,2,0,0,2
Sports,107.08,35.76,1,522.26,26.19,Changed mind,False,0.9225599377590802,41.3,0.114,1411,63,6,201.03,0.09523809523809523,0,0,2,3,1,0,1,0,1
Books,592.35,215.22,1,608.41,160.59,Not as expected,False,0.8845264098038994,45.72,0.381,7,34,3,905.61,0.08823529411764706,2,0,3,4,1,0,0,0,0
Apparel,120.59,120.59,1,131.61,108.53,Not as expected,True,0.803642776388823,8.4526296128939,0.8610403742270339,1207,92,2,393.83,0.021739130434782608,0,0,4,3,1,0,0,0,0
Luxury,95.05,36.96,1,114.49,34.43,Not as expected,True,0.9427895429244798,0.14094218014789384,0.8668224709925988,2,8,3,621.93,0.375,3,0,2,3,4,0,0,0,0
Beauty,85.98,85.98,1,53.54,76.06,Changed mind,True,0.9465929086542444,3.451350741166941,0.9169315108780429,1087,82,5,476.37,0.06097560975609756,0,0,4,7,2,0,0,0,0
Other,371.41,42.48,1,418.68,36.68,Wrong size,True,0.9174797823593966,0.6851270665972131,0.8591202507641784,1058,82,9,206.81,0.10975609756097561,0,0,2,4,1,0,1,0,1
Beauty,106.14,1.68,1,28075.12617338283,1.52,Changed mind,True,0.894,4.339331648435426,0.81,392,64,42,717.44,0.65625,36,0,4,1,1,3,3,3,3
Other,129.59,129.59,1,171.8,127.16,Wrong size,True,0.847450319957201,4.180669213723505,0.9369881733899847,5,35,2,114.34,0.05714285714285714,2,0,2,2,1,0,0,0,0
Apparel,145.56,108.94,1,277.46,102.26,Changed mind,True,0.8399853079645867,2.731724102087446,0.8764077060613176,6,78,13,391.82,0.16666666666666666,12,0,1,7,2,0,0,1,1
Electronics,92.03,14.08,1,345.97,12.96,Not as expected,True,0.8898987955887179,8.95450922158194,0.9747727534180878,2,35,5,275.78,0.14285714285714285,5,0,4,3,2,1,1,1,1
Sports,204.25,204.25,1,174.65,196.38,Not as expected,True,0.8838663115210985,5.128115303259539,0.8963961295987323,838,83,13,427.05,0.1566265060240964,0,0,3,2,1,1,0,0,1
Books,55.53,33.96,1,334.12,30.16,Wrong size,True,0.8191369540677536,6.542486931666306,0.9797843860027324,1,98,8,156.38,0.08163265306122448,7,0,2,1,1,1,1,1,1
Beauty,264.15,264.15,1,210.91,264.1,Changed mind,True,0.8359433757293935,7.792617654901964,0.8695724720425183,211,64,8,292.36,0.125,0,0,1,4,2,0,0,0,0
Sports,252.28,71.3,1,451.78,68.95,Changed mind,True,0.9224938324589612,1.836341807717753,0.8741794213605719,5,92,12,262.83,0.13043478260869565,11,1,1,4,6,2,2,2,2
Home,149.49,149.49,1,194.75,130.62,Changed mind,True,0.8862673015819172,5.906902236482616,0.9491190164455978,1422,100,6,140.09,0.06,0,0,2,2,4,0,0,0,0
Sports,78.29,40.46,1,513.45,34.95,Wrong size,True,0.8955196157608454,8.082437047778154,0.967800287807245,181,72,3,412.45,0.041666666666666664,0,0,1,4,2,0,0,0,0
Home,1948.07,42.35,1,3.61,39.34,Changed mind,True,0.8138704981187314,3.7984926403495622,0.9571259065408285,7,48,8,900.47,0.16666666666666666,6,0,3,2,2,0,0,0,0
Books,109.82,9.43,1,591.96,8.13,Not as expected,True,0.9868197233338494,4.399512147533513,0.8934792586217192,131,54,13,168.69,0.24074074074074073,0,0,3,1,2,0,0,1,1
Luxury,73.41,62.7,1,389.92,34.25,Not as expected,False,0.8941580013641833,32.7,0.383,949,98,7,268.56,0.07142857142857142,0,0,1,3,4,0,0,0,0
Books,77.51,17.22,1,434.98,13.42,Changed mind,False,0.9632149217527393,32.01,0.193,3,14,3,825.79,0.21428571428571427,3,0,1,3,4,0,0,0,0
Electronics,138.66,0.18,1,606.13,0.16,Wrong size,True,0.8505759243604748,3.1377738447406154,0.851795597825991,252,59,6,178.53,0.1016949152542373,0,0,3,1,2,0,0,0,0
Books,105.93,105.93,1,450.6,90.25,Changed mind,True,0.9717663316725218,9.598242039196311,0.9298467492084611,498,83,9,364.69,0.10843373493975904,0,0,3,3,3,0,0,0,0
Beauty,119.88,34.12,1,153.04,30.1,Wrong size,True,0.9507231883248902,8.549976996308722,0.8847267890310038,1477,47,3,1024.21,0.06382978723404255,0,0,2,2,3,0,0,0,0
Apparel,79.24,79.24,1,589.15,77.47,Changed mind,True,0.9491069362369358,1.8530688747567825,0.9741283429482368,7,44,4,473.92,0.09090909090909091,2,0,2,3,1,0,0,0,0
Luxury,311.97,179.1,1,434.97,175.22,Changed mind,True,0.9714938533159235,8.20655179416825,0.9947143398201608,695,47,10,340.07,0.2127659574468085,0,0,4,2,3,1,0,0,1
Sports,157.58,157.58,1,647.65,146.21,Wrong size,True,0.9106257926152862,6.761265575990323,0.9503428707371819,36,92,9,301.57,0.09782608695652174,4,0,1,2,3,0,0,0,0
Other,413.51,355.27,1,315.5748209998111,315.31,Wrong size,True,0.885,8.285936500738423,0.884,1198,86,56,1076.1,0.6511627906976745,51,2,1,3,2,6,7,7,7
Electronics,22.36,1.34,1,254.07,1.19,Wrong size,True,0.8198675637742736,6.501737739737933,0.9216765440868836,1399,86,11,104.17,0.12790697674418605,0,0,1,4,3,0,0,0,0
Home,335.82,309.74,1,291.83,298.02,Wrong size,True,0.9582756391491627,8.364404969444424,0.9495472249922513,5,82,10,59.01,0.12195121951219512,9,0,2,3,3,0,0,0,0
Beauty,209.47,209.47,1,470.69,197.95,Not as expected,True,0.9401961161886475,1.4748290324414326,0.9190856915854512,267,99,8,2739.35,0.08080808080808081,0,0,1,7,1,0,0,0,0
Home,1882.44,198.7,1,6.07,195.25,Wrong size,True,0.9223295663768897,7.094344572118265,0.9304238068619741,5,82,10,59.01,0.12195121951219512,9,0,2,3,3,0,0,0,0
Beauty,108.0,11.51,1,111.31,10.42,Changed mind,True,0.8112974123889307,4.902884048443186,0.9643362209029764,2,61,4,409.74,0.06557377049180328,3,0,2,2,2,0,0,0,0
Sports,1776.07,1.81,1,6.15,1.68,Changed mind,True,0.9891588362910805,3.380976497640088,0.8997857007226366,2,76,7,224.47,0.09210526315789473,5,1,4,6,1,2,3,1,3
Luxury,129.96,34.8,1,428.51,31.03,Changed mind,True,0.8229180795367527,0.4624102399652452,0.9266539667947217,628,57,7,371.39,0.12280701754385964,0,0,1,2,1,0,0,0,0
Electronics,107.23,107.23,1,12861.06714187268,101.97,Wrong size,True,0.741,4.28734230886854,0.861,1426,73,48,162.72,0.6575342465753424,43,6,3,5,1,14,14,14,14
Apparel,891.68,3.52,1,45.86,3.42,Not as expected,True,0.562,2.1966672713503255,0.826,112,76,7,440.44,0.09210526315789473,0,0,4,2,3,0,0,1,1
Apparel,791.87,175.18,1,51.28,159.7,Not as expected,True,0.574,6.590244267458073,0.629,5,64,5,219.65,0.078125,5,0,4,6,3,0,0,0,0
Luxury,73.59,1.11,1,289.76,1.04,Not as expected,True,0.8633492768399011,2.248407818714729,0.9901531811968971,7,36,2,1908.8,0.05555555555555555,2,0,2,2,3,0,0,0,0
Electronics,732.26,42.13,1,43.67,38.31,Changed mind,True,0.518,7.2273554553726385,0.682,1411,23,2,138.97,0.08695652173913043,0,0,2,3,1,0,0,0,0
Books,360.84,360.84,1,411.01,314.96,Wrong size,True,0.9874603577122852,1.176536100171136,0.9303410501929172,610,33,3,196.92,0.09090909090909091,0,0,3,1,1,0,0,0,0
Home,568.31,568.31,1,488.11,494.13,Changed mind,True,0.9531050218472451,5.18407142780731,0.9701609099719541,3,100,16,325.07,0.16,13,0,3,6,2,2,3,2,3
Apparel,233.79,149.31,1,285.18,140.04,Changed mind,True,0.8322876693535375,1.6424492800029733,0.9526083299098652,518,85,6,209.48,0.07058823529411765,0,0,2,2,1,0,0,0,0
Electronics,250.95,59.85,1,387.57,56.28,Not as expected,True,0.9027284994821282,1.8525014257381933,0.8686205315110163,735,49,3,261.96,0.061224489795918366,0,0,2,3,2,0,0,1,1
Electronics,322.08,322.08,1,196.81,292.11,Wrong size,True,0.8859912188244145,5.364811922684002,0.937448182401552,1,64,6,199.73,0.09375,5,0,2,2,1,0,0,0,0
Apparel,385.94,344.08,1,352.99,327.79,Wrong size,True,0.8398395347203511,1.2067865719334137,0.9248011088768076,771,36,4,1336.33,0.1111111111111111,1,0,2,2,2,0,1,0,1
Sports,140.86,140.86,1,582.48,124.8,Changed mind,True,0.8088485270789381,2.969116542207809,0.9262691394477567,1068,55,6,554.14,0.10909090909090909,0,0,3,3,2,0,0,0,0
Books,284.51,249.42,1,648.27,227.79,Changed mind,True,0.9720622247966578,6.871577191542796,0.9224950098499768,128,95,87,79.13,0.9157894736842105,25,0,12,12,12,7,7,7,7
Home,407.07,407.07,1,653.94,378.0,Not as expected,True,0.9612217009776763,3.942173566730529,0.8615077300747453,128,95,87,79.13,0.9157894736842105,25,0,12,12,12,7,7,7,7
Sports,483.49,271.51,1,234.76,241.84,Changed mind,True,0.9983178038564169,4.4505224609487986,0.924470689391073,1349,39,6,1106.76,0.15384615384615385,0,0,1,1,1,0,0,0,0
Home,78.1,78.1,1,64.16,75.45,Not as expected,True,0.9361737509777905,1.1779444182161414,0.9956874989443116,508,86,76,550.63,0.8837209302325582,13,0,12,12,12,7,7,7,7
Beauty,73.81,5.99,1,61.59,5.79,Not as expected,True,0.8650587405891065,7.58000861912652,0.8773072550914367,7,54,4,260.49,0.07407407407407407,2,0,2,2,1,0,0,0,0
Electronics,77.81,33.03,1,421.72,31.13,Wrong size,True,0.9136107122910636,8.42518404077767,0.990554085058426,7,83,13,313.87,0.1566265060240964,12,0,2,3,3,1,1,1,1
Apparel,98.64,98.64,1,145.63,97.65,Not as expected,True,0.8226108018051543,7.34238519492626,0.96558946373402,282,49,6,816.66,0.12244897959183673,1,0,3,2,2,0,0,0,0
Sports,66.87,48.77,1,354.32,45.17,Not as expected,True,0.872221290578691,4.909780251887968,0.9177490921338066,1032,61,11,464.81,0.18032786885245902,0,0,1,5,2,0,0,0,0
Home,83.06,83.06,1,680.09,75.54,Not as expected,True,0.9853564323825964,5.208517193726154,0.9283383804757246,1385,78,11,104.99,0.14102564102564102,0,0,1,3,1,0,1,0,1
Sports,128.48,128.48,1,375.71,117.82,Wrong size,True,0.9853041842507098,1.6951105064486716,0.9954656117716822,1073,100,8,1490.62,0.08,0,0,3,3,1,0,0,0,0
Books,322.67,72.66,1,402.55,67.32,Changed mind,True,0.8443166190148381,8.58829274557366,0.8779072950030168,1208,49,42,168.88,0.8571428571428571,6,0,12,12,12,7,7,7,7
Apparel,80.85,33.45,1,8564.723171281206,33.43,Changed mind,True,0.773,1.909624925525587,0.712,707,94,62,222.85,0.6595744680851063,54,5,1,3,1,10,10,10,10
Apparel,63.54,63.54,1,160.36,61.08,Changed mind,True,0.8768144883283554,2.001670026088674,0.9933489795977102,4,42,8,182.89,0.19047619047619047,7,0,2,3,3,1,1,1,1
Apparel,420.47,91.05,1,646.1,77.52,Changed mind,True,0.9384164775448915,5.903968493847494,0.8816110395779789,508,86,76,550.63,0.8837209302325582,13,0,12,12,12,7,7,7,7
Luxury,311.9,14.15,1,165.57,12.7,Wrong size,True,0.9622594392169361,0.29008481249030327,0.8685356526793693,398,82,6,537.39,0.07317073170731707,0,0,2,4,3,0,0,0,0
Sports,107.03,27.04,1,120.33,25.37,Changed mind,True,0.9185170790768388,6.208395371858982,0.9570848798241413,48,88,11,586.13,0.125,3,0,2,4,2,0,0,0,0
Beauty,83.1,83.1,1,184.83,77.73,Wrong size,True,0.9509707144228577,4.748800501436181,0.896139622100375,2,64,11,290.03,0.171875,11,0,3,2,3,1,1,1,1
Apparel,53.79,31.59,1,315.84,27.76,Not as expected,True,0.8665969631434505,2.6731194416522843,0.9344853417008778,1070,76,2,336.13,0.02631578947368421,0,0,1,2,4,0,0,1,1
Books,238.63,28.11,1,6078.305663387016,28.04,Wrong size,True,0.861,5.965627699311668,0.94,1279,49,32,570.23,0.6530612244897959,26,3,2,1,1,7,7,7,7
Electronics,1861.68,1.82,1,11.22,1.75,Changed mind,True,0.8102179541033433,9.843090352648678,0.9249769055156178,1,51,4,213.28,0.0784313725490196,3,0,3,1,3,1,0,0,1
Sports,63.7,63.7,1,136.92,54.58,Wrong size,False,0.834541693567675,48.6,0.172,1,77,7,456.36,0.09090909090909091,5,0,2,2,1,0,0,0,0
Luxury,293.93,24.36,1,620.93,23.12,Changed mind,True,0.8301352096338205,6.06644511397895,0.8920279082573507,1128,66,4,537.75,0.06060606060606061,0,0,1,4,2,0,0,0,0
Apparel,876.91,495.09,1,42.59,428.5,Changed mind,True,0.432,0.059469577390480755,0.803,66,89,9,210.96,0.10112359550561797,1,0,5,2,2,0,0,0,0
Electronics,244.89,244.89,1,368.76,227.76,Changed mind,True,0.9996126937449195,2.7157900107088206,0.8713471490636319,508,86,76,550.63,0.8837209302325582,13,0,12,12,12,7,7,7,7
Other,390.28,173.41,1,117.8,162.23,Changed mind,True,0.9740342040134982,1.1598338338352876,0.9715245882138174,293,60,4,159.34,0.06666666666666667,1,0,2,1,1,0,0,0,0
Beauty,320.4,320.4,1,177.15,307.9,Not as expected,True,0.9300856298060773,3.3676891880051363,0.9201653283064157,1367,70,4,740.03,0.05714285714285714,0,0,3,2,3,2,0,0,2
Books,528.23,528.23,1,650.27,492.98,Not as expected,True,0.9165013292413665,5.89225202057691,0.883839919020193,342,57,8,334.93,0.14035087719298245,0,0,4,2,4,1,0,0,1
Home,131.99,131.99,1,123.36,131.13,Changed mind,True,0.9537103046736485,0.36456355922558914,0.9705273746155948,0,35,4,283.29,0.11428571428571428,3,0,1,2,1,0,0,0,0
Home,206.48,182.21,1,136.36,175.29,Wrong size,True,0.8758917258900907,4.345365779117039,0.9495197677563604,36,64,8,171.65,0.125,2,0,3,2,4,0,0,0,0
Other,430.16,241.29,1,678.48,222.56,Changed mind,True,0.8393269241675947,5.947976260097941,0.9116351181320782,283,90,9,336.89,0.1,2,0,3,1,1,0,0,0,0
Books,666.64,666.64,1,551.63,624.99,Changed mind,True,0.994459651815317,3.2734218152267336,0.984708928249451,3,34,5,338.61,0.14705882352941177,4,0,2,4,1,1,2,1,2
Luxury,148.35,58.54,1,74.0,50.54,Changed mind,True,0.8591273827278615,6.573564712817657,0.9042580830381902,142,97,7,782.93,0.07216494845360824,0,0,3,3,2,0,0,0,0
Home,368.12,149.12,1,462.91,146.58,Changed mind,True,0.8213659971517911,5.591602602543542,0.9867315562132943,7,56,5,109.57,0.08928571428571429,3,0,2,3,1,0,3,0,3
Apparel,163.94,163.94,1,560.75,163.86,Not as expected,True,0.9868034488443366,3.760780727766556,0.9775628789838767,335,63,6,543.56,0.09523809523809523,0,0,1,4,5,0,1,1,1
Apparel,915.32,9.62,1,7.03,9.49,Not as expected,True,0.9268528642943666,7.346238028380587,0.8897089009991457,7,98,16,371.97,0.16326530612244897,9,0,3,1,1,2,2,2,2
Books,134.08,101.28,1,684.32,87.25,Not as expected,True,0.9119268625548662,5.4195961584679795,0.8634538637818225,7,59,9,294.42,0.15254237288135594,8,0,1,7,2,0,6,0,6
Apparel,221.59,175.45,1,14492.966189692752,168.97,Wrong size,True,0.806,8.367102621164541,0.833,1198,86,56,1076.1,0.6511627906976745,51,2,1,3,2,6,7,7,7
Other,174.91,67.21,1,382.5,62.2,Changed mind,True,0.947888399316803,0.7901008273768828,0.878694411202707,989,58,7,109.59,0.1206896551724138,0,0,2,4,2,0,0,0,0
Beauty,304.86,129.8,1,283.64,110.54,Wrong size,True,0.9334318187499691,7.289528876727013,0.9385500560145379,6,51,3,1253.74,0.058823529411764705,3,0,1,2,2,0,0,0,0
Apparel,445.1,445.1,1,688.26,440.85,Not as expected,True,0.9567456274604437,8.489172040066794,0.939730884628017,304,100,12,801.94,0.12,2,0,2,3,1,0,0,0,0
Beauty,231.2,58.99,1,559.8,58.0,Changed mind,True,0.9647367443575265,0.7528902580982655,0.9295352358165369,3,46,3,417.0,0.06521739130434782,2,0,2,5,2,0,0,0,0
Other,284.35,222.11,1,634.36,194.4,Wrong size,True,0.8401842559908972,8.395378133885696,0.9206977676791699,1045,88,11,426.22,0.125,0,0,2,2,2,4,0,0,4
Home,207.62,142.14,1,190.62,135.07,Changed mind,True,0.93967852810441,4.275120902085212,0.9043462160714374,1080,25,20,850.7,0.8,5,0,12,12,12,7,7,7,7
Luxury,61.5,10.68,1,646.27,9.12,Changed mind,True,0.8547127411774398,8.839471446244998,0.9209738511056252,410,90,6,368.73,0.06666666666666667,1,0,3,3,3,0,0,0,0
Other,494.99,158.24,1,561.58,141.55,Wrong size,True,0.9491156702119966,1.7054950104048117,0.8833488868595826,1075,71,6,298.33,0.08450704225352113,0,0,2,4,3,0,2,0,2
Electronics,135.52,135.52,1,346.75,122.56,Wrong size,True,0.8180329778219447,5.344898822006171,0.875741666225703,698,25,3,907.19,0.12,0,0,5,2,3,0,0,1,1
Home,400.41,400.41,1,663.39,342.35,Not as expected,True,0.9484856288483405,6.744412243319854,0.8851650292881316,838,83,13,427.05,0.1566265060240964,0,0,3,2,1,1,0,0,1
Other,482.1,96.43,1,472.62,93.8,Wrong size,True,0.8128906753372223,1.9224758247679596,0.9918334575440606,183,59,7,205.93,0.11864406779661017,1,0,1,3,2,0,1,0,1
Electronics,308.79,174.37,1,254.15,151.45,Changed mind,True,0.8886833868562731,7.04265096535467,0.9725659660330472,988,94,5,241.13,0.05319148936170213,0,0,1,3,4,0,0,0,0
Home,114.87,96.54,1,342.9,85.72,Wrong size,True,0.9201713291587013,6.242541589306726,0.8743378344892068,1357,99,14,795.58,0.1414141414141414,0,0,2,2,1,0,0,0,0
Beauty,335.99,140.25,1,206.44,125.91,Not as expected,True,0.9843686590104888,0.7320396156819375,0.9678700127121436,914,60,3,66.04,0.05,0,0,2,4,3,0,0,0,0
Home,136.31,136.31,1,223.46,133.83,Changed mind,True,0.9756524489408164,1.9179962670691564,0.9510240388721551,1239,45,8,878.84,0.17777777777777778,0,0,1,4,1,0,1,0,1
Home,223.17,157.02,1,529.23,151.48,Not as expected,True,0.9352835956618646,6.811424842585244,0.9174776219956079,1080,25,20,850.7,0.8,5,0,12,12,12,7,7,7,7
Other,85.25,45.22,1,547.56,41.07,Wrong size,True,0.9041866898160074,3.861227817498963,0.9159934398449302,1133,33,5,41.26,0.15151515151515152,0,0,2,2,2,1,0,0,1
Books,51.64,51.64,1,638.513293506197,46.86,Wrong size,True,0.653,0.7014025090437814,0.703,1198,86,56,1076.1,0.6511627906976745,51,2,1,3,2,6,7,7,7
Electronics,124.98,124.98,1,168.78,110.26,Not as expected,True,0.9683679117994621,0.5681549272275932,0.8509056361042892,5,63,5,934.39,0.07936507936507936,5,0,1,2,3,1,2,1,2
Apparel,665.59,272.5,1,179.95,240.21,Not as expected,True,0.8160663737164572,3.814009390761707,0.9750176180040169,6,78,13,391.82,0.16666666666666666,12,0,1,7,2,0,0,1,1
Electronics,128.8,3.03,1,327.94,2.6,Not as expected,True,0.9898758321748009,9.246199618021684,0.9729427693820274,814,94,8,399.94,0.0851063829787234,0,0,1,4,4,0,1,1,1
Luxury,232.67,83.11,1,503.58,80.33,Not as expected,True,0.9052329665319033,8.202959365650429,0.8977739317945046,335,63,6,543.56,0.09523809523809523,0,0,1,4,5,0,1,1,1
Electronics,82.79,32.88,1,179.36,29.44,Changed mind,True,0.827003924644407,3.205513835157036,0.9859042912700624,484,61,54,1514.7,0.8852459016393442,11,0,12,12,12,7,7,7,7
Home,236.66,150.0,1,109.05,142.96,Not as expected,True,0.9766155584333303,8.887791646126527,0.9987704406850673,1,13,2,1594.38,0.15384615384615385,1,0,2,2,2,0,2,2,2
Home,494.94,199.16,1,554.94,195.61,Not as expected,True,0.8289309930203139,0.6221086391137243,0.9128435762710719,4,36,3,386.51,0.08333333333333333,2,0,1,2,3,0,0,0,0
Home,248.9,63.86,1,160.92,40.38,Wrong size,False,0.9035088475966819,65.96,0.228,313,87,5,1611.57,0.05747126436781609,0,0,4,3,2,1,0,0,1
Other,206.33,206.33,1,367.8,203.84,Changed mind,True,0.9980268869749133,3.2578834793981484,0.9169816780780385,580,28,4,1685.2,0.14285714285714285,0,0,2,2,2,0,2,0,2
Home,179.02,179.02,1,482.47,126.69,Not as expected,False,0.8091599736396998,49.04,0.13,470,78,13,850.86,0.16666666666666666,0,0,3,2,2,0,0,0,0
Beauty,134.37,82.66,1,373.08,81.83,Not as expected,True,0.9814829231423928,8.879832251268763,0.9813861568326048,1058,82,9,206.81,0.10975609756097561,0,0,2,4,1,0,1,0,1
Electronics,82.58,82.58,1,320.37,81.01,Wrong size,True,0.9707095518524578,4.154362756062086,0.9009671405000139,645,8,1,196.23,0.125,0,0,1,1,2,0,0,0,0
Home,50.94,17.81,1,639.49,17.24,Wrong size,True,0.98883586780626,9.514849663952662,0.9299941636611325,36,92,9,301.57,0.09782608695652174,4,0,1,2,3,0,0,0,0
Luxury,90.54,23.5,1,501.93,23.34,Changed mind,True,0.9779478888015621,3.8176677863970268,0.9405167961079144,962,100,8,590.45,0.08,0,0,1,3,3,0,0,0,0
Sports,220.82,220.82,1,511.76,218.99,Not as expected,True,0.9321820004133087,2.015725433083486,0.9649143717460664,929,45,5,361.78,0.1111111111111111,0,0,2,2,2,0,0,0,0
Sports,167.19,36.3,1,501.3,35.44,Not as expected,True,0.978305812215302,0.8069471719045773,0.8915621859509284,133,99,6,1123.45,0.06060606060606061,2,0,1,2,2,0,0,0,0
Luxury,116.14,116.14,1,420.25,101.69,Not as expected,True,0.9946223469565951,5.865308768678103,0.9520421283748411,1096,34,30,119.36,0.8823529411764706,7,0,12,12,12,7,7,7,7
Books,310.0,310.0,1,619.58,273.38,Changed mind,True,0.826962201477435,3.113374528508812,0.9701298223473903,30,59,4,1501.83,0.06779661016949153,3,0,2,4,2,0,0,0,0
Home,95.04,95.04,1,674.77,83.0,Not as expected,True,0.9189426743985977,1.8339871637937821,0.9321578977710073,1492,80,6,478.93,0.075,0,0,3,2,2,0,0,0,0
Apparel,112.83,89.96,1,342.02,82.45,Not as expected,True,0.81148907325263,9.318384004709898,0.9140317649143282,104,92,4,79.2,0.043478260869565216,0,0,2,2,4,0,0,0,0
Home,33.77,33.77,1,59.64,29.89,Changed mind,True,0.826002491475726,3.175329026804902,0.974353272910472,106,84,6,375.83,0.07142857142857142,2,0,2,4,2,0,0,0,0
Beauty,127.68,127.68,1,432.84,110.19,Changed mind,True,0.8328176321909292,8.612710560941531,0.9194259035619334,1406,86,8,602.72,0.09302325581395349,0,0,2,5,2,0,0,2,2
Beauty,415.33,125.25,1,298.09,121.91,Changed mind,True,0.9193408478608724,3.569381479246231,0.8949744205923809,954,80,8,654.14,0.1,0,0,5,3,3,3,2,0,3
Sports,128.27,128.27,1,708.63,127.67,Changed mind,True,0.8636747417234024,7.338575002577778,0.9856817629614638,1263,99,8,718.61,0.08080808080808081,0,0,1,2,1,0,0,0,0
Sports,121.55,121.55,1,143.15,112.74,Wrong size,True,0.9906675212553622,9.61270401217044,0.8986266272498552,6,18,4,111.47,0.2222222222222222,2,0,3,2,4,0,0,1,1
Apparel,273.56,273.56,1,368.79,253.35,Changed mind,True,0.8179704647675704,9.680855470966764,0.8890661541770501,4,97,7,832.9,0.07216494845360824,7,0,1,4,1,0,0,0,0
Luxury,199.18,4.91,1,102.51,4.29,Not as expected,True,0.893132800103412,1.204784470398379,0.9732711404699601,6,97,10,506.86,0.10309278350515463,6,0,2,3,2,1,1,1,1
Sports,463.11,463.11,1,501.45,446.19,Changed mind,True,0.9263144349248617,4.888971102481207,0.8930089270833581,484,61,54,1514.7,0.8852459016393442,11,0,12,12,12,7,7,7,7
Books,206.77,206.77,1,506.67,203.89,Not as expected,True,0.8728777500003878,1.0943723954204254,0.8559164596895666,1207,55,5,321.95,0.09090909090909091,0,0,2,2,2,0,0,0,0
Sports,82.28,38.75,1,96.57,34.58,Not as expected,True,0.8342239031067754,1.8395595694622824,0.9631470931174304,1239,45,8,878.84,0.17777777777777778,0,0,1,4,1,0,1,0,1
Home,61.89,20.1,1,577.02,17.31,Changed mind,True,0.9813376473408896,7.250165762337424,0.9883924666970139,1012,42,6,303.46,0.14285714285714285,0,0,2,3,3,0,0,0,0
Luxury,311.53,311.53,1,686.09,281.05,Not as expected,True,0.9369731712723267,0.7203173665355966,0.9644095497761511,4,24,1,916.86,0.041666666666666664,1,0,1,3,2,1,1,1,1
Apparel,149.23,29.34,1,288.16,26.38,Changed mind,True,0.841158679122118,9.471848869567093,0.8775424707801649,1361,75,10,1688.22,0.13333333333333333,0,0,2,4,2,0,0,0,0
Books,260.67,260.67,1,584.25,222.94,Wrong size,True,0.9631950226928878,3.43919019678944,0.9698438309902548,160,81,8,507.5,0.09876543209876543,1,0,1,2,3,0,0,0,0
Apparel,328.34,227.08,1,431.21,200.03,Wrong size,True,0.8844897159630886,8.90049666633877,0.9270119248223792,1320,83,12,1431.73,0.14457831325301204,0,0,1,2,4,0,0,0,0
Electronics,197.69,183.25,1,145.3,158.11,Not as expected,True,0.9785266252600473,6.357269324213927,0.9052394889940171,231,16,1,288.54,0.0625,0,0,1,3,2,0,0,0,0
Books,1596.92,1596.92,1,248.67,1412.7,Not as expected,True,0.9623250106886241,8.885502884595635,0.9834236845757063,7,29,4,263.58,0.13793103448275862,3,0,2,3,1,0,0,0,0
Sports,425.3,425.3,1,630.5,367.6,Wrong size,True,0.8341811800816414,3.6097586858212227,0.8591825056613164,602,70,4,2826.56,0.05714285714285714,1,0,2,2,2,0,0,0,0
Electronics,60.37,9.23,1,53.3,8.0,Not as expected,True,0.9286153355525496,6.010677940289671,0.9175801862256006,66,89,7,335.11,0.07865168539325842,2,0,3,1,2,0,0,1,1
Other,208.09,208.09,1,342.88,195.13,Not as expected,True,0.8908644999261373,9.08520732094905,0.9914848992352735,520,51,6,626.51,0.11764705882352941,0,0,1,3,3,0,0,0,0
Sports,353.66,131.58,1,523.02,117.81,Not as expected,True,0.9635089719042553,8.305266005022512,0.8908935776471535,1,70,7,1346.05,0.1,5,0,2,2,2,1,1,7,7
Electronics,154.72,28.31,1,304.15,24.21,Changed mind,True,0.8279250381621951,7.8681216332152175,0.9221745263309472,1,50,4,388.29,0.08,3,0,2,2,3,1,1,1,1
Home,628.06,628.06,1,415.0,555.23,Wrong size,True,0.805324283785352,1.0540202498333784,0.9248000677048407,1176,41,4,1192.77,0.0975609756097561,0,0,6,2,3,3,0,0,3
Apparel,438.73,105.25,1,60.63,91.5,Changed mind,True,0.559,3.3624604123338164,0.613,1,44,2,1584.15,0.045454545454545456,1,0,2,2,2,0,0,0,0
Electronics,151.02,151.02,1,368.65,129.72,Changed mind,True,0.8966361848304795,4.261571865209297,0.9786166725720543,528,92,11,156.62,0.11956521739130435,1,0,2,5,3,0,0,0,0
Electronics,705.65,26.01,1,10.76,24.09,Wrong size,True,0.296,0.5106212500018836,0.618,711,42,7,338.4,0.16666666666666666,0,0,1,1,3,0,0,0,0
Home,32.57,19.6,1,212.2,16.82,Changed mind,True,0.8966080411665414,6.746233356210549,0.8731288242500849,395,75,10,1305.31,0.13333333333333333,0,0,2,3,4,0,2,0,2
Luxury,394.89,394.89,1,338.42,382.58,Changed mind,True,0.8555289757884006,4.4349170677500975,0.9107791221746163,230,80,8,943.18,0.1,0,0,2,3,2,0,0,0,0
Electronics,97.15,15.24,1,323.73,14.38,Not as expected,True,0.8054903960500238,2.753143737014528,0.8599097963263688,3,68,10,380.2,0.14705882352941177,9,0,1,2,3,0,0,0,0
Books,198.73,5.01,1,495.87,4.26,Wrong size,True,0.9378884091416003,1.6945421010688044,0.9869642012932369,1304,23,1,148.46,0.043478260869565216,0,0,2,3,2,0,0,1,1
Books,251.49,243.38,1,467.15,231.36,Not as expected,True,0.8314485952177344,2.367035610442244,0.9222642490959974,1203,24,4,196.58,0.16666666666666666,0,0,2,4,2,0,0,1,1
Luxury,96.67,29.56,1,468.09,25.73,Changed mind,True,0.9749472608717228,2.142549502277471,0.9155501619992709,4,78,9,979.8,0.11538461538461539,7,0,2,2,2,0,0,2,2
Books,460.66,460.66,1,363.68,402.05,Changed mind,True,0.960391704842565,6.711696250774441,0.954193224699787,1398,99,5,85.48,0.050505050505050504,0,0,1,3,4,0,0,0,0
Beauty,137.16,137.16,1,305.91,123.31,Wrong size,True,0.9813824211003291,8.77320422869134,0.9622899246476456,1422,100,6,140.09,0.06,0,0,2,2,4,0,0,0,0
Luxury,1308.82,221.42,1,8584.636713010115,202.54,Not as expected,True,0.717,5.120868473934723,0.799,707,94,62,222.85,0.6595744680851063,54,5,1,3,1,10,10,10,10
Apparel,542.53,63.65,1,13.13,58.13,Not as expected,True,0.262,8.251654088799457,0.606,205,45,3,347.79,0.06666666666666667,0,0,1,1,1,0,0,0,0
Apparel,944.26,147.33,1,7.41,145.67,Changed mind,True,0.8257877426068837,0.5742995323263145,0.8577858337544408,6,91,12,705.23,0.13186813186813187,9,0,1,2,1,0,0,0,0
Home,191.17,191.17,1,193.42,164.79,Changed mind,True,0.8588155869521572,2.7749829781573054,0.9784864748684284,927,51,9,393.64,0.17647058823529413,0,0,1,3,2,0,1,0,1
Home,79.67,17.53,1,22115.687104860794,16.92,Changed mind,True,0.796,2.9693042834638717,0.807,801,67,44,340.6,0.6567164179104478,39,6,1,1,2,10,10,10,10
Beauty,136.29,136.29,1,297.74,120.48,Wrong size,True,0.886268619067791,2.037385086984682,0.9969127570088416,1387,60,4,359.85,0.06666666666666667,0,0,2,4,3,0,0,0,0
Sports,622.74,622.74,1,990.9964317183133,594.16,Not as expected,True,0.717,8.211163185963398,0.786,77,70,46,297.98,0.6571428571428571,41,4,1,6,3,12,12,12,12
Other,269.55,207.29,1,332.4,197.29,Changed mind,True,0.9235263946884854,5.788617551131722,0.8720804245802647,6,23,2,566.13,0.08695652173913043,2,0,2,2,1,1,1,1,1
Luxury,34.37,34.37,1,456.92,29.65,Not as expected,True,0.9369876895309827,9.356786865088676,0.974710181719149,1492,46,5,875.97,0.10869565217391304,0,0,1,3,3,0,0,0,0
Other,113.84,113.84,1,407.24,109.74,Wrong size,True,0.9848236363266026,0.8577662424488308,0.9437303469137802,6,67,9,262.2,0.13432835820895522,7,0,3,3,1,0,0,0,0
Apparel,254.39,254.39,1,193.97,243.99,Changed mind,True,0.8612857543079893,2.711618207158606,0.882283893273806,2,46,7,1187.92,0.15217391304347827,6,0,2,1,3,1,1,1,1
Apparel,243.57,49.6,1,204.03,49.03,Changed mind,True,0.933375042801357,9.493928932351123,0.8940955975535837,231,90,9,311.92,0.1,0,0,4,2,3,3,0,0,3
Apparel,103.07,103.07,1,202.37,95.26,Not as expected,True,0.9296858386933555,9.311677492665947,0.9964415824724764,480,24,4,711.44,0.16666666666666666,0,0,1,3,2,0,1,0,1
Beauty,134.84,134.84,1,59.17,129.52,Not as expected,True,0.9989269645426812,1.0934164385463607,0.9957497619687763,1067,9,1,550.63,0.1111111111111111,0,0,2,6,1,0,2,0,2
Luxury,138.31,78.37,1,437.32,67.5,Wrong size,True,0.9631921182365889,5.988410756467375,0.9132512718765087,645,42,3,110.38,0.07142857142857142,0,0,2,2,3,1,0,0,1
Home,116.78,113.73,1,402.84,107.71,Not as expected,True,0.8430070456179884,9.222743095999723,0.9407866846629054,3,99,12,331.79,0.12121212121212122,10,0,2,1,1,2,2,2,2
Sports,133.99,27.39,1,690.48,24.98,Changed mind,True,0.9468216393584701,8.671350623315945,0.9045445031649171,477,93,11,923.74,0.11827956989247312,0,0,3,2,3,0,0,0,0
Electronics,126.7,7.52,1,582.52,6.7,Not as expected,True,0.8751287087491892,5.342188224745899,0.9248168484994668,388,87,6,467.61,0.06896551724137931,0,0,1,1,3,0,0,0,0
Beauty,61.13,15.71,1,101.7,14.63,Wrong size,True,0.9242515325189956,5.4249047184571975,0.9615277801907912,334,19,1,41.61,0.05263157894736842,0,0,1,3,1,0,0,0,0
Apparel,139.57,58.75,1,420.65,54.41,Not as expected,True,0.8555712478693651,3.8422735277212428,0.9143509998814215,276,59,5,304.96,0.0847457627118644,0,0,2,2,2,0,0,0,0
Other,43.79,43.79,1,219.16,37.27,Not as expected,False,0.9346533604123826,43.65,0.341,637,99,12,512.67,0.12121212121212122,1,0,2,2,3,3,0,0,3
Luxury,227.16,200.09,1,576.74,181.24,Not as expected,False,0.9171827034510305,64.76,0.138,311,87,9,554.9,0.10344827586206896,1,0,1,3,2,0,0,0,0
Apparel,25.34,25.34,1,112.41,25.0,Wrong size,True,0.9006673812288264,0.7819555860997784,0.9842226027198548,434,56,2,287.1,0.03571428571428571,0,0,1,4,3,0,0,0,0
Beauty,118.32,118.32,1,122.32,112.48,Wrong size,True,0.9498671162062347,0.3236345855470524,0.9140041542725773,484,61,54,1514.7,0.8852459016393442,11,0,12,12,12,7,7,7,7
Other,73.85,24.96,1,242.73,21.96,Not as expected,True,0.8878708969870455,0.8915725243009653,0.8827115276159455,252,59,6,178.53,0.1016949152542373,0,0,3,1,2,0,0,0,0
Books,102.1,48.81,1,321.28,42.45,Wrong size,True,0.8554861332106286,0.12708580835975591,0.966175077042712,268,35,2,187.8,0.05714285714285714,0,0,3,6,1,0,1,0,1
Other,59.74,21.58,1,700.89,20.27,Wrong size,True,0.9961216802910882,0.2342468349075677,0.9573455831305293,755,71,9,226.39,0.1267605633802817,0,0,3,4,2,0,0,0,0
Books,133.98,133.98,1,515.75,114.47,Changed mind,True,0.807368119868144,0.27588549718638444,0.8836747524354108,2,94,7,302.36,0.07446808510638298,7,0,2,4,2,0,1,0,1
Books,108.76,48.39,1,589.92,43.41,Changed mind,True,0.8568592464243359,4.7873270671713595,0.9990500283589954,2,56,12,646.36,0.21428571428571427,11,0,3,1,1,2,2,2,2
Sports,71.55,71.55,1,642.56,66.73,Not as expected,True,0.997075870954496,9.052931475975228,0.9685195224429181,1363,68,12,228.55,0.17647058823529413,1,0,2,3,3,1,0,1,1
Luxury,370.44,53.76,1,650.581512112972,47.15,Changed mind,True,0.883,5.405650173383208,0.823,1426,73,48,162.72,0.6575342465753424,43,6,3,5,1,14,14,14,14
Luxury,100.61,68.44,1,203.95,64.52,Wrong size,True,0.8443922878222668,2.6875380776785365,0.9249246722382172,1382,93,7,195.9,0.07526881720430108,0,0,2,3,2,0,0,0,0
Beauty,1750.78,8.55,1,11.66,7.51,Not as expected,True,0.9043711346128119,5.820139826759809,0.9415138640140578,4,61,5,615.87,0.08196721311475409,3,0,1,2,2,1,2,1,2
Home,279.65,76.63,1,144.71,67.3,Not as expected,True,0.8488399792738681,1.2283414549545524,0.8646108130303174,541,94,9,362.18,0.09574468085106383,1,0,1,6,3,0,1,0,1
Luxury,763.77,223.51,1,246.36,190.27,Wrong size,True,0.8815748301989003,7.29183569265301,0.8588531842690568,4,95,11,549.89,0.11578947368421053,9,0,3,3,2,0,0,0,0
Home,692.64,325.52,1,314.46,324.03,Wrong size,True,0.8983015782076751,3.0326526218623906,0.9971745236372231,7,26,4,40.16,0.15384615384615385,4,0,3,2,3,2,0,2,2
Beauty,112.58,112.58,1,594.91,104.96,Not as expected,True,0.9835696028267233,4.507173189929957,0.9848890105066685,36,12,1,250.9,0.08333333333333333,1,0,2,4,2,0,0,0,0
Sports,84.18,67.58,1,329.0,61.73,Wrong size,True,0.9092073778696842,0.8016297005158524,0.9314108833812251,3,94,11,146.86,0.11702127659574468,10,0,1,3,4,3,3,3,3
Luxury,826.6,112.24,1,1.78,103.27,Changed mind,True,0.9411048267942216,3.917398646861554,0.9088998530295058,7,83,8,134.33,0.0963855421686747,5,0,4,3,1,0,1,0,1
Beauty,67.88,0.38,1,132.43,0.34,Not as expected,True,0.9335984415814016,0.9067267578733218,0.8797180000221834,573,75,10,486.08,0.13333333333333333,0,0,2,3,2,1,1,0,1
Apparel,376.34,611.63,1,29.86,555.52,Not as expected,True,0.262,9.079303204760132,0.644,384,98,9,451.18,0.09183673469387756,0,0,2,4,2,0,2,0,2
Luxury,166.33,123.4,1,532.9,105.43,Wrong size,True,0.849955799828259,6.536383209226381,0.9554964275572746,2,44,8,1342.35,0.18181818181818182,6,0,1,2,3,0,0,0,0
Apparel,253.03,253.03,1,439.78,231.03,Not as expected,True,0.9263366725730956,4.194073396877017,0.9282255754452201,4,26,2,831.98,0.07692307692307693,2,0,3,4,1,1,2,1,2
Home,106.97,106.97,1,427.87,99.71,Wrong size,True,0.9971725542377876,0.9557962260822994,0.9189833166067253,128,95,87,79.13,0.9157894736842105,25,0,12,12,12,7,7,7,7
Books,164.15,2.18,1,612.67,2.0,Wrong size,True,0.8386715654258323,9.238723779023216,0.8580770355039019,809,85,5,358.0,0.058823529411764705,0,0,4,4,2,0,0,0,0
Luxury,209.03,198.67,1,146.55,171.69,Not as expected,True,0.9068190816548337,9.264990543672129,0.895812584347561,1484,26,3,499.42,0.11538461538461539,0,0,1,5,1,0,0,0,0
Other,302.89,302.89,1,512.68,301.54,Wrong size,True,0.9798017791338252,2.2050540290012965,0.9970323036235019,86,35,3,296.39,0.08571428571428572,1,0,4,3,1,0,0,0,0
Home,291.95,121.87,1,431.28,121.4,Wrong size,True,0.8898781592432223,9.238442741393673,0.9189057267366973,7,73,10,435.74,0.136986301369863,10,0,4,7,1,0,0,0,0
Luxury,291.85,291.85,1,324.11,266.96,Not as expected,True,0.8471210650971535,1.7078587914682786,0.9014598358843953,5,74,11,550.61,0.14864864864864866,8,0,5,1,1,0,0,0,0
Home,350.85,95.55,1,349.16,84.18,Changed mind,True,0.8395859430231551,5.694852218118546,0.967166387465289,235,75,4,497.06,0.05333333333333334,0,0,2,2,1,0,0,0,0
Home,118.6,118.6,1,49.35,100.83,Changed mind,True,0.9813730080026457,0.37593968232892183,0.9068312338947981,3,49,4,260.03,0.08163265306122448,3,0,2,3,4,0,0,0,0
Home,60.67,60.67,1,393.54,55.9,Changed mind,True,0.9371013815008989,6.150769659134743,0.9287758412867031,293,60,4,159.34,0.06666666666666667,1,0,2,1,1,0,0,0,0
Sports,249.1,249.1,1,401.94,241.89,Wrong size,True,0.8795045990117847,6.351788305990214,0.957856364763896,128,95,87,79.13,0.9157894736842105,25,0,12,12,12,7,7,7,7
Other,393.92,110.56,1,700.86,109.08,Changed mind,True,0.8289203430519086,1.1769815569027298,0.967411733294748,87,82,6,559.15,0.07317073170731707,2,0,1,4,3,0,0,3,3
Sports,154.43,44.11,1,270.36,41.4,Not as expected,True,0.8067187849191492,6.743600120903807,0.9819787691991735,128,95,87,79.13,0.9157894736842105,25,0,12,12,12,7,7,7,7
Luxury,132.06,102.57,1,169.04,89.27,Wrong size,True,0.9448453917131483,2.8001803019866545,0.9135222416601729,1406,95,7,239.51,0.07368421052631578,0,0,1,3,2,0,0,0,0
Home,273.78,18.71,1,519.97,16.13,Not as expected,True,0.9457140097963241,6.503687457624149,0.8592040880992393,6,28,4,337.87,0.14285714285714285,3,0,3,3,2,2,0,0,2
Beauty,240.78,240.78,1,202.12,216.79,Wrong size,True,0.9623750756633326,8.16914112799925,0.9857420241218333,410,96,7,270.54,0.07291666666666667,0,0,2,1,1,0,0,0,0
Other,83.13,15.44,1,244.76,14.38,Wrong size,True,0.9068106645587822,7.923075036895896,0.9296891957454769,31,29,3,918.15,0.10344827586206896,1,0,2,2,4,0,0,2,2
Sports,378.81,37.48,1,48.12,33.59,Not as expected,True,0.9644419080849244,2.3250846537765044,0.9170492542869195,0,94,13,270.59,0.13829787234042554,10,0,3,2,1,1,1,1,1
Books,104.34,17.58,1,386.36,15.38,Wrong size,True,0.8893037887187435,8.434794109429335,0.9214420136241009,289,95,11,820.7,0.11578947368421053,2,0,2,6,3,0,0,3,3
Books,150.63,103.46,1,483.43,96.17,Wrong size,True,0.8400407930756177,4.4771122036751985,0.9283889317035715,169,94,11,71.85,0.11702127659574468,1,0,2,3,2,0,0,0,0
Electronics,113.69,49.28,1,688.64,42.68,Not as expected,True,0.828594770567543,1.820514612393599,0.9754791518763893,1278,45,6,1371.72,0.13333333333333333,0,0,1,1,1,0,0,0,0
Sports,64.01,64.01,1,623.97,63.69,Not as expected,True,0.9872918693654941,0.07838111359911304,0.8725500875268033,2,37,2,1164.01,0.05405405405405406,2,0,2,1,1,0,0,0,0
Home,158.99,158.99,1,298.17,135.48,Changed mind,True,0.8954878494264317,1.086206612431595,0.9546881858396484,5,74,7,1039.67,0.0945945945945946,5,0,4,7,3,0,0,0,0
Beauty,274.14,106.15,1,458.65,100.73,Not as expected,True,0.9447069070211679,7.3513943773140165,0.8892016203427123,886,73,9,338.77,0.1232876712328767,0,0,3,3,1,1,0,0,1
Luxury,290.0,255.24,1,388.31,240.22,Changed mind,True,0.9438875224296184,8.035293681589158,0.9910721453179582,7,100,10,316.45,0.1,8,0,1,3,3,0,0,0,0
Books,192.92,134.4,1,289.45,118.14,Wrong size,True,0.980277173754417,3.5507779563243256,0.9382879343389958,1426,94,6,269.96,0.06382978723404255,0,0,2,2,1,0,0,0,0
Electronics,96.76,96.76,1,209.09,93.66,Changed mind,True,0.8293287931032584,8.99124747262141,0.9694745372311625,258,80,7,1089.05,0.0875,1,0,1,2,2,0,0,0,0
Other,390.1,202.45,1,88.52,189.01,Changed mind,True,0.8352043534606796,2.343665611744435,0.9113311379745659,0,72,10,757.64,0.1388888888888889,9,0,4,2,1,1,1,1,1
Electronics,196.91,25.67,1,499.31,22.27,Not as expected,True,0.9537567097279205,2.7033755030624884,0.9495006913608974,713,90,7,407.38,0.07777777777777778,0,0,1,5,3,0,0,0,0
Sports,353.05,353.05,1,250.23,313.48,Not as expected,True,0.8201461604357828,5.048902673437448,0.8821621082378109,3,99,12,331.79,0.12121212121212122,10,0,2,1,1,2,2,2,2
Electronics,594.27,594.27,1,145.95,509.29,Wrong size,True,0.9211974915436203,6.772087351833216,0.8650408318368948,783,78,6,212.45,0.07692307692307693,0,0,3,2,2,0,0,0,0
Beauty,164.56,164.56,1,624.97,152.65,Wrong size,True,0.9554247027017747,4.852862649174012,0.938262473888699,7,98,16,371.97,0.16326530612244897,9,0,3,1,1,2,2,2,2
Home,228.93,104.82,1,154.09,91.92,Changed mind,True,0.9056350098006237,0.5310641703915497,0.88771261491481,1292,81,11,109.79,0.13580246913580246,0,0,1,5,2,0,0,0,0
Apparel,635.32,635.32,1,208.32,594.97,Changed mind,True,0.9010801548368023,9.063117500518382,0.9923617322550977,1363,68,12,228.55,0.17647058823529413,1,0,2,3,3,1,0,1,1
Luxury,1520.29,60.93,1,2.09,58.78,Changed mind,True,0.9847005192157469,3.2564464574534533,0.9017622983436009,6,92,12,880.14,0.13043478260869565,7,0,3,2,2,0,0,0,0
Beauty,194.17,0.11,1,705.56,0.1,Wrong size,True,0.938786266122557,3.3855777929554085,0.9235849415975163,1151,76,7,131.32,0.09210526315789473,0,0,1,1,1,0,0,0,0
Home,147.88,5.15,1,377.26,5.12,Wrong size,True,0.9176877254791859,4.471809488306903,0.9961950936133038,3,65,5,786.97,0.07692307692307693,5,0,3,4,3,0,1,0,1
Apparel,135.96,135.96,1,619.08,121.29,Changed mind,True,0.810346747435917,8.215178382442883,0.9770630168549893,1323,52,6,651.85,0.11538461538461539,0,0,1,3,2,0,0,0,0
Other,1365.39,465.53,1,277.12,381.59,Not as expected,False,0.8159064309512627,67.7,0.305,1405,51,4,639.17,0.0784313725490196,0,0,2,2,4,0,0,0,0
Electronics,300.4,17.51,1,195.17,15.84,Not as expected,False,0.9047494149836166,83.83,0.14,1477,95,7,179.98,0.07368421052631578,0,0,1,4,2,0,1,0,1
Home,252.76,252.76,1,597.26,216.03,Wrong size,True,0.8294958883311797,1.5546659470994906,0.8978605448957739,545,55,7,196.7,0.12727272727272726,0,0,1,1,2,0,0,0,0
Apparel,210.22,62.63,1,411.48,61.08,Wrong size,True,0.9125661190596402,4.42366281579763,0.9044198822144993,153,100,10,463.99,0.1,0,0,3,6,1,1,1,0,1
Home,48.0,8.9,1,7401.439683000657,8.17,Wrong size,True,0.809,8.183300916426395,0.793,77,70,46,297.98,0.6571428571428571,41,4,1,6,3,12,12,12,12
Apparel,69.81,69.81,1,286.09,63.2,Wrong size,True,0.8593237589022115,0.7921170400967492,0.9133541597450733,7,76,7,534.37,0.09210526315789473,5,1,3,5,1,1,1,1,1
Electronics,89.47,59.89,1,445.47,52.23,Wrong size,True,0.9806928457824466,0.11304721831051912,0.9074323351528379,2,61,10,199.09,0.16393442622950818,10,0,1,1,4,1,1,1,1
Electronics,425.33,71.95,1,55.04,70.4,Wrong size,True,0.567,0.845210396992242,0.659,772,62,4,1157.91,0.06451612903225806,0,0,2,1,2,9,0,0,9
Sports,79.6,0.16,1,709.2,0.12,Not as expected,False,0.8452503768087518,42.83,0.066,4,87,8,300.38,0.09195402298850575,6,0,1,4,1,1,2,1,2
Other,120.17,120.17,1,16273.686568910236,113.72,Not as expected,True,0.95,1.1311444758635658,0.856,1066,39,26,107.19,0.6666666666666666,23,1,3,5,3,7,7,7,7
Sports,147.69,147.69,1,330.82,128.15,Wrong size,True,0.8002578020378598,3.6860507611631377,0.9078651506264172,2,91,8,478.08,0.08791208791208792,7,0,1,1,1,1,1,1,1
Sports,620.25,326.3,1,382.69,322.95,Not as expected,True,0.8295643968628603,5.371287713921039,0.962673573554629,1363,53,45,400.24,0.8490566037735849,5,0,12,12,12,7,7,7,7
Other,287.43,287.43,1,694.14,259.56,Not as expected,True,0.8832229569965653,9.125082032729551,0.8791286054794593,476,66,9,803.72,0.13636363636363635,0,0,2,4,2,0,0,0,0
Home,261.35,251.84,1,697.97,247.48,Wrong size,True,0.947080620947051,1.5142486844096492,0.9365560147375651,703,67,7,605.4,0.1044776119402985,0,0,4,4,2,0,0,0,0
Electronics,234.08,126.03,1,336.86,108.5,Not as expected,True,0.9137841824124064,1.199832646613338,0.9071398538827354,5,60,6,409.78,0.1,6,0,1,2,2,1,1,1,1
Home,130.23,41.03,1,592.6,35.91,Not as expected,True,0.8854686000811832,5.761477343694254,0.9632029353942588,916,79,7,176.88,0.08860759493670886,0,0,3,2,3,0,0,1,1
Home,96.51,27.3,1,521.96,23.96,Wrong size,True,0.8837771590205695,4.2627962757953135,0.9553298521089373,843,87,13,411.77,0.14942528735632185,0,0,2,2,2,0,0,0,0
Books,421.65,224.38,1,60.97,203.24,Changed mind,True,0.9443642794832868,3.645162958288245,0.9945883771346918,4,97,7,832.9,0.07216494845360824,7,0,1,4,1,0,0,0,0
Luxury,319.78,319.78,1,283.5,272.71,Not as expected,True,0.8204740928654425,4.325612344407208,0.9136671326567881,417,78,6,411.49,0.07692307692307693,0,0,2,3,2,1,0,0,1
Luxury,103.34,1.87,1,413.44,1.74,Changed mind,True,0.9294851107462769,0.8152588352750811,0.8992311258246027,808,67,11,389.14,0.16417910447761194,0,0,2,5,2,0,0,0,0
Electronics,75.06,75.06,1,548.02,66.91,Changed mind,True,0.9609668369967079,0.057984295690683973,0.990910406556223,581,33,2,352.89,0.06060606060606061,0,0,2,3,1,0,0,0,0
Books,163.96,9.13,1,546.32,8.71,Changed mind,True,0.9581765923326653,2.479549516406956,0.9700452943335105,1310,73,9,227.56,0.1232876712328767,0,0,2,1,2,0,0,0,0
Home,395.17,226.9,1,253.95,209.18,Wrong size,True,0.9147397039619782,0.6162715342786973,0.986139744891281,266,35,4,253.01,0.11428571428571428,0,0,2,2,1,0,0,0,0
Sports,87.45,45.14,1,95.2,42.41,Not as expected,True,0.8353358876434446,0.2519286411511823,0.9921376591493914,713,90,7,407.38,0.07777777777777778,0,0,1,5,3,0,0,0,0
Luxury,201.74,197.68,1,570.78,193.9,Changed mind,True,0.8744543068779453,5.819428715436361,0.8632140928019825,36,92,9,301.57,0.09782608695652174,4,0,1,2,3,0,0,0,0
Apparel,166.02,73.39,1,414.6,63.17,Wrong size,True,0.9115754214103049,5.373832922455052,0.9905311928987306,4,60,7,210.55,0.11666666666666667,4,0,2,2,2,0,1,0,1
Electronics,459.57,187.14,1,412.75,178.57,Changed mind,True,0.9656314632426675,5.672291009925303,0.8933020243693136,1263,99,8,718.61,0.08080808080808081,0,0,1,2,1,0,0,0,0
Books,178.8,83.74,1,537.9,82.4,Wrong size,True,0.9550541451911874,3.846982802243659,0.8952158810284657,0,77,8,980.11,0.1038961038961039,8,0,2,6,2,2,2,2,2
Apparel,102.11,51.21,1,262.73,47.27,Wrong size,True,0.9360650490370206,0.776144163716036,0.9491763927276541,1,73,14,371.22,0.1917808219178082,10,0,1,7,2,1,6,1,6
Books,84.19,43.59,1,874.7192005530517,38.68,Wrong size,True,0.938,2.6578749384769242,0.913,1198,86,56,1076.1,0.6511627906976745,51,2,1,3,2,6,7,7,7
Home,270.86,129.82,1,370.43,129.82,Wrong size,True,0.95863078309672,6.3706333246594795,0.866774954357443,843,87,5,452.22,0.05747126436781609,0,0,2,2,1,0,0,0,0
Other,70.37,11.42,1,650.48,10.02,Not as expected,True,0.8703340666768894,5.240144366702032,0.9603453179248758,226,21,3,264.23,0.14285714285714285,0,0,1,6,2,0,0,0,0
Sports,239.39,0.8,1,638.31,0.77,Not as expected,True,0.9788696624025937,4.493293489208437,0.9456308139130658,380,63,6,468.27,0.09523809523809523,1,0,2,2,1,0,0,0,0
Beauty,70.42,70.42,1,475.38,68.79,Not as expected,True,0.9453848072275373,1.8670769926693143,0.88689520926921,502,84,7,283.19,0.08333333333333333,1,0,2,4,2,0,0,0,0
Books,76.39,21.31,1,468.45,18.4,Not as expected,True,0.8842739668329898,1.4443735971119076,0.9132431181924083,5,93,13,333.64,0.13978494623655913,11,0,4,4,1,0,0,0,0
Sports,40.42,3.56,1,515.88,3.29,Not as expected,True,0.8553019969708157,3.3983425288983082,0.8797432176366364,770,47,3,205.25,0.06382978723404255,0,0,2,4,2,0,0,0,0
Luxury,121.01,7.96,1,19967.127323364075,7.68,Not as expected,True,0.812,8.2121416505183,0.802,473,23,15,606.33,0.6521739130434783,14,2,2,3,2,4,4,4,4
Beauty,67.04,15.06,1,686.2,14.68,Wrong size,True,0.9653074859849761,4.522813300728239,0.9717144004908878,6,71,11,128.63,0.15492957746478872,7,0,3,2,3,3,1,1,3
Beauty,89.75,89.75,1,302.76,78.94,Wrong size,True,0.8702083144309919,6.489208477437799,0.8773625459039741,1080,25,20,850.7,0.8,5,0,12,12,12,7,7,7,7
Sports,237.01,101.33,1,20498.933627862236,94.63,Changed mind,True,0.906,9.632672675605537,0.72,707,94,62,222.85,0.6595744680851063,54,5,1,3,1,10,10,10,10
Electronics,317.54,89.59,1,511.74,79.55,Not as expected,False,0.8615206236002273,66.91,0.06,273,100,8,94.19,0.08,1,0,1,5,1,0,0,0,0
Apparel,86.21,86.21,1,82.13,74.2,Not as expected,True,0.8637539287706462,8.772470548903948,0.9276543830023093,473,57,9,993.87,0.15789473684210525,0,0,2,4,1,0,0,0,0
Apparel,31.34,6.87,1,303.68,5.95,Not as expected,True,0.8871215317514404,3.0088538163562206,0.8583129724267802,1292,81,11,109.79,0.13580246913580246,0,0,1,5,2,0,0,0,0
Apparel,315.0,207.74,1,221.72,180.87,Wrong size,True,0.935534163495239,1.178784579958847,0.9024993973041104,1207,90,8,365.12,0.08888888888888889,0,0,1,1,3,0,0,0,0
Beauty,97.92,4.83,1,457.41,4.76,Wrong size,True,0.9812734141368781,4.133889880407342,0.8653954572484722,209,76,7,258.59,0.09210526315789473,2,0,2,3,2,0,0,0,0
Sports,269.04,129.87,1,135.65,120.14,Not as expected,True,0.9931353119583693,3.6640535088958446,0.9343809196480791,832,84,9,246.63,0.10714285714285714,0,0,3,5,3,0,0,0,0
Beauty,433.39,433.39,1,59.95,399.93,Changed mind,True,0.8796642225651239,1.0412791975201319,0.9366046608997106,508,86,76,550.63,0.8837209302325582,13,0,12,12,12,7,7,7,7
Sports,246.41,246.41,1,381.79,232.3,Wrong size,True,0.9436785388902876,0.2892251676695401,0.9372252369197542,637,99,12,512.67,0.12121212121212122,1,0,2,2,3,3,0,0,3
Other,383.1,189.73,1,543.99,161.4,Wrong size,True,0.9292861822356527,5.230191195628146,0.9315243851887938,6,79,6,459.02,0.0759493670886076,6,0,2,2,2,0,0,1,1
Electronics,289.64,137.36,1,144.9,126.54,Not as expected,True,0.890399619139382,5.817855644817559,0.9282782108690869,0,77,9,634.09,0.11688311688311688,5,0,1,4,2,0,0,0,0
Luxury,195.86,37.43,1,144.01,36.41,Changed mind,True,0.8540968844647887,2.507091262088641,0.8967650619162221,1219,60,6,399.69,0.1,0,0,1,2,3,0,0,0,0
Home,153.57,3.51,1,681.15,3.36,Wrong size,True,0.9183804187845394,9.038632583771621,0.9645497822526692,508,86,76,550.63,0.8837209302325582,13,0,12,12,12,7,7,7,7
Apparel,599.39,599.39,1,133.89,570.16,Not as expected,True,0.8978592256312657,9.665626512226549,0.9549123914120518,156,84,14,194.7,0.16666666666666666,1,0,1,2,2,0,0,0,0
Luxury,1989.2,1.22,1,2.2,1.2,Not as expected,True,0.9604490541172781,9.784352481425914,0.9439310070390575,1,56,7,146.43,0.125,4,0,1,2,2,1,1,1,1
Electronics,182.56,182.56,1,660.26,167.66,Wrong size,True,0.9040421020725683,7.999056642630267,0.9826527476007592,782,50,5,408.89,0.1,0,0,1,5,3,0,0,0,0
Luxury,56.2,3.87,1,118.2,3.29,Not as expected,True,0.850222543903655,7.920670203458564,0.8578507622873712,545,55,7,196.7,0.12727272727272726,0,0,1,1,2,0,0,0,0
Apparel,152.22,152.22,1,672.17,131.56,Wrong size,True,0.9803345995531256,0.33923687634486166,0.9778408941503026,40,22,4,121.36,0.18181818181818182,3,0,2,3,1,0,0,0,0
Beauty,270.45,270.45,1,600.6,254.38,Not as expected,True,0.9822673927860948,8.812081140686207,0.8608339289901877,818,51,6,486.24,0.11764705882352941,0,0,1,3,3,0,0,2,2
Books,117.75,94.46,1,55.76,85.17,Not as expected,True,0.8569520952098181,4.228320976793775,0.9620962970168851,2,41,5,1552.97,0.12195121951219512,3,0,3,3,1,0,0,0,0
Apparel,713.9,24.25,1,177.02,22.22,Changed mind,True,0.8026570482153439,6.519795703411849,0.9840915940036534,609,52,5,297.59,0.09615384615384616,0,0,1,4,2,0,0,0,0
Home,296.72,296.72,1,219.39,280.0,Changed mind,True,0.937888607418935,4.300729158453866,0.8743919678231936,1424,89,7,1036.71,0.07865168539325842,0,0,1,2,3,0,0,1,1
Sports,255.6,255.6,1,611.39,254.49,Wrong size,True,0.8511644803095891,2.5697936263984387,0.9717877773679238,41,98,9,651.73,0.09183673469387756,4,0,2,5,1,0,0,0,0
Home,274.42,257.36,1,548.01,251.23,Changed mind,True,0.9487313523756954,4.393605268827558,0.983577549058837,3,60,3,630.67,0.05,3,0,1,4,3,1,2,1,2
Luxury,193.44,49.54,1,624.38,49.46,Changed mind,True,0.8825708831900259,1.0536934309603352,0.9493342379204623,484,61,54,1514.7,0.8852459016393442,11,0,12,12,12,7,7,7,7
Sports,160.4,42.7,1,666.67,38.29,Not as expected,True,0.93906384154406,0.07682742723980174,0.9461167724563365,941,71,5,309.54,0.07042253521126761,0,0,3,2,1,0,0,0,0
Home,110.25,59.94,1,474.09,59.72,Changed mind,True,0.9082735571325056,3.7524632498701194,0.9959689902310092,995,96,8,280.35,0.08333333333333333,0,0,1,3,4,0,0,0,0
Books,341.55,310.55,1,468.72,281.98,Wrong size,True,0.8763041640510025,1.2509765832631592,0.876967849949093,230,80,8,943.18,0.1,0,0,2,3,2,0,0,0,0
Luxury,35.11,10.48,1,63.15,10.05,Not as expected,True,0.9004809924843596,2.1639049525043266,0.875686352534884,352,41,7,876.41,0.17073170731707318,1,0,1,2,1,0,0,0,0
Electronics,729.31,229.24,1,57.48,228.11,Wrong size,True,0.556,1.3179289927177107,0.619,1443,56,5,1459.77,0.08928571428571429,0,0,1,4,4,0,0,0,0
Electronics,120.25,72.54,1,591.11,66.48,Not as expected,True,0.9988226453654747,5.864663073347752,0.904002663557041,1287,86,6,395.35,0.06976744186046512,0,0,1,5,2,0,0,0,0
Other,20.0,11.79,1,513.51,11.62,Wrong size,True,0.9357101464416873,0.4426824851266975,0.8791514575227243,769,78,7,855.44,0.08974358974358974,0,0,2,2,3,0,0,0,0
Other,182.57,67.32,1,431.49,58.36,Wrong size,True,0.9836735804863541,2.2094346249906547,0.936960035112539,199,26,2,385.64,0.07692307692307693,0,0,2,3,2,0,0,1,1
Luxury,91.65,4.07,1,601.05,3.83,Changed mind,True,0.9558498064513612,3.483366727192503,0.9737597843682008,572,96,8,116.04,0.08333333333333333,0,0,1,2,1,0,0,0,0
Books,111.06,79.0,1,417.49,73.44,Changed mind,True,0.8098782892409842,0.6504084350423234,0.9420119335936754,68,43,5,289.93,0.11627906976744186,1,0,1,2,1,0,0,0,0
Beauty,99.37,58.5,1,655.17,54.76,Wrong size,True,0.9462653870427092,7.166666912993489,0.8559184280297545,594,84,8,130.36,0.09523809523809523,0,0,1,5,1,0,0,0,0
Home,518.41,187.99,1,488.93,160.28,Not as expected,True,0.9575081010383275,6.31892723777633,0.9186566791257363,270,82,13,225.99,0.15853658536585366,2,0,2,4,1,0,0,0,0
Sports,205.02,205.02,1,311.8,177.97,Not as expected,True,0.9957504526212344,0.4262022874001714,0.8913771201904377,36,92,9,301.57,0.09782608695652174,4,0,1,2,3,0,0,0,0
Luxury,227.33,149.49,1,429.27,142.27,Not as expected,True,0.9633578292866207,6.084705117232831,0.9040989746806622,1388,42,7,271.34,0.16666666666666666,0,0,1,2,1,0,0,0,0
Apparel,37.31,24.6,1,711.58,21.81,Changed mind,True,0.9199772560787437,0.997003134018255,0.9008764069208298,1488,98,8,120.19,0.08163265306122448,1,0,2,3,1,0,1,0,1
Sports,652.0,71.93,1,179.69,65.8,Changed mind,True,0.8932593593274836,3.524383278957397,0.8992347553208395,532,58,6,355.73,0.10344827586206896,0,0,1,3,1,0,0,0,0
Luxury,221.56,126.13,1,387.09,68.99,Changed mind,False,0.8649529151290618,32.5,0.255,86,35,3,296.39,0.08571428571428572,1,0,4,3,1,0,0,0,0
Books,390.19,390.19,1,51.91,384.42,Changed mind,True,0.8880139960201484,2.833869018180736,0.9541875159844543,1324,54,4,361.92,0.07407407407407407,1,0,1,3,3,0,0,0,0
Luxury,314.37,314.37,1,352.58,279.8,Wrong size,True,0.8396577698706059,3.536428457313998,0.9775076439792646,5,92,12,262.83,0.13043478260869565,11,1,1,4,6,2,2,2,2
Books,103.71,60.52,1,279.45,55.5,Changed mind,True,0.8433150229810709,8.747910120067043,0.9339977528175938,1357,99,14,795.58,0.1414141414141414,0,0,2,2,1,0,0,0,0
Sports,430.28,249.02,1,608.58,240.33,Changed mind,True,0.8107058141507467,5.672426338297293,0.9876605597803895,1397,99,13,290.06,0.13131313131313133,0,0,2,5,5,1,14,0,14
Other,420.86,311.04,1,621.03,289.77,Changed mind,True,0.8946767089143465,8.98200485887811,0.9685426216089497,596,92,7,811.07,0.07608695652173914,0,0,3,1,1,0,0,0,0
Other,175.81,36.17,1,451.37,31.9,Not as expected,True,0.9787216226027176,4.273793620792938,0.8716630092179356,631,15,2,344.31,0.13333333333333333,0,0,2,3,2,0,0,0,0
Electronics,1963.57,109.71,1,11.24,108.43,Wrong size,True,0.8103603789254695,5.074270696719076,0.8956366137926179,5,44,4,1118.34,0.09090909090909091,2,0,3,1,1,0,0,0,0
Apparel,170.61,96.29,1,458.11,91.76,Changed mind,True,0.8906320460855505,7.212644481178678,0.9760160062997835,148,69,6,529.04,0.08695652173913043,0,0,1,1,1,0,0,0,0
Apparel,121.98,52.93,1,115.35,52.04,Not as expected,True,0.9743009492179906,5.600258576995247,0.8844183671714123,508,86,76,550.63,0.8837209302325582,13,0,12,12,12,7,7,7,7
Luxury,360.57,186.17,1,661.63,183.53,Wrong size,True,0.9176030194946769,9.185492985095834,0.9660029991845701,3,95,11,116.74,0.11578947368421053,10,0,3,2,1,1,1,1,1
Beauty,152.58,43.18,1,156.29,42.79,Wrong size,True,0.8951936358427233,0.9095997816890644,0.8757060612433505,0,91,13,1153.19,0.14285714285714285,9,0,1,1,1,1,1,1,1
Other,371.68,32.8,1,506.22,28.03,Wrong size,True,0.9266839012948218,6.271471179164,0.9397698367991802,671,99,10,228.13,0.10101010101010101,0,0,2,1,3,0,0,0,0
Luxury,84.17,47.63,1,140.07,44.46,Wrong size,True,0.9972199165170821,6.497435463645571,0.940013713653122,427,41,3,570.89,0.07317073170731707,0,0,1,4,3,0,0,0,0
Luxury,107.96,2.64,1,350.93,2.56,Changed mind,True,0.8419666432332711,0.42866824997787045,0.8798316406176959,223,49,3,223.55,0.061224489795918366,0,0,4,3,2,0,1,0,1
Apparel,127.66,127.66,1,317.65,115.65,Changed mind,True,0.8736819417724696,5.264382453790548,0.9104198439658957,509,66,8,556.62,0.12121212121212122,0,0,1,4,4,0,0,0,0
Home,147.93,46.71,1,216.22,43.15,Changed mind,True,0.9216587750389192,1.2925440254870502,0.8645180024700012,5,93,13,333.64,0.13978494623655913,11,0,4,4,1,0,0,0,0
Books,92.8,92.8,1,714.52,92.39,Not as expected,True,0.8492758218113114,5.607039031847503,0.9903377536580329,814,94,8,399.94,0.0851063829787234,0,0,1,4,4,0,1,1,1
Luxury,530.41,530.41,1,353.16,511.48,Wrong size,True,0.8739810782763676,6.8762226842174545,0.9085141639028782,1357,46,6,570.79,0.13043478260869565,0,0,1,3,1,0,0,0,0
Electronics,441.43,441.43,1,565.39,426.57,Changed mind,True,0.923173507801856,5.551359380235682,0.858978289620116,1368,55,5,342.16,0.09090909090909091,0,0,1,6,2,0,1,0,1
Sports,249.11,99.75,1,556.11,89.37,Not as expected,True,0.8234706515358368,5.012524452294572,0.9648997844776672,1208,49,42,168.88,0.8571428571428571,6,0,12,12,12,7,7,7,7
Luxury,271.44,179.34,1,487.72,165.82,Not as expected,True,0.8234354123120528,6.929027093847997,0.9478689031326545,615,99,12,470.94,0.12121212121212122,0,0,1,4,2,0,0,0,0
Books,750.65,710.64,1,533.93,604.78,Wrong size,False,0.9010148811632988,76.35,0.131,1,48,11,296.68,0.22916666666666666,10,0,1,4,4,1,1,1,1
Books,258.26,186.45,1,530.24,181.21,Wrong size,True,0.8390271427598409,6.098097586020911,0.9160463592494819,1,70,7,625.68,0.1,6,0,1,2,1,0,0,0,0
Beauty,135.37,78.71,1,331.02,77.71,Wrong size,True,0.829087888949724,9.69314466127765,0.8936700845831812,179,60,8,155.88,0.13333333333333333,1,0,4,6,1,0,1,0,1
Home,1654.38,116.48,1,6.58,108.41,Changed mind,True,0.9567529995520261,5.666658652814991,0.8949124145091544,1,11,3,370.53,0.2727272727272727,3,0,2,2,2,2,2,2,2
Home,95.8,61.4,1,274.87,55.64,Wrong size,True,0.854613582584037,4.772801402526419,0.8512770097165624,1238,86,9,85.41,0.10465116279069768,0,0,2,4,2,0,0,0,0
Home,83.66,5.76,1,562.29,5.67,Not as expected,True,0.8554745672497467,8.284088324759695,0.9171227050290438,1363,53,45,400.24,0.8490566037735849,5,0,12,12,12,7,7,7,7
Sports,138.0,138.0,1,145.2,136.53,Wrong size,True,0.9723002919368626,6.3740695233546685,0.9141926517921201,4,40,5,403.31,0.125,5,0,5,2,1,0,0,0,0
Home,287.2,5.41,1,92.94,5.3,Not as expected,True,0.8567320931642849,6.763735516410371,0.9746996656515113,214,25,1,197.14,0.04,0,0,2,3,1,0,0,0,0
Other,527.36,105.36,1,125.71,101.83,Wrong size,True,0.9618949854863152,4.79448537525357,0.8888143581907971,1135,86,9,453.81,0.10465116279069768,0,0,2,7,2,0,0,1,1
Home,155.6,41.21,1,684.1,39.44,Wrong size,True,0.8189077198757337,1.5673524322896315,0.9511854104507316,1,80,7,1141.62,0.0875,6,0,4,1,1,1,1,1,1
Apparel,102.81,18.54,1,628.46,16.82,Not as expected,True,0.8745454006295483,6.5261872684837074,0.8703842001340669,1187,57,7,294.56,0.12280701754385964,0,0,1,5,3,0,0,1,1
Other,547.45,547.45,1,583.91,520.44,Not as expected,True,0.846876099502213,7.8323617979082,0.8875712095606867,395,66,5,142.69,0.07575757575757576,1,0,2,2,3,0,0,0,0
Apparel,363.6,421.69,1,6.68,387.23,Changed mind,True,0.273,2.68139051329773,0.662,501,67,10,1389.09,0.14925373134328357,0,0,3,3,5,0,0,0,0
Sports,72.45,19.7,1,496.12,18.94,Wrong size,True,0.8241878934004636,6.7498351963476715,0.9887472163840849,422,44,5,613.24,0.11363636363636363,0,0,1,1,3,0,0,0,0
Other,361.13,361.13,1,355.3,341.44,Changed mind,True,0.8628351166836948,8.557567687405886,0.9500999207569021,541,94,9,362.18,0.09574468085106383,1,0,1,6,3,0,1,0,1
Electronics,137.86,5.94,1,526.13,5.38,Changed mind,True,0.9809633811614469,0.8573542793234767,0.8846462462064292,950,54,4,599.24,0.07407407407407407,0,0,2,4,2,0,0,0,0
Apparel,436.48,71.29,1,18.59,65.43,Changed mind,True,0.426,1.5683386571906344,0.777,683,16,2,500.12,0.125,0,0,2,3,2,0,0,0,0
Books,437.09,437.09,1,462.6,428.08,Wrong size,True,0.8239151269376772,9.960726887865848,0.9567748358556887,373,58,5,780.21,0.08620689655172414,0,0,1,2,3,0,0,0,0
Luxury,810.03,810.03,1,403.09,697.85,Wrong size,True,0.8939389856727812,8.681823397383404,0.9860093347837735,465,88,11,28.57,0.125,0,0,3,2,1,2,0,0,2
Books,290.97,144.1,1,539.54,131.68,Changed mind,True,0.9167583281917536,6.356443704019772,0.9551468366445149,948,90,6,163.99,0.06666666666666667,0,0,3,4,1,0,0,0,0
Beauty,74.12,63.18,1,539.75,51.11,Not as expected,False,0.9333496379254393,53.46,0.067,1107,56,5,981.42,0.08928571428571429,0,0,2,3,3,0,0,0,0
Luxury,219.23,173.22,1,682.94,164.78,Wrong size,True,0.814744628680333,6.00686623203689,0.9050731238643241,0,82,6,535.85,0.07317073170731707,6,0,1,1,4,1,1,1,1
Apparel,115.11,32.44,1,236.33,29.97,Wrong size,True,0.8139450384165167,0.4483236803925694,0.9273123011350666,1358,12,2,402.47,0.16666666666666666,0,0,3,2,3,0,0,0,0
Sports,226.06,9.6,1,600.46,8.8,Wrong size,True,0.9493349437897647,6.212700435435835,0.8531509876566183,6,84,14,1122.99,0.16666666666666666,12,0,1,3,1,1,1,1,1
Other,560.36,169.62,1,137.3,152.72,Not as expected,True,0.9807535010525357,6.2449481136840905,0.9366937684360036,558,75,6,661.36,0.08,1,0,4,4,4,0,0,3,3
Books,126.69,87.63,1,692.16,80.53,Wrong size,True,0.8867632413774603,3.1185710727509086,0.9217091982277646,3,94,12,322.39,0.1276595744680851,11,0,2,3,2,1,1,1,1
Beauty,299.21,97.76,1,457.69,91.74,Not as expected,True,0.8605780797140858,4.803103969261406,0.9131026730702527,4,93,8,425.91,0.08602150537634409,5,0,1,2,3,2,2,2,2
Sports,796.53,111.48,1,609.2,107.33,Not as expected,True,0.8981950943919635,2.734345801683684,0.9360195425277141,89,78,7,246.19,0.08974358974358974,1,0,2,1,3,0,0,0,0
Other,211.72,211.72,1,471.21,170.32,Not as expected,False,0.8996221086971196,78.56,0.098,4,46,6,421.23,0.13043478260869565,5,0,3,2,1,1,0,0,1
Sports,182.16,5.98,1,604.65,5.52,Changed mind,True,0.8302781068739249,3.679786677767729,0.9058957291510457,381,93,15,744.19,0.16129032258064516,0,0,2,1,4,0,0,0,0
Sports,286.07,244.76,1,531.36,209.34,Wrong size,True,0.8155156221168521,3.3976660140098645,0.9229766172742446,669,80,11,81.95,0.1375,0,0,3,3,3,0,0,0,0
Other,133.31,133.31,1,553.31,131.4,Wrong size,True,0.9906767123375635,0.8021493867262441,0.9014068023779008,284,31,4,882.3,0.12903225806451613,0,0,3,3,2,0,0,0,0
Luxury,127.07,127.07,1,1787.1005949889222,120.51,Not as expected,True,0.669,8.87408898671577,0.917,1426,48,32,158.11,0.6666666666666666,31,3,2,5,2,9,9,9,9
Other,1680.71,241.63,1,11.07,218.83,Changed mind,True,0.9625368573646789,7.580101623530747,0.9426462155739697,5,69,4,227.82,0.057971014492753624,2,0,2,1,1,0,0,0,0
Electronics,198.69,43.14,1,349.13,39.79,Changed mind,True,0.8284242930098694,0.4276116423858678,0.9888227908208502,1110,74,9,169.76,0.12162162162162163,0,0,2,6,1,0,3,0,3
Beauty,77.68,77.68,1,207.75,77.43,Changed mind,True,0.9597986320665858,8.153579540020154,0.8526054280279237,557,96,8,246.58,0.08333333333333333,0,0,2,2,2,0,0,0,0
Apparel,67.03,67.03,1,64.07,61.24,Wrong size,True,0.8282840472411458,6.123290676661269,0.9710464716526968,1282,33,1,255.52,0.030303030303030304,0,0,2,4,1,0,0,0,0
Other,327.41,327.41,1,205.63,297.73,Changed mind,True,0.8208946647074978,5.148338176413143,0.8801865226914765,601,10,3,277.84,0.3,0,0,1,6,2,0,1,0,1
Books,279.64,49.52,1,123.5,47.68,Wrong size,True,0.8786104037226434,1.1539202696513728,0.8977575746379142,1096,34,30,119.36,0.8823529411764706,7,0,12,12,12,7,7,7,7
Beauty,960.44,960.44,1,120.47,823.85,Changed mind,True,0.8557555663781253,4.99558166300446,0.9511588978451584,6,82,14,493.99,0.17073170731707318,13,1,1,1,3,2,2,2,2
Books,376.76,376.76,1,96.62,365.21,Changed mind,True,0.95060152111989,4.273799381545311,0.9504297928049056,1095,64,9,482.91,0.140625,0,0,1,1,2,0,0,0,0
Other,69.26,69.26,1,585.86,65.01,Not as expected,True,0.9091060784015209,2.751886770495747,0.8793541687766488,6,82,11,336.01,0.13414634146341464,7,0,2,3,1,1,1,1,1
Sports,81.66,81.66,1,372.75,72.69,Wrong size,True,0.9832286740901929,9.247009566324191,0.926529130298417,1426,94,6,269.96,0.06382978723404255,0,0,2,2,1,0,0,0,0
Electronics,80.56,80.56,1,178.39,75.88,Wrong size,True,0.9939735031608552,0.9661673523776904,0.8551033055756551,533,87,9,186.73,0.10344827586206896,1,0,1,4,2,0,1,0,1
Luxury,212.6,118.51,1,48.79,108.29,Not as expected,True,0.547,6.017829921094394,0.713,1357,99,14,795.58,0.1414141414141414,0,0,2,2,1,0,0,0,0
Apparel,381.92,381.92,1,535.05,357.39,Wrong size,True,0.9906217799344754,9.313471816886757,0.9274327483344422,1333,46,6,271.68,0.13043478260869565,0,0,5,2,1,3,0,0,3
Home,362.32,206.59,1,414.42,195.12,Wrong size,True,0.8888947047576478,4.260931927687633,0.9310047335480414,128,95,87,79.13,0.9157894736842105,25,0,12,12,12,7,7,7,7
Home,154.02,105.93,1,103.96,96.68,Changed mind,True,0.8402006746875648,8.341643837863979,0.8681420448403092,1123,93,9,102.01,0.0967741935483871,0,0,2,3,1,0,0,0,0
Electronics,200.46,77.6,1,704.91,57.7,Changed mind,False,0.808827702551112,71.5,0.352,356,48,2,70.9,0.041666666666666664,0,0,1,3,3,0,0,0,0
Beauty,248.34,182.6,1,302.9,158.99,Changed mind,True,0.9057628908328283,4.987220935291051,0.8556397184990068,396,95,7,47.37,0.07368421052631578,1,0,2,2,1,0,0,0,0
Sports,185.94,116.78,1,620.57,109.1,Not as expected,True,0.8192778931519569,7.664406047105722,0.9025944224099346,3,83,6,123.29,0.07228915662650602,4,0,2,1,3,0,0,0,0
Apparel,117.79,84.2,1,716.34,79.21,Not as expected,True,0.9171364485295885,4.524819346132225,0.9270809665804511,4,21,6,234.36,0.2857142857142857,5,0,1,2,2,1,1,1,1
Books,90.73,28.23,1,616.88,27.01,Wrong size,True,0.9630482633199474,0.32478179922934447,0.8973937034074427,2,61,10,199.09,0.16393442622950818,10,0,1,1,4,1,1,1,1
Apparel,196.07,75.23,1,520.46,65.76,Wrong size,True,0.8994113841404496,9.189134257330325,0.9864178350162669,6,67,7,152.71,0.1044776119402985,6,0,2,7,3,1,0,0,1
Sports,410.5,364.37,1,252.1,341.58,Not as expected,True,0.9050263579161749,7.996418218215135,0.8975772814774774,45,51,5,335.48,0.09803921568627451,1,0,2,1,2,0,0,0,0
Sports,340.79,340.79,1,578.52,316.33,Not as expected,True,0.9011180205109941,1.3105420395602285,0.9152761768779613,1492,80,6,478.93,0.075,0,0,3,2,2,0,0,0,0
Apparel,299.53,38.48,1,376.59,36.66,Wrong size,True,0.943058438310602,1.0867953368323424,0.8682518115063761,673,23,2,265.28,0.08695652173913043,0,0,1,3,4,0,1,0,1
Home,286.73,286.73,1,672.06,260.72,Wrong size,True,0.9804148768920838,5.939408525423997,0.9466337798670676,216,43,6,568.68,0.13953488372093023,0,0,2,2,2,0,0,0,0
Books,200.51,85.26,1,227.23,75.08,Changed mind,True,0.9555794705243659,5.095573089854008,0.9102381198682549,251,51,3,1335.57,0.058823529411764705,0,0,2,3,1,0,0,0,0
Apparel,57.51,31.8,1,273.32,26.09,Not as expected,False,0.9974700426894938,79.51,0.124,857,62,7,535.75,0.11290322580645161,0,0,5,3,2,0,0,0,0
Sports,1190.38,370.09,1,544.77,353.9,Changed mind,True,0.9087973477461404,8.666125024579294,0.9461084162157173,3,68,8,138.97,0.11764705882352941,6,0,2,6,1,1,1,1,1
Sports,49.07,4.56,1,341.81,4.4,Wrong size,True,0.8735526618759831,9.656989405685412,0.8614310968049471,586,59,2,445.04,0.03389830508474576,1,0,2,2,2,0,0,0,0
Electronics,88.45,88.45,1,287.57,82.49,Not as expected,True,0.8031464496593602,2.0330884862036926,0.9970796613226275,950,71,7,538.05,0.09859154929577464,0,0,1,2,3,0,0,0,0
Home,97.38,25.23,1,48.48,24.55,Not as expected,True,0.9743531285703696,5.844572629373685,0.9544007002346407,1487,58,4,272.27,0.06896551724137931,0,0,2,5,6,0,0,2,2
Apparel,102.51,86.58,1,667.48,76.19,Wrong size,True,0.8197023371199291,1.420357635593732,0.9149253557260554,231,90,9,311.92,0.1,0,0,4,2,3,3,0,0,3
Apparel,220.36,2.87,1,327.38,1.76,Wrong size,False,0.9127640195879044,54.34,0.278,796,71,3,936.49,0.04225352112676056,0,0,5,3,2,0,0,0,0
Electronics,322.7,190.74,1,567.75,163.15,Not as expected,True,0.8173963871269709,6.07975312714612,0.8718435112002054,3,85,7,233.09,0.08235294117647059,5,0,1,2,2,1,1,1,1
Apparel,57.88,20.49,1,289.81,18.06,Changed mind,True,0.9578960442019941,4.645901657473352,0.9174833538497927,119,85,10,334.68,0.11764705882352941,1,0,3,3,3,0,0,3,3
Other,813.36,156.96,1,11.07,136.76,Not as expected,True,0.8579211395002415,4.314808050967911,0.9458469841411771,1,70,7,1346.05,0.1,5,0,2,2,2,1,1,7,7
Beauty,72.78,11.0,1,608.07,10.54,Changed mind,True,0.8872541544018575,9.207474874008689,0.8932961926387804,69,18,1,1195.91,0.05555555555555555,1,0,1,3,2,0,0,0,0
Other,158.75,10.12,1,7892.540269954497,9.58,Changed mind,True,0.883,1.901937694396899,0.865,1426,73,48,162.72,0.6575342465753424,43,6,3,5,1,14,14,14,14
Electronics,138.85,138.85,1,474.72,129.28,Changed mind,True,0.8388748532186283,2.1633998248785957,0.9185776922857444,698,25,3,907.19,0.12,0,0,5,2,3,0,0,1,1
Home,427.13,427.13,1,49.47,420.34,Changed mind,True,0.9296092151801841,0.7790679309145243,0.9719812197677596,1422,44,4,141.31,0.09090909090909091,0,0,1,1,2,0,0,0,0
Books,406.09,406.09,1,661.74,382.6,Changed mind,True,0.8961141152802273,1.4950633105875133,0.8506055580626103,1160,56,4,384.65,0.07142857142857142,0,0,3,1,1,0,0,0,0
Sports,109.72,0.64,1,245.45,0.56,Wrong size,True,0.9710804311792897,7.5735355703156095,0.9468603031998029,3,100,16,325.07,0.16,13,0,3,6,2,2,3,2,3
Home,146.02,85.75,1,138.55,79.14,Wrong size,True,0.8899711860632324,7.276640562639027,0.9376872637667943,1028,41,5,185.98,0.12195121951219512,0,0,1,3,1,0,0,0,0
Other,549.41,220.48,1,155.18,193.19,Changed mind,True,0.919500775630469,3.7374436123573354,0.9661516873902741,2,56,12,646.36,0.21428571428571427,11,0,3,1,1,2,2,2,2
Sports,221.52,116.99,1,676.17,104.78,Changed mind,True,0.9117845461400328,4.0554156294124155,0.9794003723594481,1133,86,8,629.74,0.09302325581395349,0,0,1,4,3,0,1,0,1
Beauty,337.46,145.51,1,444.36,126.8,Changed mind,True,0.8032690394611761,8.656478693511744,0.9828197180251225,217,51,6,788.76,0.11764705882352941,0,0,1,2,1,0,0,0,0
Beauty,35.11,5.92,1,336.98,5.32,Changed mind,True,0.8448299123401596,2.611105935974792,0.974856277240274,800,37,5,323.13,0.13513513513513514,0,0,1,3,3,0,0,0,0
Sports,70.66,70.66,1,538.27,60.66,Changed mind,True,0.9584086213948024,4.910212098228488,0.9873521074379596,3,99,12,643.46,0.12121212121212122,9,0,1,1,3,1,1,2,2
Other,104.57,74.14,1,66.75,70.78,Changed mind,True,0.8681374598006728,8.54939800911424,0.951955491312976,163,54,6,540.84,0.1111111111111111,0,0,2,4,4,0,0,1,1
Electronics,284.9,284.9,1,366.17,252.67,Changed mind,True,0.9759239903259505,0.6975912366082715,0.8836105703336243,501,98,8,217.76,0.08163265306122448,0,0,2,2,3,0,0,0,0
Beauty,86.17,86.17,1,265.23,83.02,Wrong size,True,0.9128842927762447,1.733453595996558,0.928074458327097,1325,49,1,542.13,0.02040816326530612,0,0,2,3,2,0,1,0,1
Beauty,351.9,20.63,1,18376.50060221558,18.75,Changed mind,True,0.95,6.216745396931661,0.817,1279,49,32,570.23,0.6530612244897959,26,3,2,1,1,7,7,7,7
Beauty,118.78,118.78,1,470.22,101.52,Not as expected,True,0.9455245718170556,8.439034992836316,0.9197096058057573,1405,61,4,1114.44,0.06557377049180328,0,0,1,1,1,0,0,0,0
Beauty,158.74,158.74,1,514.81,142.51,Wrong size,True,0.8396596010508756,8.50484851473568,0.9031952149651341,810,92,3,1128.99,0.03260869565217391,0,0,5,3,1,0,0,0,0
Home,94.59,94.59,1,348.72,86.08,Not as expected,True,0.974447713253888,5.733338836685967,0.9877322334621456,259,98,11,693.44,0.11224489795918367,0,0,2,4,2,0,0,0,0
Home,562.73,562.73,1,323.59,495.29,Changed mind,True,0.9596758050447721,4.732594460243185,0.8975987584458065,6,82,11,336.01,0.13414634146341464,7,0,2,3,1,1,1,1,1
Apparel,200.83,53.87,1,505.35,48.26,Changed mind,True,0.945954264886252,9.987134275864374,0.9981021974617337,1153,100,8,100.17,0.08,1,0,2,3,1,0,1,0,1
Beauty,271.0,3.72,1,257.69,3.56,Changed mind,True,0.8563241398859254,0.6898585917957634,0.9377530055040905,605,79,10,642.52,0.12658227848101267,0,0,3,1,3,0,0,0,0
Electronics,99.69,99.69,1,378.4954969639766,87.69,Changed mind,True,0.772,1.50216520591265,0.801,651,11,8,968.62,0.7272727272727273,7,0,2,2,2,0,0,0,0
Apparel,181.07,3.21,1,463.22,2.99,Changed mind,True,0.9347972802688217,8.183225244031254,0.8807658254099505,451,69,4,656.55,0.057971014492753624,1,0,3,2,3,1,2,2,2
Sports,153.19,104.76,1,351.48,93.09,Changed mind,True,0.9792517779386666,5.353943170816634,0.9360173863824569,299,75,6,1402.47,0.08,0,0,2,4,2,0,0,0,0
Luxury,233.99,23.25,1,84.91,20.52,Changed mind,True,0.8452629417111788,4.2352094697578355,0.9710607233043003,128,95,87,79.13,0.9157894736842105,25,0,12,12,12,7,7,7,7
Electronics,369.8,44.26,1,58.87,40.5,Not as expected,True,0.435,5.1381574003814245,0.696,1261,76,11,267.96,0.14473684210526316,1,0,1,3,1,0,0,0,0
Beauty,481.65,410.33,1,456.07,370.43,Not as expected,True,0.9725971826864873,6.236759137613118,0.9803013638521777,573,40,7,53.19,0.175,1,0,1,2,3,0,0,0,0
Home,237.53,58.46,1,9725.487324354519,57.85,Not as expected,True,0.748,0.34556324008574224,0.934,1426,73,48,162.72,0.6575342465753424,43,6,3,5,1,14,14,14,14
Beauty,451.45,346.19,1,501.39,310.29,Wrong size,True,0.8710501254635175,1.622661823573588,0.9256108772576129,875,31,5,241.74,0.16129032258064516,0,0,2,3,1,0,0,0,0
Apparel,158.89,399.54,1,18.36,396.59,Wrong size,True,0.293,2.666719091583852,0.765,342,57,8,334.93,0.14035087719298245,0,0,4,2,4,1,0,0,1
Electronics,296.88,21.89,1,216.42233760602113,19.69,Not as expected,True,0.716,6.1023784961052385,0.89,1198,86,56,1076.1,0.6511627906976745,51,2,1,3,2,6,7,7,7
Home,113.7,113.7,1,49.81,108.71,Wrong size,True,0.8638336974720067,9.889870816387107,0.967813353646181,389,71,3,817.95,0.04225352112676056,0,0,1,1,2,0,0,0,0
Home,256.85,116.78,1,87.57,111.21,Not as expected,True,0.8484214413609621,4.4189757006881525,0.8580840264329566,366,25,3,234.21,0.12,0,0,2,3,1,0,0,0,0
Apparel,753.15,622.31,1,259.03,599.32,Wrong size,True,0.8380330462674204,2.704613204337206,0.8815915568594302,4,82,11,168.78,0.13414634146341464,10,0,1,3,1,1,1,1,1
Electronics,1349.87,215.29,1,11.16,184.29,Not as expected,True,0.8109130629691721,5.879051981446622,0.9612690537060847,6,67,9,262.2,0.13432835820895522,7,0,3,3,1,0,0,0,0
Other,218.92,30.12,1,598.12,26.64,Wrong size,True,0.9301284818966097,0.7467502923411751,0.923304760360727,7,81,8,475.44,0.09876543209876543,4,1,1,2,2,1,1,1,1
Other,247.32,164.82,1,545.95,163.36,Changed mind,True,0.8122645650405342,0.3100982733977098,0.9507102807674013,161,96,14,538.88,0.14583333333333334,3,0,2,3,2,1,1,1,1
Beauty,71.08,28.92,1,624.66,27.78,Not as expected,True,0.9862780001875291,1.9610359697338864,0.86800855760063,143,82,6,729.62,0.07317073170731707,2,0,3,3,1,0,2,0,2
Luxury,116.48,87.89,1,589.92,81.18,Not as expected,True,0.8039388701785962,5.651070913028732,0.963660109987234,1466,16,2,322.78,0.125,0,0,3,3,1,0,0,0,0
Electronics,437.77,320.88,1,154.32,313.31,Changed mind,True,0.9828162075182261,5.816508693703037,0.8637662928318388,1372,81,9,87.07,0.1111111111111111,0,0,1,2,2,0,0,0,0
Beauty,255.75,255.75,1,112.01,247.66,Changed mind,True,0.9469826686559119,4.8595980990865115,0.985345918323749,1202,27,3,453.37,0.1111111111111111,0,0,1,2,1,0,0,0,0
Luxury,169.05,23.68,1,165.62,22.05,Changed mind,True,0.8405750233236884,0.8063442556933975,0.9160000036266414,0,27,2,124.21,0.07407407407407407,1,0,2,7,1,0,6,0,6
Books,134.07,17.5,1,80.97,17.15,Wrong size,True,0.8715796090649119,6.1833804506794205,0.9582280523934976,0,56,6,731.43,0.10714285714285714,5,0,1,3,1,1,1,1,1
Apparel,399.23,50.96,1,342.59,46.64,Changed mind,True,0.8379825459359176,4.5538548111097175,0.8661767257159537,307,83,8,772.9,0.0963855421686747,1,0,1,4,1,0,1,0,1
Books,101.26,75.85,1,57.48,74.36,Changed mind,True,0.8395702603115232,9.204218509952483,0.8582699666323359,6,85,7,20.0,0.08235294117647059,4,0,2,2,1,3,1,1,3
Electronics,158.24,84.53,1,642.76,79.26,Wrong size,True,0.8712861929371427,7.400916340595644,0.9012970318731778,865,65,6,266.98,0.09230769230769231,0,0,2,4,1,0,0,0,0
Apparel,157.24,157.24,1,360.0,155.5,Changed mind,True,0.8270248105616976,8.755719315175167,0.9322836429252945,1,77,14,135.77,0.18181818181818182,12,1,2,2,1,3,3,3,3
Books,325.51,325.51,1,76.05,317.52,Not as expected,True,0.8262378439724714,7.720854751526392,0.9936341022090046,4,40,5,575.3,0.125,3,0,5,3,2,0,0,0,0
Sports,221.64,41.38,1,236.49,35.85,Changed mind,True,0.8278577508819872,5.006684462457028,0.9615015466602974,74,49,5,237.51,0.10204081632653061,0,0,2,3,1,0,1,0,1
Beauty,163.71,0.66,1,226.44,0.56,Wrong size,True,0.8862813488803515,9.775314621211603,0.9629451028924085,580,28,4,1685.2,0.14285714285714285,0,0,2,2,2,0,2,0,2
Sports,243.54,243.54,1,280.6,238.23,Not as expected,True,0.9079087179790175,6.498044407962366,0.903622282278346,292,21,3,43.98,0.14285714285714285,0,0,2,3,3,0,0,0,0
Other,228.5,228.5,1,445.57,222.04,Changed mind,True,0.9009581190112237,9.6819676624736,0.9633731973099413,755,71,9,226.39,0.1267605633802817,0,0,3,4,2,0,0,0,0
Electronics,171.11,171.11,1,442.1,150.22,Changed mind,True,0.9848031215897333,8.941029314352116,0.8820073791673537,967,89,5,364.97,0.056179775280898875,0,0,2,3,1,1,0,0,1
Electronics,309.77,126.01,1,663.47,115.76,Not as expected,True,0.8801441302509978,5.761012426897441,0.8950811501358622,1138,61,3,153.47,0.04918032786885246,0,0,3,5,2,1,1,0,1
Electronics,166.36,61.93,1,215.32,60.0,Wrong size,True,0.8961459934126562,9.559655339068637,0.9943222768665111,1,77,14,135.77,0.18181818181818182,12,1,2,2,1,3,3,3,3
Apparel,20.0,2.9,1,697.05,2.89,Wrong size,True,0.9266687554625581,5.137727780570947,0.8646163902145557,593,100,14,184.83,0.14,0,0,3,5,3,0,0,0,0
Electronics,399.53,238.56,1,65.03,232.11,Not as expected,True,0.552,5.954083669453513,0.774,801,67,44,340.6,0.6567164179104478,39,6,1,1,2,10,10,10,10
Sports,459.7,459.7,1,550.96,390.82,Not as expected,True,0.8961400579229255,3.5568328091982604,0.8999970923015697,561,87,8,81.39,0.09195402298850575,0,0,2,4,2,0,0,0,0
Other,69.35,8.56,1,803.4337005354095,7.42,Not as expected,True,0.928,2.0642637602911607,0.892,801,67,44,340.6,0.6567164179104478,39,6,1,1,2,10,10,10,10
Apparel,156.82,156.82,1,484.75,136.33,Wrong size,True,0.8868824209933128,7.90353254603426,0.8859841644904298,1114,63,10,427.36,0.15873015873015872,0,0,2,3,2,0,0,0,0
Sports,80.48,23.73,1,82.26,22.96,Not as expected,True,0.9944999648705785,2.906386873002682,0.8722045294593286,1422,100,6,140.09,0.06,0,0,2,2,4,0,0,0,0
Apparel,236.73,211.88,1,349.68,187.23,Changed mind,True,0.9726035849227427,1.544434884931838,0.876613548821985,1173,43,1,2285.91,0.023255813953488372,0,0,1,3,3,0,0,0,0
Electronics,64.33,1.2,1,335.59,1.05,Not as expected,True,0.9954491346570152,8.26302348711682,0.9631523638211386,1171,97,7,48.18,0.07216494845360824,0,0,2,4,3,0,0,0,0
Home,419.06,419.06,1,59.24,405.72,Changed mind,True,0.9810884632057774,4.438013133309214,0.9549311520086915,1372,81,9,87.07,0.1111111111111111,0,0,1,2,2,0,0,0,0
Luxury,50.83,20.36,1,283.89,19.67,Wrong size,True,0.8920257761893149,3.947665124191401,0.9254574433757686,825,73,8,877.2,0.1095890410958904,0,0,4,3,3,0,0,0,0
Beauty,76.72,8.73,1,545.35,8.38,Not as expected,True,0.9221076239772648,3.4094827535941405,0.8604131032254579,508,86,76,550.63,0.8837209302325582,13,0,12,12,12,7,7,7,7
Apparel,151.51,45.12,1,571.07,43.94,Wrong size,True,0.9000030648639457,9.351976663051852,0.8723316286486393,7,36,5,251.02,0.1388888888888889,4,0,1,3,4,0,0,2,2
Beauty,170.35,103.04,1,527.1,96.62,Changed mind,True,0.9114323154450633,6.175906075369588,0.8895178883135638,545,55,7,196.7,0.12727272727272726,0,0,1,1,2,0,0,0,0
Sports,68.83,43.53,1,546.3,40.07,Wrong size,True,0.8946666216076777,4.865811933530432,0.8626943296970102,217,96,11,950.68,0.11458333333333333,0,0,2,5,2,0,0,0,0
Home,419.71,41.91,1,514.58,40.25,Changed mind,True,0.8218899031838076,6.053222046178359,0.9822386753113803,6,91,12,705.23,0.13186813186813187,9,0,1,2,1,0,0,0,0
Home,108.58,43.81,1,568.04,37.41,Not as expected,True,0.998122447801471,9.468449195490193,0.941448465635936,0,94,13,270.59,0.13829787234042554,10,0,3,2,1,1,1,1,1
Other,162.73,162.73,1,6188.297743563125,142.81,Not as expected,True,0.947,2.9063762065580567,0.837,1426,73,48,162.72,0.6575342465753424,43,6,3,5,1,14,14,14,14
Home,107.02,78.51,1,393.57,78.43,Not as expected,True,0.8096433142849919,2.228014873980385,0.9090235322084801,4,21,6,234.36,0.2857142857142857,5,0,1,2,2,1,1,1,1
Other,156.38,139.72,1,523.3,139.6,Wrong size,True,0.8751959125895147,2.2828851239957104,0.8685226143645959,1267,34,6,681.5,0.17647058823529413,0,0,1,3,1,0,0,0,0
Luxury,1940.13,380.79,1,9.6,340.65,Not as expected,True,0.9597736366437393,8.334603689427073,0.917424103933124,6,18,4,111.47,0.2222222222222222,2,0,3,2,4,0,0,1,1
Other,106.92,106.92,1,483.44,91.35,Not as expected,True,0.8154214409148671,7.767935124888683,0.8797485562270656,694,86,11,183.51,0.12790697674418605,1,0,1,4,1,0,0,0,0
Luxury,107.52,81.58,1,523.03,78.75,Wrong size,True,0.8864114761721723,0.027436991837438418,0.9087260410120185,1267,34,6,681.5,0.17647058823529413,0,0,1,3,1,0,0,0,0
Beauty,89.02,47.99,1,298.0,47.24,Wrong size,True,0.8651538964566344,1.693135914682421,0.8935391666637229,1,92,9,246.02,0.09782608695652174,7,0,2,2,3,1,1,1,1
Beauty,288.52,288.52,1,466.05,268.46,Not as expected,True,0.9914455530819977,0.19687002458026348,0.8959286856667055,889,51,8,195.5,0.1568627450980392,1,0,1,4,2,0,0,0,0
Beauty,160.36,25.06,1,656.11,21.63,Not as expected,True,0.9218469311452406,5.987214321219315,0.9174693330779206,4,37,3,477.2,0.08108108108108109,3,0,1,2,2,0,0,0,0
Other,54.71,54.71,1,392.84,52.19,Wrong size,True,0.9479290735329886,2.7795211431563027,0.9764743620465921,1074,46,4,341.27,0.08695652173913043,0,0,1,4,1,0,0,0,0
Beauty,124.67,13.1,1,565.18,12.46,Wrong size,True,0.8653722988791883,0.12660863823212298,0.936076374537659,144,96,10,113.95,0.10416666666666667,2,0,1,1,2,0,0,0,0
Sports,163.15,141.38,1,365.56,121.25,Changed mind,True,0.8085528462592572,1.9139896314561589,0.9262102923308827,1146,21,3,269.19,0.14285714285714285,0,0,1,4,1,0,0,0,0
Luxury,437.65,339.53,1,383.07,333.96,Changed mind,True,0.9939984642482196,3.694699068435302,0.9625890828757624,1088,86,9,839.02,0.10465116279069768,0,0,1,5,3,0,0,0,0
Electronics,152.49,152.49,1,352.44,148.78,Changed mind,True,0.8795402427719252,6.324712797087359,0.8892353903745949,1127,51,9,269.83,0.17647058823529413,0,0,2,3,1,0,1,0,1
Luxury,115.71,39.43,1,499.91,33.81,Not as expected,True,0.983103268237315,0.8360295513645499,0.9757372108175966,270,82,13,225.99,0.15853658536585366,2,0,2,4,1,0,0,0,0
Beauty,91.41,28.37,1,611.47,26.51,Changed mind,True,0.8513701198439048,2.434175274018221,0.9402269799510664,669,80,11,81.95,0.1375,0,0,3,3,3,0,0,0,0
Books,113.19,67.57,1,450.09,66.76,Not as expected,True,0.9854016210233851,5.897165441205653,0.8916873889924564,6,84,14,1122.99,0.16666666666666666,12,0,1,3,1,1,1,1,1
Other,277.46,277.46,1,675.15,244.18,Changed mind,True,0.8299425021095841,4.38859681363258,0.9499388958988791,795,67,8,355.79,0.11940298507462686,0,0,2,2,2,0,0,0,0
Home,31.6,27.18,1,460.78,25.66,Changed mind,True,0.8093413931837298,4.605367110747397,0.9934302172610641,5,30,3,132.62,0.1,3,0,1,3,2,0,0,0,0
Sports,274.23,232.36,1,574.39,221.99,Wrong size,True,0.9927674886614011,7.297622662007765,0.9869550179407127,1037,36,31,481.22,0.8611111111111112,9,0,12,12,12,7,7,7,7
Beauty,149.39,28.0,1,229.58,25.43,Changed mind,True,0.8032655283084974,2.1434775925023386,0.9310113090934939,508,86,76,550.63,0.8837209302325582,13,0,12,12,12,7,7,7,7
Apparel,248.36,3.93,1,29.46,3.9,Not as expected,True,0.388,3.845854397720345,0.672,0,26,3,1834.0,0.11538461538461539,3,0,2,3,3,1,1,1,1
Luxury,1839.27,1429.32,1,6.0,1376.66,Changed mind,True,0.9814916043602031,2.9421685177669596,0.9287603898481414,1,20,3,258.82,0.15,2,0,3,3,2,2,0,0,2
Apparel,238.17,69.29,1,63.28,62.01,Not as expected,True,0.9866854060755836,1.6883110867222928,0.8731570503398658,1081,38,6,237.78,0.15789473684210525,0,0,1,5,1,0,0,0,0
Books,481.3,47.83,1,542.87,44.19,Not as expected,True,0.8098615976230762,6.421340557805774,0.850613314384843,1208,49,42,168.88,0.8571428571428571,6,0,12,12,12,7,7,7,7
Other,64.8,3.38,1,428.74,3.3,Changed mind,True,0.8030780436620106,5.820126831025068,0.9492870294260222,1,29,3,842.57,0.10344827586206896,2,0,1,2,2,0,0,0,0
Home,1945.75,361.58,1,2.32,359.66,Changed mind,True,0.9088104932242784,8.755728417155968,0.941519815094609,1,86,12,338.18,0.13953488372093023,10,0,1,6,1,0,2,0,2
Luxury,869.38,12.13,1,15.25,11.9,Changed mind,True,0.318,0.7963021016801042,0.827,1320,83,12,1431.73,0.14457831325301204,0,0,1,2,4,0,0,0,0
Apparel,469.71,469.71,1,613.7,429.32,Changed mind,True,0.9524825687156425,6.524445321345569,0.854497061260482,7,83,8,134.33,0.0963855421686747,5,0,4,3,1,0,1,0,1
Sports,279.09,151.04,1,387.86,139.54,Not as expected,True,0.837099934547612,1.8261707419524265,0.8726522449846444,7,98,16,371.97,0.16326530612244897,9,0,3,1,1,2,2,2,2
Books,136.97,136.97,1,372.77,123.97,Not as expected,True,0.9969063965383762,9.980018098742802,0.8615693441045167,6,82,14,493.99,0.17073170731707318,13,1,1,1,3,2,2,2,2
Other,56.55,56.55,1,70.49,42.79,Not as expected,False,0.9216205048352006,31.12,0.208,878,77,9,1108.53,0.11688311688311688,0,0,2,2,3,0,0,0,0
Apparel,823.76,18.54,1,46.72,18.45,Not as expected,True,0.438,6.705575789249685,0.681,901,36,2,153.17,0.05555555555555555,0,0,3,2,2,0,0,0,0
Apparel,253.52,14.19,1,108.57,14.13,Wrong size,True,0.9065454393409603,9.807855284471637,0.9959393580325978,231,90,9,311.92,0.1,0,0,4,2,3,3,0,0,3
Electronics,562.38,562.38,1,208.52,518.94,Not as expected,True,0.9391583131772492,9.156414308190586,0.9041385985926478,6,89,9,1048.16,0.10112359550561797,5,0,3,2,1,0,0,0,0
Other,109.61,72.92,1,829.0670851917237,69.1,Wrong size,True,0.838,7.712368342457252,0.866,1426,73,48,162.72,0.6575342465753424,43,6,3,5,1,14,14,14,14
Books,127.47,79.67,1,387.55,70.43,Changed mind,True,0.8038448019407263,6.387737229731359,0.9526450859568757,2,82,6,1389.98,0.07317073170731707,4,0,2,3,3,0,0,0,0
Home,136.9,136.9,1,368.7,89.88,Not as expected,False,0.952275832757862,61.76,0.286,577,42,4,753.51,0.09523809523809523,0,0,1,4,2,0,0,0,0
Beauty,1070.2,375.16,1,671.17,345.32,Not as expected,True,0.9847993737060563,0.05430230886872223,0.9705413051414474,1110,4,1,354.72,0.25,0,0,2,3,1,0,3,0,3
Electronics,330.28,330.28,1,88.53,322.07,Wrong size,True,0.8060195899713243,4.895044852134893,0.9530466133280258,1,45,8,387.5,0.17777777777777778,7,0,2,3,2,1,1,1,1
Luxury,58.87,0.16,1,528.69,0.14,Changed mind,True,0.9120132149931305,4.352857224516144,0.9413557474067231,1057,73,6,345.69,0.0821917808219178,0,0,3,4,3,0,0,0,0
Books,331.97,254.1,1,573.2,237.24,Wrong size,True,0.8241873343784859,7.837191101452145,0.9626278254921113,1473,93,9,191.01,0.0967741935483871,0,0,2,3,2,0,1,0,1
Other,1817.66,268.28,1,3.41,264.22,Changed mind,True,0.8122136098196582,7.243544779009342,0.926809812344574,2,61,4,409.74,0.06557377049180328,3,0,2,2,2,0,0,0,0
Apparel,335.65,153.26,1,625.9161526275359,145.17,Wrong size,True,0.755,6.174434719297314,0.742,405,31,21,2083.43,0.6774193548387096,16,0,3,5,2,5,6,5,6
Beauty,81.71,66.03,1,574.88,56.15,Not as expected,True,0.9359856056886002,0.8970942471000232,0.9955555152483248,744,58,3,2573.83,0.05172413793103448,0,0,1,1,3,0,0,0,0
Books,59.57,50.03,1,440.36,45.27,Wrong size,True,0.9448545733460684,1.2758171773500648,0.981329893496148,573,40,7,53.19,0.175,1,0,1,2,3,0,0,0,0
Apparel,193.18,193.18,1,137.41,172.18,Changed mind,True,0.9044340879789888,9.554801593920368,0.9880361216951927,182,36,2,339.97,0.05555555555555555,0,0,2,1,2,0,0,0,0
Other,102.39,63.62,1,552.44,59.64,Not as expected,True,0.8231836607019902,5.56079225313491,0.9961272524439984,1300,75,11,880.07,0.14666666666666667,0,0,2,4,4,0,0,0,0
Electronics,257.6,137.13,1,613.72,129.98,Wrong size,True,0.9433505407900528,9.079585156000517,0.9354538296985506,1036,100,6,297.21,0.06,0,0,4,1,1,0,0,0,0
Sports,48.01,10.51,1,106.64,9.04,Changed mind,True,0.8156757462138258,7.153399216413193,0.8747364168464967,484,61,54,1514.7,0.8852459016393442,11,0,12,12,12,7,7,7,7
Beauty,184.41,184.41,1,472.21,172.04,Wrong size,True,0.944964113152321,5.9094797833909904,0.8526558620853696,937,68,8,1565.12,0.11764705882352941,1,0,2,2,1,0,0,0,0
Beauty,676.63,481.92,1,49.77,473.59,Not as expected,True,0.9874997057487995,2.47454994412849,0.8613532199581937,7,34,3,905.61,0.08823529411764706,2,0,3,4,1,0,0,0,0
Home,323.35,323.35,1,278.51,207.91,Not as expected,False,0.9984833571619557,80.09,0.306,7,93,14,599.64,0.15053763440860216,11,0,3,2,2,1,1,1,1
Home,354.71,354.71,1,487.58,325.49,Wrong size,True,0.8402457938811685,5.7680540633362245,0.9415528280147727,1167,44,39,315.74,0.8863636363636364,9,0,12,12,12,7,7,7,7
Apparel,491.31,491.31,1,257.81,458.67,Changed mind,True,0.9729099721227475,8.883852933203398,0.9653146485108941,1174,92,8,447.58,0.08695652173913043,0,0,3,2,2,0,0,0,0
Books,229.25,60.33,1,512.84,52.53,Not as expected,True,0.9996468796248759,5.816504533150029,0.9572510561863996,811,80,6,59.74,0.075,0,0,2,3,2,0,0,0,0
Beauty,124.59,29.41,1,559.38,28.62,Changed mind,True,0.8694020375465431,1.6467957848735604,0.9732209763103373,270,82,13,225.99,0.15853658536585366,2,0,2,4,1,0,0,0,0
Electronics,154.8,0.72,1,109.39,0.72,Wrong size,True,0.8633336707445921,5.3486148816801595,0.8928399799196866,1058,56,6,93.81,0.10714285714285714,0,0,2,2,1,0,0,0,0
Sports,120.1,119.69,1,636.63,118.35,Wrong size,True,0.8264921277280692,0.6134831461926793,0.9062264063042433,992,99,7,341.65,0.0707070707070707,0,0,3,3,1,0,0,0,0
Apparel,341.22,341.22,1,439.6,331.45,Wrong size,True,0.8695068687737898,0.6639885926132727,0.895346392342473,1232,23,5,117.7,0.21739130434782608,0,0,2,2,2,0,0,0,0
Beauty,342.3,139.1,1,718.3256723622784,136.95,Changed mind,True,0.778,1.533962343192481,0.942,405,31,21,2083.43,0.6774193548387096,16,0,3,5,2,5,6,5,6
Electronics,162.08,56.12,1,246.13,51.79,Changed mind,True,0.8503513594805212,9.555923188321554,0.8686845693662982,795,67,8,355.79,0.11940298507462686,0,0,2,2,2,0,0,0,0
Apparel,334.15,43.93,1,626.88,41.03,Changed mind,True,0.936668877128123,9.453964492018049,0.9876052418323269,1047,83,4,150.96,0.04819277108433735,0,0,2,4,3,0,0,0,0
Sports,92.79,69.42,1,574.68,61.4,Changed mind,True,0.9143170028191405,9.998902552462498,0.9857355312152184,128,95,87,79.13,0.9157894736842105,25,0,12,12,12,7,7,7,7
Books,1275.93,14.56,1,3.76,14.34,Changed mind,True,0.8440992195199825,7.660940698824636,0.9015915947570354,1,98,8,156.38,0.08163265306122448,7,0,2,1,1,1,1,1,1
Other,680.04,239.34,1,222.46,221.81,Not as expected,True,0.9017652604741736,8.815116119221116,0.8633416780906866,1341,92,7,155.49,0.07608695652173914,0,0,1,5,3,0,0,1,1
Other,201.5,84.29,1,370.76,72.48,Changed mind,True,0.8881139372287027,4.249300175586178,0.8956669170408705,1037,36,31,481.22,0.8611111111111112,9,0,12,12,12,7,7,7,7
Luxury,395.44,158.1,1,31.22,140.27,Not as expected,True,0.447,6.736475303572226,0.703,34,92,10,393.32,0.10869565217391304,4,0,1,2,2,0,0,2,2
Electronics,177.18,127.3,1,7833.247776523238,112.23,Changed mind,True,0.913,1.6579935831629145,0.906,392,64,42,717.44,0.65625,36,0,4,1,1,3,3,3,3
Home,192.53,22.71,1,454.21,19.91,Wrong size,True,0.9886400956280357,0.398980661951277,0.8520669927627741,382,50,3,395.22,0.06,0,0,3,2,5,0,0,0,0
Apparel,416.01,416.01,1,277.07,357.15,Wrong size,False,0.9893150190617706,34.31,0.082,1445,78,13,558.22,0.16666666666666666,0,0,2,2,2,0,0,0,0
Electronics,63.37,29.39,1,251.05,26.02,Not as expected,True,0.9288467573218162,7.165423998970645,0.8574660346924039,939,15,3,474.25,0.2,0,0,2,2,1,0,0,0,0
Other,75.4,4.2,1,554.65,3.59,Changed mind,True,0.8396819525319162,3.0450556934710162,0.9721791388123202,946,75,5,225.05,0.06666666666666667,0,0,1,5,4,0,1,0,1
Books,89.03,4.91,1,486.73,4.84,Changed mind,True,0.9102995949942543,9.01252228918397,0.9407122461784322,0,96,11,932.28,0.11458333333333333,6,0,1,4,2,0,2,0,2
Apparel,71.09,35.79,1,1862.8493742704154,30.56,Not as expected,True,0.788,6.1488624331809465,0.821,801,67,44,340.6,0.6567164179104478,39,6,1,1,2,10,10,10,10
Other,254.32,89.47,1,616.4,84.0,Wrong size,True,0.9283297411486022,5.433363068199456,0.8548036240823162,1333,46,6,271.68,0.13043478260869565,0,0,5,2,1,3,0,0,3
Apparel,373.01,174.4,1,226.61,162.17,Wrong size,True,0.8916160926500254,7.079633580946125,0.9137289054287303,857,62,7,535.75,0.11290322580645161,0,0,5,3,2,0,0,0,0
Electronics,361.03,361.03,1,708.2,316.06,Changed mind,True,0.9457974389533117,7.974185068994405,0.9734546778083194,1443,56,5,1459.77,0.08928571428571429,0,0,1,4,4,0,0,0,0
Electronics,161.95,46.38,1,683.28,42.24,Wrong size,True,0.8696839051579247,9.177389325592875,0.9643416438666171,1137,66,8,173.69,0.12121212121212122,0,0,2,3,4,0,0,0,0
Home,279.54,279.54,1,301.71,241.86,Not as expected,True,0.9299004471055375,4.70135268420613,0.8748622175121036,688,50,4,519.52,0.08,0,0,1,1,1,0,0,0,0
Luxury,29.11,29.11,1,83.84,28.46,Not as expected,True,0.9981676221169743,7.9787004137242326,0.9276664128268449,1440,62,12,120.84,0.1935483870967742,0,0,2,2,1,0,0,0,0
Other,308.06,96.35,1,298.27,84.26,Wrong size,True,0.9752474940999334,7.712892570001257,0.9654140077777899,3,98,11,220.21,0.11224489795918367,8,0,2,3,1,1,1,1,1
Other,307.39,138.85,1,526.76,125.33,Wrong size,True,0.9216745086850243,5.020084463558612,0.9915161247634668,828,96,8,361.33,0.08333333333333333,0,0,3,4,1,0,0,0,0
Electronics,116.79,10.28,1,410.03,9.61,Wrong size,True,0.8476289958480683,6.988905542704331,0.9542263721050019,1465,99,7,311.24,0.0707070707070707,0,0,3,3,2,1,0,0,1
Luxury,92.04,24.32,1,533.44,22.73,Changed mind,True,0.9101130624208431,7.963014831368516,0.910633378565745,372,99,6,36.25,0.06060606060606061,0,0,1,2,1,0,0,0,0
Electronics,233.76,233.76,1,452.51,215.5,Changed mind,True,0.9182994796437469,0.7360243024714253,0.8788192609697016,888,72,6,698.97,0.08333333333333333,0,0,1,1,1,0,0,0,0
Beauty,189.02,72.7,1,386.06,65.43,Changed mind,True,0.94891539273825,3.51161816092446,0.9911708467796193,1316,76,6,358.95,0.07894736842105263,0,0,1,7,2,0,0,0,0
Luxury,245.88,91.4,1,70.04,84.77,Wrong size,True,0.486,6.5407340403562975,0.767,1406,86,8,602.72,0.09302325581395349,0,0,2,5,2,0,0,2,2
Home,425.66,425.66,1,229.59,408.74,Changed mind,True,0.8317907557204003,4.072747088575825,0.9958186798118687,389,91,3,346.97,0.03296703296703297,0,0,1,4,2,0,0,0,0
Beauty,1046.15,73.39,1,7.11,63.09,Wrong size,True,0.9304654788412231,2.9529755030461713,0.8944072880233328,6,71,11,128.63,0.15492957746478872,7,0,3,2,3,3,1,1,3
Sports,70.56,70.56,1,214.52,65.42,Not as expected,True,0.9905578990344273,5.668436952848623,0.9491601916621745,886,69,7,465.75,0.10144927536231885,0,0,3,3,1,1,0,0,1
Books,426.15,236.43,1,161.93,226.29,Not as expected,True,0.9202816692638573,9.852751538148667,0.9538361796710983,1324,54,4,361.92,0.07407407407407407,1,0,1,3,3,0,0,0,0
Other,391.94,278.17,1,401.34,234.61,Wrong size,False,0.8607265780144582,30.77,0.083,809,85,5,358.0,0.058823529411764705,0,0,4,4,2,0,0,0,0
Luxury,30.01,25.66,1,566.97,23.96,Wrong size,True,0.9945691833649628,8.967495728451237,0.9675231905925259,6,49,8,316.38,0.16326530612244897,6,0,2,3,2,0,0,0,0
Beauty,23.33,7.08,1,706.5,7.04,Wrong size,True,0.9914561531378276,4.4775077410197985,0.9427536242049629,7,81,8,475.44,0.09876543209876543,4,1,1,2,2,1,1,1,1
Luxury,114.31,43.08,1,331.35,37.86,Not as expected,True,0.8302781785110641,4.906980421289235,0.8616272283069214,132,93,10,119.4,0.10752688172043011,0,0,3,1,2,2,0,0,2
Luxury,651.79,160.68,1,630.82,145.85,Changed mind,True,0.8950485389711906,6.972574550922542,0.8606231274663215,1240,94,6,252.28,0.06382978723404255,1,0,4,2,1,1,0,0,1
Luxury,209.18,209.18,1,185.88,190.03,Not as expected,True,0.9928853218673477,7.734600410514107,0.9038283183415214,81,44,3,227.79,0.06818181818181818,0,0,4,3,2,0,0,0,0
Luxury,63.65,63.65,1,130.04,55.76,Changed mind,True,0.8606275632386221,0.3911314545287192,0.8601423342554482,209,76,7,258.59,0.09210526315789473,2,0,2,3,2,0,0,0,0
Home,249.84,42.89,1,602.65,40.52,Changed mind,True,0.9569908123646633,8.482637417370483,0.9420368464844368,6,94,16,176.45,0.1702127659574468,14,0,5,3,3,3,3,3,3
Apparel,471.05,274.05,1,54.34,238.61,Changed mind,True,0.9050301598980022,1.838512293637986,0.9526330977295389,232,61,7,334.12,0.11475409836065574,0,0,5,2,5,0,0,0,0
Luxury,209.05,25.36,1,346.33,22.57,Not as expected,True,0.8328474232119116,1.6482994999570721,0.8836835029210761,6,91,12,705.23,0.13186813186813187,9,0,1,2,1,0,0,0,0
Apparel,428.25,353.81,1,368.69,327.17,Changed mind,True,0.8235635440005219,6.589029284516609,0.864869155939483,1339,43,3,217.32,0.06976744186046512,0,0,4,4,3,0,1,0,1
Books,317.72,149.37,1,600.14,129.96,Wrong size,True,0.8084626891536557,2.7263098549398035,0.9237025750864185,1265,36,5,289.64,0.1388888888888889,0,0,2,3,1,0,0,0,0
Electronics,1016.04,1016.04,1,254.48,915.33,Wrong size,True,0.8837932041131139,9.662325296400647,0.9618329031810838,511,95,10,1177.03,0.10526315789473684,0,0,1,3,2,0,0,0,0
Beauty,74.67,29.9,1,615.07,18.04,Wrong size,False,0.9534651207212017,46.06,0.119,3,94,11,146.86,0.11702127659574468,10,0,1,3,4,3,3,3,3
Books,112.69,67.32,1,462.05,63.48,Wrong size,True,0.8417645896935729,3.2509486793112363,0.9353790855353419,1123,48,5,469.87,0.10416666666666667,0,0,3,2,1,0,0,0,0
Luxury,1177.46,123.03,1,10.16,119.32,Changed mind,True,0.8259790597709566,3.079658982484207,0.9222460660551548,7,83,12,416.34,0.14457831325301204,9,0,1,2,2,2,2,2,2
Sports,80.37,24.37,1,462.58,23.7,Not as expected,True,0.9375793484068218,3.517367106550343,0.8778744958004326,1401,94,12,274.07,0.1276595744680851,0,0,1,3,1,0,0,0,0
Electronics,138.16,138.16,1,121.16,129.87,Changed mind,True,0.9054698267702354,0.23211299808888475,0.8602004201623334,1488,97,5,229.45,0.05154639175257732,0,0,2,4,4,0,0,0,0
Other,211.61,72.87,1,152.15,66.64,Wrong size,True,0.8964504707552184,9.798714335730534,0.963482279516441,1445,65,6,321.23,0.09230769230769231,0,0,1,3,1,0,0,0,0
Beauty,122.28,69.13,1,126.07,66.12,Not as expected,True,0.8150369732389873,6.048029475692478,0.9271431161017575,594,60,10,338.04,0.16666666666666666,0,0,1,3,1,0,0,0,0
Books,60.89,24.71,1,555.71,21.91,Wrong size,True,0.8552539009500378,5.51961355055915,0.8858721767574025,194,62,8,100.35,0.12903225806451613,0,0,2,1,2,0,0,0,0
Sports,313.23,11.35,1,624.95,10.86,Changed mind,True,0.8516453363259564,7.8919026773697345,0.8682888470442757,3,35,4,465.09,0.11428571428571428,4,0,2,4,1,2,2,2,2
Beauty,113.65,28.77,1,324.67,26.51,Changed mind,True,0.9123335047968698,0.4232396519488979,0.9265601368936407,5,63,5,934.39,0.07936507936507936,5,0,1,2,3,1,2,1,2
Luxury,530.88,338.65,1,702.96,290.6,Not as expected,True,0.9235984348243803,9.89648168920492,0.9458924060129942,75,57,2,383.9,0.03508771929824561,1,0,2,3,1,0,0,0,0
Electronics,685.21,413.52,1,40.21,408.57,Changed mind,True,0.448,0.11387002364629972,0.659,184,75,7,351.55,0.09333333333333334,0,0,3,4,4,0,0,0,0
Other,48.66,48.66,1,636.16,46.63,Not as expected,True,0.8597046030276063,1.0560153965115127,0.9037004531543067,392,99,10,156.8,0.10101010101010101,0,0,1,3,2,0,0,0,0
Other,179.61,179.61,1,649.86,165.07,Not as expected,True,0.8563598344749315,4.673021058769483,0.9886962260033276,1130,90,4,670.04,0.044444444444444446,0,0,2,1,2,0,0,0,0
Sports,78.77,78.77,1,316.81,68.66,Changed mind,True,0.8838355974303734,4.978379023103052,0.9108788834436577,1478,64,8,510.85,0.125,1,0,1,2,4,0,2,0,2
Home,1309.04,101.96,1,10.59,87.0,Not as expected,True,0.8487495608562144,5.950277275545348,0.9241599855699261,3,100,16,325.07,0.16,13,0,3,6,2,2,3,2,3
Sports,158.51,28.85,1,271.94,26.7,Not as expected,True,0.873865478748241,8.825060896430202,0.9062163771448499,811,80,6,59.74,0.075,0,0,2,3,2,0,0,0,0
Apparel,323.24,180.96,1,704.87,175.27,Changed mind,True,0.9090293881966911,1.8980761617205744,0.8912514198931392,1096,34,30,119.36,0.8823529411764706,7,0,12,12,12,7,7,7,7
Other,725.16,9.81,1,90.94,9.16,Changed mind,True,0.9098219946960726,5.49750244224855,0.8539523787059744,3,56,6,479.11,0.10714285714285714,5,0,2,3,1,0,0,0,0
Electronics,75.36,75.36,1,593.05,74.92,Not as expected,True,0.9218693283846312,5.80288141939172,0.9967817783528994,182,87,5,264.84,0.05747126436781609,0,0,2,5,2,0,0,0,0
Beauty,148.15,39.22,1,678.99,33.38,Wrong size,True,0.9287373361417496,4.315591461278389,0.9537452005998305,219,77,2,261.18,0.025974025974025976,0,0,1,4,3,0,2,0,2
Electronics,177.81,177.81,1,429.44,172.7,Wrong size,True,0.9943366307120506,4.573360250145137,0.8519745486489131,3,42,4,137.11,0.09523809523809523,4,0,2,2,2,1,0,0,1
Apparel,233.62,356.92,1,21.07,317.67,Wrong size,True,0.41,3.2647289805367508,0.679,372,75,6,661.58,0.08,0,0,5,2,3,0,0,0,0
Sports,240.96,175.29,1,86.61,167.72,Wrong size,True,0.8963143550914331,1.2422218369945592,0.87040810064694,797,96,8,313.56,0.08333333333333333,0,0,3,5,1,0,1,0,1
Sports,205.19,76.89,1,237.07,72.99,Not as expected,True,0.8738697560368545,2.3315707705454845,0.9378315112096466,6,73,8,238.72,0.1095890410958904,6,0,1,3,3,0,0,0,0
Books,56.42,56.42,1,645.09,51.66,Changed mind,True,0.9420078112118716,9.97717576532263,0.8705294483037558,676,98,6,479.36,0.061224489795918366,0,0,1,7,1,0,0,0,0
Other,260.8,138.72,1,690.94,132.25,Changed mind,True,0.9844185036646376,0.2330656816906096,0.8537226068589323,927,51,9,393.64,0.17647058823529413,0,0,1,3,2,0,1,0,1
Sports,298.04,62.78,1,291.72,57.2,Wrong size,True,0.8558849067376887,2.4238129899069785,0.9672708167656877,479,65,6,2382.33,0.09230769230769231,0,0,1,2,4,0,0,0,0
Beauty,90.65,69.51,1,582.05,67.83,Changed mind,True,0.9616380216662459,1.0459741468276251,0.8746492523316356,1,72,11,810.02,0.1527777777777778,10,0,4,3,3,1,0,0,1
Beauty,51.26,23.24,1,62.85,21.04,Not as expected,True,0.8923697362146319,8.564910726786842,0.9935631996730799,7,51,4,1383.71,0.0784313725490196,4,0,2,3,3,0,0,0,0
Beauty,212.8,212.8,1,52.51,194.47,Not as expected,True,0.8982724046631454,1.1569370988249361,0.9774868686477757,3,61,7,517.53,0.11475409836065574,5,0,1,2,3,0,0,3,3
Luxury,309.86,309.86,1,358.65,269.12,Wrong size,True,0.8110371956393396,5.977574537382269,0.8531584151463558,938,25,4,143.51,0.16,0,0,1,1,4,0,0,0,0
Books,56.89,0.03,1,210.66,0.03,Changed mind,True,0.8909850653923077,4.618561452930459,0.9756116958835521,1116,78,5,393.44,0.0641025641025641,0,0,2,2,2,0,0,0,0
Electronics,173.31,173.31,1,603.45,164.52,Not as expected,True,0.8504842666390457,9.010868294623323,0.9701062266349716,7,83,12,416.34,0.14457831325301204,9,0,1,2,2,2,2,2,2
Electronics,73.11,15.21,1,3595.6778325947257,13.81,Wrong size,True,0.702,9.440818195797357,0.846,1426,48,32,158.11,0.6666666666666666,31,3,2,5,2,9,9,9,9
Other,108.41,77.89,1,521.3,66.64,Not as expected,True,0.8419193675435523,1.610696158007392,0.9314834074742242,4,69,5,492.43,0.07246376811594203,5,0,2,1,1,1,1,1,1
Luxury,222.97,57.32,1,17.44,54.32,Changed mind,True,0.567,4.271037684653512,0.797,1456,95,10,293.4,0.10526315789473684,0,0,4,2,2,0,0,0,0
Electronics,86.26,86.26,1,646.68,79.39,Changed mind,True,0.9466674496750174,9.000717729337138,0.8785014105471647,348,92,9,118.98,0.09782608695652174,1,0,1,3,2,0,0,0,0
Beauty,111.74,13.15,1,487.91,11.66,Not as expected,True,0.8749804573340326,8.472466701689145,0.9168345886005799,112,76,7,440.44,0.09210526315789473,0,0,4,2,3,0,0,1,1
Beauty,946.75,21.44,1,7.94,19.73,Wrong size,True,0.9545369376371093,6.914701971106387,0.9260875174663209,5,74,11,550.61,0.14864864864864866,8,0,5,1,1,0,0,0,0
Apparel,85.81,43.88,1,685.37,40.07,Not as expected,True,0.8779945168404157,7.408165913859174,0.9073559336379756,169,100,11,129.61,0.11,2,0,3,2,1,0,0,0,0
Home,1928.84,100.55,1,6.22,99.48,Wrong size,True,0.9584343705158682,9.195959033328553,0.9465546809385871,6,84,14,1122.99,0.16666666666666666,12,0,1,3,1,1,1,1,1
Beauty,125.89,15.17,1,284.5,14.53,Wrong size,True,0.926381612940675,8.732072072461088,0.9028286709547839,50,65,6,655.2,0.09230769230769231,2,0,2,5,3,0,0,0,0
Books,351.55,228.74,1,584.34,225.37,Changed mind,True,0.9745927952124898,5.378953350238279,0.9553114398277864,1187,94,7,626.47,0.07446808510638298,0,0,1,2,1,0,0,0,0
Apparel,76.99,19.74,1,631.23,19.34,Changed mind,True,0.9653818724353561,1.3933841868910513,0.9715185036506917,1044,37,3,90.93,0.08108108108108109,0,0,1,3,1,0,0,0,0
Beauty,332.55,332.55,1,612.12,300.21,Wrong size,True,0.9734524439407223,9.473025439337452,0.9320238708583785,1291,100,12,324.26,0.12,0,0,3,3,2,1,0,1,1
Beauty,56.8,37.51,1,325.69,32.7,Not as expected,True,0.8093842993170163,9.076575103979764,0.9715940165796596,463,22,3,293.31,0.13636363636363635,0,0,1,3,4,0,1,0,1
Apparel,123.91,101.67,1,332.69,92.1,Changed mind,True,0.9236116583672127,9.272782882147663,0.9468383725455635,938,58,5,285.81,0.08620689655172414,0,0,1,3,1,0,0,0,0
Electronics,867.38,867.38,1,267.7,755.43,Wrong size,True,0.9815053744216693,1.4566473550957448,0.8585999559057601,128,95,87,79.13,0.9157894736842105,25,0,12,12,12,7,7,7,7
Sports,209.95,31.55,1,56.98,26.93,Changed mind,True,0.9806625756305376,2.4753411644398673,0.8607025130042296,48,88,11,586.13,0.125,3,0,2,4,2,0,0,0,0
Sports,464.53,250.0,1,422.99,230.66,Wrong size,True,0.8564511701739796,5.73463556101483,0.993689959661668,501,98,8,217.76,0.08163265306122448,0,0,2,2,3,0,0,0,0
Apparel,117.65,117.65,1,298.08,108.27,Changed mind,True,0.978160424276497,7.719523814582146,0.8742422049417954,107,19,1,458.2,0.05263157894736842,0,0,2,1,3,0,0,0,0
Books,295.3,295.3,1,214.39,267.88,Changed mind,True,0.987735463169291,8.383591412453612,0.9630419961313536,314,58,3,291.18,0.05172413793103448,0,0,1,3,2,0,3,0,3
Books,181.48,72.8,1,540.51,48.91,Wrong size,False,0.881283178093787,31.71,0.068,1488,98,8,120.19,0.08163265306122448,1,0,2,3,1,0,1,0,1
Books,1983.14,124.73,1,5.01,115.33,Not as expected,True,0.8360201699537464,7.463348072110808,0.9874065178784291,0,74,8,901.82,0.10810810810810811,7,0,3,2,1,0,0,0,0
Beauty,219.97,219.97,1,376.28,187.03,Not as expected,True,0.8925818051963816,6.628858471398806,0.9466502898553744,472,33,6,1447.05,0.18181818181818182,0,0,3,2,1,0,0,0,0
Sports,115.11,100.85,1,577.18,98.34,Wrong size,True,0.8349476523971844,6.680898739189713,0.933121293220062,545,94,13,502.57,0.13829787234042554,0,0,1,3,1,0,0,0,0
Apparel,496.44,496.44,1,503.13,427.38,Wrong size,True,0.8715155772223456,2.419847775270354,0.9737217024144095,1162,68,7,165.19,0.10294117647058823,0,0,3,3,1,0,0,0,0
Books,248.97,248.97,1,546.75,211.78,Not as expected,True,0.8181416226565619,2.2024126209436745,0.9785856357253853,0,70,7,223.98,0.1,5,0,2,1,1,1,1,1,1
Books,81.59,17.41,1,718.42,14.65,Not as expected,False,0.9567435775798486,33.66,0.158,7,76,7,534.37,0.09210526315789473,5,1,3,5,1,1,1,1,1
Books,901.54,584.07,1,232.49,567.08,Not as expected,True,0.8649067708772846,8.369194615372791,0.883621054247556,4,95,11,549.89,0.11578947368421053,9,0,3,3,2,0,0,0,0
Home,270.67,201.37,1,73.9,195.71,Changed mind,True,0.8760137438034304,7.710614186671072,0.9897525908355511,772,20,3,113.29,0.15,0,0,1,3,2,0,0,1,1
Other,265.84,265.84,1,187.62,254.42,Not as expected,True,0.9731742305414408,6.764570033098866,0.8795506706108283,1476,42,3,237.04,0.07142857142857142,0,0,2,5,3,0,9,0,9
Sports,171.35,77.81,1,428.89,77.41,Not as expected,True,0.9653385511203645,6.8467271789579565,0.915620262449781,929,45,5,361.78,0.1111111111111111,0,0,2,2,2,0,0,0,0
Other,149.77,76.92,1,126.39,70.11,Changed mind,True,0.9197436653765875,7.9116279871971775,0.8543729394086789,1498,35,3,185.0,0.08571428571428572,0,0,2,4,2,0,0,1,1
Luxury,138.6,0.86,1,122.1,0.8,Changed mind,True,0.9175540858091558,3.897276144431552,0.886637898350424,3,85,7,233.09,0.08235294117647059,5,0,1,2,2,1,1,1,1
Other,107.86,15.34,1,533.66,14.58,Not as expected,True,0.8635984221285774,7.423406280943114,0.855017435771726,81,100,11,146.66,0.11,0,0,3,1,1,0,0,0,0
Luxury,1591.04,188.57,1,9.6,176.42,Not as expected,True,0.8395129706427482,4.816551640468841,0.881798225779542,3,95,11,116.74,0.11578947368421053,10,0,3,2,1,1,1,1,1
Other,802.3,271.44,1,6.73,253.6,Not as expected,True,0.971799802491215,5.014436495928099,0.8640044763407042,7,28,4,396.35,0.14285714285714285,3,0,1,7,2,0,0,0,0
Luxury,554.51,238.22,1,15.4,207.22,Not as expected,True,0.501,8.797724871350637,0.672,3,47,6,247.05,0.1276595744680851,4,0,3,1,1,1,1,1,1
Sports,670.95,241.29,1,217.36,219.46,Not as expected,True,0.997749739294358,9.11355602100638,0.9764965204194829,2,81,7,188.93,0.08641975308641975,7,0,4,3,1,3,3,3,3
Sports,117.46,52.75,1,315.2,47.81,Wrong size,True,0.8079301990941162,0.21340097272408265,0.9394511250905375,1087,89,8,119.55,0.0898876404494382,0,0,2,2,3,0,0,1,1
Sports,562.22,473.63,1,124.93,407.58,Wrong size,True,0.8186414302142625,0.2800835066498719,0.8625256714726943,967,85,8,577.4,0.09411764705882353,0,0,3,5,1,0,14,0,14
